Codice,Descrizione,Provincia,DataFineVal
401001501,ABBADIA ALPINA,TO,31/12/1983 00:00:00
403015699,ABBADIA CERRETO,MI,05/03/1992 00:00:00
403013663,ABBADIA LARIANA,CO,05/03/1992 00:00:00
403013501,ABBADIA SOPRA ADDA,CO,31/12/1983 00:00:00
420092512,ABBASANTA,CA,15/07/1974 00:00:00
450500501,ABBAZIA,FU,15/09/1947 00:00:00
403012501,ABBIATEGUAZZONE,VA,31/12/1983 00:00:00
409047001,ABETONE,PT,31/12/2016 00:00:00
404021501,ACERETO,BZ,31/12/1983 00:00:00
403014501,ACQUA,SO,31/12/1983 00:00:00
411043001,ACQUACANINA,MC,31/12/2016 00:00:00
403017501,ACQUALUNGA,BS,31/12/1983 00:00:00
403019501,ACQUALUNGA BADONA,CR,31/12/1983 00:00:00
418079506,ACQUARO,CZ,05/03/1992 00:00:00
403013502,ACQUATE,CO,31/12/1983 00:00:00
414070503,ACQUAVIVA D'ISERNIA,CB,02/03/1970 00:00:00
403015501,AFFORI,MI,31/12/1983 00:00:00
401003501,AGARO,NO,31/12/1983 00:00:00
403015502,AGLIATE,MI,31/12/1983 00:00:00
401003502,AGNELLENGO,NO,31/12/1983 00:00:00
401002501,AGNONA,VC,31/12/1983 00:00:00
414070504,AGNONE,CB,02/03/1970 00:00:00
401003503,AGRANO,NO,31/12/1983 00:00:00
403015003,AGRATE BRIANZA,MI,29/06/2009 00:00:00
404022501,AGRONE,TN,31/12/1983 00:00:00
406031501,AIBA,GO,15/09/1947 00:00:00
403015004,AICURZIO,MI,29/06/2009 00:00:00
420092513,AIDOMAGGIORE,CA,15/07/1974 00:00:00
406031502,AIDUSSINA,GO,15/09/1947 00:00:00
418078501,AIELLO IN CALABRIA,CS,31/12/1983 00:00:00
401002528,AILOCHE,VC,05/03/1992 00:00:00
403013664,AIRUNO,CO,05/03/1992 00:00:00
403013503,AIZURRO,CO,31/12/1983 00:00:00
420092514,ALBAGIARA,CA,15/07/1974 00:00:00
415061501,ALBANOVA,CE,31/12/1983 00:00:00
401004501,ALBARETTO VALLE DI MACRA,CN,31/12/1983 00:00:00
406032501,ALBARO VESCOVA,TS,31/12/1983 00:00:00
403013504,ALBATE,CO,31/12/1983 00:00:00
403016501,ALBEGNO,BG,31/12/1983 00:00:00
406032502,ALBER DI SESANA,TS,15/09/1947 00:00:00
404021502,ALBES,BZ,31/12/1983 00:00:00
403013505,ALBESE,CO,31/12/1983 00:00:00
409045501,ALBIANO MAGRA,MS,31/12/1983 00:00:00
403015006,ALBIATE,MI,29/06/2009 00:00:00
403013506,ALBOGASIO,CO,31/12/1983 00:00:00
401003504,ALBOGNO,NO,31/12/1983 00:00:00
450501501,ALBONA,PL,15/09/1947 00:00:00
403012502,ALBUSCIAGO,VA,31/12/1983 00:00:00
420092515,ALES,CA,15/07/1974 00:00:00
403019503,ALFIANO ED UNITI,CR,31/12/1983 00:00:00
420092516,ALLAI,CA,15/07/1974 00:00:00
404021503,ALLIZ,BZ,31/12/1983 00:00:00
401004502,ALMA,CN,31/12/1983 00:00:00
404022502,ALMAZZAGO,TN,31/12/1983 00:00:00
403016589,ALME' CON VILLA,BG,27/08/1951 00:00:00
403017502,ALONE,BS,31/12/1983 00:00:00
411044501,ALTETA,AP,31/12/1983 00:00:00
411044003,ALTIDONA,AP,11/07/2009 00:00:00
403016502,ALZANO MAGGIORE,BG,31/12/1983 00:00:00
403016503,ALZANO SOPRA,BG,31/12/1983 00:00:00
401003505,ALZATE CON LINDUNO,NO,31/12/1983 00:00:00
411044004,AMANDOLA,AP,11/07/2009 00:00:00
404022004,AMBLAR,TN,31/12/2015 00:00:00
404022503,ANDOGNO,TN,31/12/1983 00:00:00
401004503,ANDONNO,CN,31/12/1983 00:00:00
401002502,ANDORNO CACCIORNA,VC,31/12/1983 00:00:00
401002529,ANDORNO MICCA,VC,05/03/1992 00:00:00
406030522,ANDREIS,UD,29/02/1968 00:00:00
416072005,ANDRIA,BA,26/07/2009 00:00:00
403017503,ANFURRO,BS,31/12/1983 00:00:00
406031503,ANICOVA CORADA,GO,15/09/1947 00:00:00
403013665,ANNONE DI BRIANZA,CO,05/03/1992 00:00:00
404021504,ANTERSELVA,BZ,31/12/1983 00:00:00
450501502,ANTIGNANA,PL,15/09/1947 00:00:00
401003613,ANTRONA SCHIERANCO,NO,29/04/1992 00:00:00
401003506,ANTRONAPIANA,NO,31/12/1983 00:00:00
401003507,ANZINO,NO,31/12/1983 00:00:00
401003614,ANZOLA D'OSSOLA,NO,29/04/1992 00:00:00
407010501,APPARIZIONE,GE,31/12/1983 00:00:00
450500502,APRIANO,FU,15/09/1947 00:00:00
409045502,APUANIA,MS,31/12/1983 00:00:00
401003508,ARA,NO,31/12/1983 00:00:00
401002503,ARANCO,VC,31/12/1983 00:00:00
406030523,ARBA,UD,29/02/1968 00:00:00
403012503,ARBIZZO,VA,31/12/1983 00:00:00
420092517,ARBOREA,CA,15/07/1974 00:00:00
403015503,ARCAGNA,MI,31/12/1983 00:00:00
403015504,ARCAGNANO,MI,31/12/1983 00:00:00
403013507,ARCELLASCO,CO,31/12/1983 00:00:00
403015008,ARCORE,MI,29/06/2009 00:00:00
403012504,ARCUMEGGIA,VA,31/12/1983 00:00:00
420092518,ARDAULI,CA,15/07/1974 00:00:00
403012505,ARDENA,VA,31/12/1983 00:00:00
403019504,ARDOLE SAN MARINO,CR,31/12/1983 00:00:00
418079507,ARENA,CZ,05/03/1992 00:00:00
403018501,ARGINE PO,PV,31/12/1983 00:00:00
415061502,ARIENZO SANFELICE,CE,31/12/1983 00:00:00
413066501,ARISCHIA,AQ,31/12/1983 00:00:00
420092501,ARIXI,CA,31/12/1983 00:00:00
401003615,ARIZZANO,NO,29/04/1992 00:00:00
401003509,ARIZZANO INFERIORE,NO,31/12/1983 00:00:00
401003510,ARIZZANO SUPERIORE,NO,31/12/1983 00:00:00
403012506,ARMIO,VA,31/12/1983 00:00:00
403017504,ARMO,BS,31/12/1983 00:00:00
404022504,ARNAGO,TN,31/12/1983 00:00:00
403012507,ARNATE,VA,31/12/1983 00:00:00
401003616,AROLA,NO,29/04/1992 00:00:00
403012508,AROLO,VA,31/12/1983 00:00:00
450501503,ARSIA,PL,15/09/1947 00:00:00
401003511,ARTO,NO,31/12/1983 00:00:00
406093003,ARZENE,PN,31/12/2014 00:00:00
406030524,ARZENE,UD,29/02/1968 00:00:00
407008501,ARZENO D'ONEGLIA,IM,31/12/1983 00:00:00
403013508,ASNAGO,CO,31/12/1983 00:00:00
420092519,ASSOLO,CA,15/07/1974 00:00:00
420092520,ASUNI,CA,15/07/1974 00:00:00
415063515,ATELLA DI NAPOLI,NA,29/03/1946 00:00:00
415061503,ATELLA DI NAPOLI,CE,31/12/1983 00:00:00
411141003,AUDITORE,PU,31/12/2018 00:00:00
401003617,AURANO,NO,29/04/1992 00:00:00
406032503,AUREMO DI SOPRA,TS,15/09/1947 00:00:00
406032504,AURISINA,TS,31/12/1983 00:00:00
401003512,AUZATE,NO,31/12/1983 00:00:00
406031504,AUZZA,GO,15/09/1947 00:00:00
403017505,AVENONE,BS,31/12/1983 00:00:00
405023501,AVESA,VR,31/12/1983 00:00:00
406030525,AVIANO,UD,29/02/1968 00:00:00
401001502,AVUGLIONE E VERNONE,TO,31/12/1983 00:00:00
406030526,AZZANO DECIMO,UD,29/02/1968 00:00:00
401003618,BACENO,NO,29/04/1992 00:00:00
403013509,BAGAGGERA,CO,31/12/1983 00:00:00
403015505,BAGGIO,MI,31/12/1983 00:00:00
412056501,BAGNAIA,VT,31/12/1983 00:00:00
415062501,BAGNARA DI BENEVENTO,BN,31/12/1983 00:00:00
403019505,BAGNAROLO,CR,31/12/1983 00:00:00
401005501,BAGNASCO D'ASTI,AT,31/12/1983 00:00:00
413066502,BAGNO,AQ,31/12/1983 00:00:00
414070505,BAGNOLI DEL TRIGNO,CB,02/03/1970 00:00:00
403013510,BAIEDO,CO,31/12/1983 00:00:00
401001503,BAIO DORA,TO,31/12/1983 00:00:00
401001504,BAIRO TORRE,TO,31/12/1983 00:00:00
404022652,BALBIDO,TN,31/12/1983 00:00:00
403013666,BALLABIO,CO,05/03/1992 00:00:00
403013511,BALLABIO INFERIORE,CO,31/12/1983 00:00:00
403013512,BALLABIO SUPERIORE,CO,31/12/1983 00:00:00
403012509,BALLARATE,VA,31/12/1983 00:00:00
404022653,BALLINO,TN,31/12/1983 00:00:00
403015506,BALSAMO,MI,31/12/1983 00:00:00
404022506,BANCO,TN,31/12/1983 00:00:00
401003619,BANNIO ANZINO,NO,29/04/1992 00:00:00
420090501,BANTINE,SS,31/12/1983 00:00:00
420092521,BARADILI,CA,15/07/1974 00:00:00
403015508,BARATE,MI,31/12/1983 00:00:00
420092522,BARATILI SAN PIETRO,CA,15/07/1974 00:00:00
401001505,BARATONIA,TO,31/12/1983 00:00:00
403015509,BARBAIANA,MI,31/12/1983 00:00:00
450501504,BARBANA D'ISTRIA,PL,15/09/1947 00:00:00
403019506,BARBISELLE,CR,31/12/1983 00:00:00
404022654,BARCESINO,TN,31/12/1983 00:00:00
411041004,BARCHI,PS,31/12/1998 00:00:00
411141004,BARCHI,PU,31/12/2016 00:00:00
406030527,BARCIS,UD,29/02/1968 00:00:00
403017506,BARCO,BS,31/12/1983 00:00:00
403013513,BARCONE,CO,31/12/1983 00:00:00
401001506,BARDASSANO,TO,31/12/1983 00:00:00
407009501,BARDINO NUOVO,SV,31/12/1983 00:00:00
407009502,BARDINO VECCHIO,SV,31/12/1983 00:00:00
403016504,BARESI,BG,31/12/1983 00:00:00
420092523,BARESSA,CA,15/07/1974 00:00:00
403015510,BARGANO,MI,31/12/1983 00:00:00
403015013,BARLASSINA,MI,29/06/2009 00:00:00
416072007,BARLETTA,BA,26/07/2009 00:00:00
403018502,BARONA,PV,31/12/1983 00:00:00
415063501,BARRA,NA,31/12/1983 00:00:00
403013514,BARTESATE,CO,31/12/1983 00:00:00
403012510,BARZA,VA,31/12/1983 00:00:00
403013667,BARZAGO,CO,05/03/1992 00:00:00
403019507,BARZANIGA,CR,31/12/1983 00:00:00
403013668,BARZANO',CO,05/03/1992 00:00:00
403013669,BARZIO,CO,05/03/1992 00:00:00
403016505,BARZIZZA,BG,31/12/1983 00:00:00
403012511,BARZOLA,VA,31/12/1983 00:00:00
404022507,BASELGA DI VEZZANO,TN,31/12/1983 00:00:00
403018503,BASELICA BOLOGNA,PV,31/12/1983 00:00:00
403018010,BASTIDA DE' DOSSI,PV,03/02/2014 00:00:00
406031505,BATTAGLIA DELLA BAINSIZZA,GO,15/09/1947 00:00:00
420092524,BAULADU,CA,15/07/1974 00:00:00
419083501,BAUSO,ME,31/12/1983 00:00:00
407010502,BAVARI,GE,31/12/1983 00:00:00
401003620,BAVENO,NO,29/04/1992 00:00:00
408037004,BAZZANO,BO,31/12/2013 00:00:00
401001507,BEAULARD,TO,31/12/1983 00:00:00
401003621,BEE,NO,29/04/1992 00:00:00
403017507,BEL PRATO,BS,31/12/1983 00:00:00
401003622,BELGIRATE,NO,29/04/1992 00:00:00
403013019,BELLAGIO,CO,03/02/2014 00:00:00
403013670,BELLANO,CO,05/03/1992 00:00:00
408040506,BELLARIA-IGEA MARINA,FO,15/04/1992 00:00:00
403013515,BELLEDO,CO,31/12/1983 00:00:00
415064501,BELLIZZI IRPINO,AV,31/12/1983 00:00:00
405029501,BELLOMBRA,RO,31/12/1983 00:00:00
405023502,BELLUNO VERONESE,VR,31/12/1983 00:00:00
403015017,BELLUSCO,MI,29/06/2009 00:00:00
414070506,BELMONTE DEL SANNIO,CB,02/03/1970 00:00:00
411044008,BELMONTE PICENO,AP,11/07/2009 00:00:00
403018504,BELVEDERE AL PO,PV,31/12/1983 00:00:00
418079508,BELVEDERE DI SPINELLO,CZ,05/03/1992 00:00:00
401002530,BENNA,VC,05/03/1992 00:00:00
450500503,BERDO SAN GIOVANNI,FU,15/09/1947 00:00:00
406031506,BERGOGNA,GO,15/09/1947 00:00:00
403013516,BERNAGA,CO,31/12/1983 00:00:00
403015018,BERNAREGGIO,MI,29/06/2009 00:00:00
403013517,BERNATE ROSALES,CO,31/12/1983 00:00:00
401004504,BERSEZIO,CN,31/12/1983 00:00:00
404022012,BERSONE,TN,31/12/2014 00:00:00
403015700,BERTONICO,MI,05/03/1992 00:00:00
403015021,BESANA IN BRIANZA,MI,29/06/2009 00:00:00
404022508,BESENO,TN,31/12/1983 00:00:00
450500504,BESERZIO DEL CARNARO,FU,15/09/1947 00:00:00
407008502,BESTAGNO,IM,31/12/1983 00:00:00
403015511,BESTAZZO,MI,31/12/1983 00:00:00
403019508,BETTENESCO,CR,31/12/1983 00:00:00
401003513,BEURA,NO,31/12/1983 00:00:00
401003623,BEURA-CARDEZZA,NO,29/04/1992 00:00:00
405023503,BEVILACQUA BOSCHI,VR,31/12/1983 00:00:00
404022014,BEZZECCA,TN,31/12/2009 00:00:00
404022509,BIACESA,TN,31/12/1983 00:00:00
403015023,BIASSONO,MI,29/06/2009 00:00:00
420092525,BIDONI',CA,15/07/1974 00:00:00
403012512,BIEGNO,VA,31/12/1983 00:00:00
401002531,BIELLA,VC,05/03/1992 00:00:00
403015512,BIENATE,MI,31/12/1983 00:00:00
401003514,BIENO,NO,31/12/1983 00:00:00
407009503,BIESTRO,SV,31/12/1983 00:00:00
406031507,BIGLIA,GO,15/09/1947 00:00:00
406031508,BIGLIANA,GO,31/12/1983 00:00:00
403013518,BIGLIO,CO,31/12/1983 00:00:00
403019509,BINANUOVA,CR,31/12/1983 00:00:00
403013519,BINDO,CO,31/12/1983 00:00:00
403015513,BINZAGO,MI,31/12/1983 00:00:00
401002532,BIOGLIO,VC,05/03/1992 00:00:00
403015514,BIRAGO,MI,31/12/1983 00:00:00
416072009,BISCEGLIE,BA,26/07/2009 00:00:00
403015515,BISENTRATE,MI,31/12/1983 00:00:00
401006501,BISIO,AL,31/12/1983 00:00:00
450500505,BISTERZA,FU,15/09/1947 00:00:00
403012513,BIZZOZERO,VA,31/12/1983 00:00:00
404022510,BLEGGIO,TN,31/12/1983 00:00:00
404022016,BLEGGIO INFERIORE,TN,31/12/2009 00:00:00
405029502,BOARA POLESINE,RO,31/12/1983 00:00:00
403012514,BOBBIATE,VA,31/12/1983 00:00:00
410054501,BOCCHIGNANO,PG,31/12/1983 00:00:00
408034501,BOCCOLO DEI TASSI,PR,31/12/1983 00:00:00
403012515,BODIO,VA,31/12/1983 00:00:00
403015701,BOFFALORA D'ADDA,MI,05/03/1992 00:00:00
403014502,BOFFETTO,SO,31/12/1983 00:00:00
407010503,BOGLIASCO PIEVE,GE,31/12/1983 00:00:00
450501505,BOGLIUNO,PL,15/09/1947 00:00:00
401003624,BOGNANCO,NO,29/04/1992 00:00:00
401003515,BOGNANCO DENTRO,NO,31/12/1983 00:00:00
401003516,BOGNANCO FUORI,NO,31/12/1983 00:00:00
403012516,BOGNO,VA,31/12/1983 00:00:00
404022019,BOLBENO,TN,31/12/2015 00:00:00
403015516,BOLDINASCO,MI,31/12/1983 00:00:00
404022511,BOLENTINA,TN,31/12/1983 00:00:00
401003517,BOLETO,NO,31/12/1983 00:00:00
403015517,BOLGIANO,MI,31/12/1983 00:00:00
403015518,BOLLADELLO,MI,31/12/1983 00:00:00
404022512,BOLLONE,TN,31/12/1983 00:00:00
407010504,BOLZANETO,GE,31/12/1983 00:00:00
420092526,BONARCADO,CA,15/07/1974 00:00:00
403016506,BONDIONE,BG,31/12/1983 00:00:00
404022020,BONDO,TN,31/12/2015 00:00:00
404022505,BONDO BREGUZZO,TN,31/12/1983 00:00:00
403016507,BONDO PETELLO,BG,31/12/1983 00:00:00
404022655,BONDONE-STORO,TN,31/12/1983 00:00:00
403015519,BONIROLA,MI,31/12/1983 00:00:00
404022656,BONO,TN,31/12/1983 00:00:00
401001508,BONZO,TO,31/12/1983 00:00:00
403016508,BORDOGNA,BG,31/12/1983 00:00:00
404022513,BORGHETTO,TN,31/12/1983 00:00:00
403015702,BORGHETTO LODIGIANO,MI,05/03/1992 00:00:00
407008503,BORGHETTO SAN NICOLO',IM,31/12/1983 00:00:00
407009504,BORGIO,SV,31/12/1983 00:00:00
408037501,BORGO PANIGALE,BO,31/12/1983 00:00:00
408033501,BORGO SAN BERNARDINO,PC,31/12/1983 00:00:00
403015703,BORGO SAN GIOVANNI,MI,05/03/1992 00:00:00
407008504,BORGO SANT'AGATA,IM,31/12/1983 00:00:00
403020005,BORGOFORTE,MN,03/02/2014 00:00:00
403017508,BORGONATO,BS,31/12/1983 00:00:00
401003518,BORGONE D'OSSOLA,NO,31/12/1983 00:00:00
403016509,BORGOUNITO,BG,31/12/1983 00:00:00
406031509,BORIANO,GO,15/09/1947 00:00:00
403015520,BORNAGO,MI,31/12/1983 00:00:00
401002504,BORNATE,VC,31/12/1983 00:00:00
403017509,BORNATO,BS,31/12/1983 00:00:00
420092527,BORONEDDU,CA,15/07/1974 00:00:00
401002533,BORRIANA,VC,05/03/1992 00:00:00
403015521,BORSANO,MI,31/12/1983 00:00:00
405029503,BORSEA,RO,31/12/1983 00:00:00
404022514,BORZAGO,TN,31/12/1983 00:00:00
407010505,BORZOLI,GE,31/12/1983 00:00:00
403012517,BOSCO VALTRAVAGLIA,VA,31/12/1983 00:00:00
407008505,BOSCOMARE,IM,31/12/1983 00:00:00
404022023,BOSENTINO,TN,31/12/2015 00:00:00
403013671,BOSISIO PARINI,CO,05/03/1992 00:00:00
403019510,BOTTAIANO,CR,31/12/1983 00:00:00
403018505,BOTTARONE,PV,31/12/1983 00:00:00
403015522,BOTTEDO,MI,31/12/1983 00:00:00
403017510,BOTTICINO MATTINA,BS,31/12/1983 00:00:00
403017511,BOTTICINO SERA,BS,31/12/1983 00:00:00
405029504,BOTTRIGHE,RO,31/12/1983 00:00:00
401001509,BOUSSON,TO,31/12/1983 00:00:00
401001510,BOVILE,TO,31/12/1983 00:00:00
412058121,BOVILLE,RM,15/09/1995 00:00:00
403015030,BOVISIO-MASCIAGO,MI,29/06/2009 00:00:00
404022515,BOZZANA,TN,31/12/1983 00:00:00
403016510,BRACCA DI COSTA SERINA,BG,31/12/1983 00:00:00
403019511,BRANCERE,CR,31/12/1983 00:00:00
404022657,BRANCOLINO,TN,31/12/1983 00:00:00
403018506,BRANDUZZO,PV,31/12/1983 00:00:00
406031510,BRAZZANO,GO,31/12/1983 00:00:00
403013520,BRECCIA,CO,31/12/1983 00:00:00
403019512,BREDA GUAZZONE,CR,31/12/1983 00:00:00
403013521,BREGLIA,CO,31/12/1983 00:00:00
404022024,BREGUZZO,TN,31/12/2015 00:00:00
403016511,BREMBATE DI SOTTO,BG,31/12/1983 00:00:00
403016039,BREMBILLA,BG,03/02/2014 00:00:00
403015704,BREMBIO,MI,05/03/1992 00:00:00
403013522,BRENNO DELLA TORRE,CO,31/12/1983 00:00:00
403012518,BRENNO USERIA,VA,31/12/1983 00:00:00
405023504,BRENTINO,VR,31/12/1983 00:00:00
405023014,BRENZONE,VR,21/02/2014 00:00:00
405023505,BREONIO,VR,31/12/1983 00:00:00
406031511,BRESTOVIZZA IN VALLE,GO,31/12/1983 00:00:00
406031512,BRETTO,GO,15/09/1947 00:00:00
403013523,BRIANZOLA,CO,31/12/1983 00:00:00
418079509,BRIATICO,CZ,05/03/1992 00:00:00
403015523,BRIAVACCA,MI,31/12/1983 00:00:00
401004505,BRIGA MARITTIMA,CN,31/12/1983 00:00:00
401006502,BRIGNANO DEL CURONE,AL,31/12/1983 00:00:00
404022028,BRIONE,TN,31/12/2015 00:00:00
450501506,BRIONI MAGGIORE,PL,15/09/1947 00:00:00
403015033,BRIOSCO,MI,29/06/2009 00:00:00
401003519,BRISINO,NO,31/12/1983 00:00:00
403012519,BRISSAGO,VA,31/12/1983 00:00:00
403013672,BRIVIO,CO,05/03/1992 00:00:00
418079510,BROGNATURO,CZ,05/03/1992 00:00:00
403019513,BROLPASINO,CR,31/12/1983 00:00:00
401003520,BROVELLO,NO,31/12/1983 00:00:00
401003625,BROVELLO-CARPUGNINO,NO,29/04/1992 00:00:00
407009505,BROVIDA,SV,31/12/1983 00:00:00
409048501,BROZZI,FI,31/12/1983 00:00:00
403017512,BROZZO,BS,31/12/1983 00:00:00
403015034,BRUGHERIO,MI,29/06/2009 00:00:00
406030528,BRUGNERA,UD,29/02/1968 00:00:00
403016513,BRUNTINO,BG,30/06/1927 00:00:00
401006503,BRUSASCHETTO,AL,31/12/1983 00:00:00
401001511,BRUSASCO CAVAGNOLO,TO,31/12/1983 00:00:00
404022658,BRUSINO,TN,31/12/1983 00:00:00
401002534,BRUSNENGO,VC,05/03/1992 00:00:00
403015524,BRUSUGLIO,MI,31/12/1983 00:00:00
403015525,BRUZZANO DEI DUE BORGHI,MI,31/12/1983 00:00:00
403013524,BUCCINIGO,CO,31/12/1983 00:00:00
406032505,BUCUIE,TS,15/09/1947 00:00:00
406031513,BUDAGNE,GO,15/09/1947 00:00:00
406030529,BUDOIA,UD,29/02/1968 00:00:00
403013525,BUGGIOLO,CO,31/12/1983 00:00:00
403013526,BUGIALLO,CO,31/12/1983 00:00:00
401003522,BUGNATE,NO,31/12/1983 00:00:00
450501507,BUIE D'ISTRIA,PL,03/04/1977 00:00:00
403013673,BULCIAGO,CO,05/03/1992 00:00:00
403013527,BULGORELLO,CO,31/12/1983 00:00:00
403015037,BURAGO DI MOLGORA,MI,29/06/2009 00:00:00
403017513,BURAGO RIVIERA,BS,31/12/1983 00:00:00
405027501,BURANO,VE,18/02/1924 00:00:00
404021505,BURGUSIO,BZ,31/12/1983 00:00:00
420092528,BUSACHI,CA,15/07/1974 00:00:00
408035007,BUSANA,RE,31/12/2015 00:00:00
403015039,BUSNAGO,MI,17/12/2009 00:00:00
405029505,BUSO SARZANO,RO,31/12/1983 00:00:00
407008506,BUSSANA,IM,31/12/1983 00:00:00
401001512,BUSSOLINO GASSINESE,TO,31/12/1983 00:00:00
403015526,BUSTIGHERA,MI,31/12/1983 00:00:00
403018507,BUTTIRAGO,PV,31/12/1983 00:00:00
401003523,BUTTOGNO,NO,31/12/1983 00:00:00
403019514,CA' DE' BONAVOGLI,CR,31/12/1983 00:00:00
403019515,CA' DE' CAGGI,CR,31/12/1983 00:00:00
403019516,CA' DE' CORTI,CR,31/12/1983 00:00:00
403015529,CA' DE' MAZZI,MI,31/12/1983 00:00:00
403019517,CA' DE' QUINZANI,CR,31/12/1983 00:00:00
403019518,CA' DE' SFONDRATI,CR,31/12/1983 00:00:00
403019519,CA' DE' SORESINI,CR,31/12/1983 00:00:00
403019520,CA' DE' STAOLI,CR,31/12/1983 00:00:00
403019521,CA' DE' STEFANI,CR,31/12/1983 00:00:00
403018509,CA' DE' TEDIOLI,PV,31/12/1983 00:00:00
403015530,CA' DE' ZECCHI,MI,31/12/1983 00:00:00
403015527,CA' DEI BOLLI,MI,31/12/1983 00:00:00
403018508,CA' DELLA TERRA,PV,31/12/1983 00:00:00
403015528,CA' DELL'ACQUA,MI,31/12/1983 00:00:00
405023506,CA' DI DAVID,VR,31/12/1983 00:00:00
405029506,CA' EMO,RO,31/12/1983 00:00:00
406031518,CA' SANTO SPIRITO DELLA BAINSIZZA,GO,15/09/1947 00:00:00
420092529,CABRAS,CA,15/07/1974 00:00:00
418079511,CACCURI,CZ,05/03/1992 00:00:00
401003524,CADDO,NO,31/12/1983 00:00:00
403012520,CADEGLIANO,VA,31/12/1983 00:00:00
403012521,CADERO CON GRAGLIO,VA,31/12/1983 00:00:00
404022029,CADERZONE,TN,14/10/2008 00:00:00
403017515,CADIGNANO,BS,31/12/1983 00:00:00
404022516,CADINE,TN,31/12/1983 00:00:00
403013528,CAGLIANO,CO,31/12/1983 00:00:00
407009506,CAGNA,SV,31/12/1983 00:00:00
403012522,CAIDATE,VA,31/12/1983 00:00:00
403018510,CAIRO LOMELLINO,PV,31/12/1983 00:00:00
403015531,CAJELLO,MI,31/12/1983 00:00:00
403017516,CAJONVICO,BS,31/12/1983 00:00:00
406031514,CAL DI CANALE,GO,15/09/1947 00:00:00
401003626,CALASCA-CASTIGLIONE,NO,29/04/1992 00:00:00
419081003,CALATAFIMI,TP,19/09/1999 00:00:00
404022031,CALAVINO,TN,31/12/2015 00:00:00
403013674,CALCO,CO,05/03/1992 00:00:00
403016514,CALEPIO,BG,31/12/1983 00:00:00
401003525,CALICE OSSOLANO,NO,31/12/1983 00:00:00
403018511,CALIGNANO,PV,31/12/1983 00:00:00
403017517,CALINO,BS,31/12/1983 00:00:00
401002535,CALLABIANA,VC,05/03/1992 00:00:00
403015532,CALO',MI,31/12/1983 00:00:00
401003526,CALOGNA,NO,31/12/1983 00:00:00
403016515,CALOLZIO,BG,31/12/1983 00:00:00
403016590,CALOLZIOCORTE,BG,05/03/1992 00:00:00
419083502,CALVARUSO,ME,31/12/1983 00:00:00
415062502,CALVI SAN NAZZARO,BN,31/12/1983 00:00:00
407009507,CALVISIO,SV,31/12/1983 00:00:00
401001513,CAMAGNA DI TORINO,TO,31/12/1983 00:00:00
403015705,CAMAIRAGO,MI,05/03/1992 00:00:00
401002536,CAMANDONA,VC,05/03/1992 00:00:00
413066503,CAMARDA,AQ,31/12/1983 00:00:00
401002505,CAMASCO,VC,31/12/1983 00:00:00
401003627,CAMBIASCA,NO,29/04/1992 00:00:00
403018512,CAMBIO',PV,31/12/1983 00:00:00
401002537,CAMBURZANO,VC,05/03/1992 00:00:00
403013529,CAMERLATA,CO,31/12/1983 00:00:00
406031517,CAMIGNA,GO,15/09/1947 00:00:00
403017518,CAMIGNONE,BS,31/12/1983 00:00:00
404021506,CAMINATA IN TURES,BZ,31/12/1983 00:00:00
403013531,CAMNAGO FALOPPIA,CO,31/12/1983 00:00:00
403013530,CAMNAGO VOLTA,CO,31/12/1983 00:00:00
403012523,CAMPAGNANO VEDASCA,VA,31/12/1983 00:00:00
403015045,CAMPARADA,MI,29/06/2009 00:00:00
401003527,CAMPELLO MONTI,NO,31/12/1983 00:00:00
401002538,CAMPIGLIA CERVO,VC,05/03/1992 00:00:00
401096011,CAMPIGLIA CERVO,BI,31/12/2015 00:00:00
404022517,CAMPO,TN,31/12/1983 00:00:00
401001514,CAMPO CANAVESE,TO,31/12/1983 00:00:00
403018514,CAMPO RINALDO,PV,31/12/1983 00:00:00
407009508,CAMPOCHIESA,SV,31/12/1983 00:00:00
411044009,CAMPOFILONE,AP,11/07/2009 00:00:00
406030017,CAMPOLONGO AL TORRE,UD,31/12/2008 00:00:00
403015533,CAMPOLUNGO,MI,31/12/1983 00:00:00
403018513,CAMPOMORTO,PV,31/12/1983 00:00:00
406030501,CAMPOROSSO IN VALCANALE,UD,31/12/1983 00:00:00
403018515,CAMPOSPINOSO ALBAREDO,PV,31/12/1983 00:00:00
403017514,CAMPOVERDE,BS,31/12/1983 00:00:00
403014503,CAMPOVICO,SO,31/12/1983 00:00:00
404022659,CANALE,TN,31/12/1983 00:00:00
406031515,CANALE D'ISONZO,GO,15/09/1947 00:00:00
407008507,CANDEASCO,IM,31/12/1983 00:00:00
411041501,CANDELARA,PS,31/12/1983 00:00:00
401002539,CANDELO,VC,05/03/1992 00:00:00
407010506,CANEPA,GE,31/12/1983 00:00:00
406030530,CANEVA,UD,29/02/1968 00:00:00
404022518,CANEZZA,TN,31/12/1983 00:00:00
450501508,CANFANARO,PL,15/09/1947 00:00:00
401003628,CANNERO RIVIERA,NO,29/04/1992 00:00:00
416072501,CANNETO DI BARI,BA,31/12/1983 00:00:00
418080501,CANNITELLO,RC,31/12/1983 00:00:00
401003629,CANNOBIO,NO,29/04/1992 00:00:00
416072013,CANOSA DI PUGLIA,BA,26/07/2009 00:00:00
403019522,CANOVA DEL MORBASCO,CR,31/12/1983 00:00:00
403019523,CANOVA OLZANO,CR,31/12/1983 00:00:00
403019524,CANSERO,CR,31/12/1983 00:00:00
409048509,CANTAGALLO,FI,26/03/1992 00:00:00
414070507,CANTALUPO NEL SANNIO,CB,02/03/1970 00:00:00
403015534,CANTONALE,MI,31/12/1983 00:00:00
403013532,CAPIAGO,CO,31/12/1983 00:00:00
403013533,CAPIATE,CO,31/12/1983 00:00:00
418079512,CAPISTRANO,CZ,05/03/1992 00:00:00
415065501,CAPITELLO,SA,31/12/1983 00:00:00
410054502,CAPITONE,PG,31/12/1983 00:00:00
450501509,CAPODISTRIA,PL,03/04/1977 00:00:00
403012524,CAPOLAGO,VA,31/12/1983 00:00:00
403015047,CAPONAGO,MI,17/12/2009 00:00:00
406031516,CAPORETTO,GO,15/09/1947 00:00:00
414070508,CAPRACOTTA,CB,02/03/1970 00:00:00
411044502,CAPRADOSSO,AP,31/12/1983 00:00:00
401003630,CAPREZZO,NO,29/04/1992 00:00:00
403015535,CAPRIANO DI BRIANZA,MI,31/12/1983 00:00:00
403017519,CAPRIANO-AZZANO,BS,31/12/1983 00:00:00
403016516,CAPRIATE D'ADDA,BG,31/12/1983 00:00:00
401002540,CAPRILE,VC,05/03/1992 00:00:00
406032507,CAPRIVA DEL CARSO,TS,15/09/1947 00:00:00
403012525,CAPRONNO,VA,31/12/1983 00:00:00
407008508,CARAMAGNA LIGURE,IM,31/12/1983 00:00:00
403015048,CARATE BRIANZA,MI,29/06/2009 00:00:00
403013534,CARATE LARIO,CO,31/12/1983 00:00:00
416072502,CARBONARA DI BARI,BA,31/12/1983 00:00:00
419086501,CARCACI,EN,31/12/1983 00:00:00
403013535,CARCANO,CO,31/12/1983 00:00:00
404022519,CARCIATO,TN,31/12/1983 00:00:00
403017520,CARCINA,BS,31/12/1983 00:00:00
403012526,CARDANA,VA,31/12/1983 00:00:00
401003528,CARDEZZA,NO,31/12/1983 00:00:00
403013536,CARELLA CON MARIAGA,CO,31/12/1983 00:00:00
403016591,CARENNO,BG,05/03/1992 00:00:00
403013537,CARENO,CO,31/12/1983 00:00:00
404022660,CARES,TN,31/12/1983 00:00:00
401006504,CAREZZANO SUPERIORE,AL,31/12/1983 00:00:00
418079513,CARFIZZI,CZ,05/03/1992 00:00:00
401003529,CARGIAGO,NO,31/12/1983 00:00:00
418080502,CARIDA',RC,31/12/1983 00:00:00
403013538,CARLAZZO VALSOLDA,CO,31/12/1983 00:00:00
409048510,CARMIGNANO,FI,26/03/1992 00:00:00
410055501,CARNAIOLA,TR,31/12/1983 00:00:00
403015049,CARNATE,MI,29/06/2009 00:00:00
403016517,CAROBBIO,BG,31/12/1983 00:00:00
403012527,CARONNO CORBELLARO,VA,31/12/1983 00:00:00
414070509,CAROVILLI,CB,02/03/1970 00:00:00
403019525,CARPANETA CON DOSIMO,CR,31/12/1983 00:00:00
407009509,CARPE,SV,31/12/1983 00:00:00
403018516,CARPIGNAGO,PV,31/12/1983 00:00:00
414070510,CARPINONE,CB,02/03/1970 00:00:00
401003530,CARPUGNINO,NO,31/12/1983 00:00:00
405028501,CARRARA SAN GIORGIO,PD,23/03/1995 00:00:00
405028502,CARRARA SANTO STEFANO,PD,23/03/1995 00:00:00
407009510,CARRETTO,SV,31/12/1983 00:00:00
407008509,CARTARI E CALDERARA,IM,31/12/1983 00:00:00
403019526,CARUBERTO,CR,31/12/1983 00:00:00
403013539,CARUGO AROSIO,CO,31/12/1983 00:00:00
403017521,CARZAGO DELLA RIVIERA,BS,31/12/1983 00:00:00
418079514,CASABONA,CZ,05/03/1992 00:00:00
415061504,CASALBA,CE,31/12/1983 00:00:00
401003631,CASALE CORTE CERRO,NO,29/04/1992 00:00:00
403019527,CASALE CREMASCO,CR,31/12/1983 00:00:00
401003531,CASALEGGIO CASTELLAZZO,NO,31/12/1983 00:00:00
403015706,CASALETTO LODIGIANO,MI,05/03/1992 00:00:00
403015707,CASALMAIOCCO,MI,05/03/1992 00:00:00
403019528,CASALORZO GEROLDI,CR,31/12/1983 00:00:00
403020501,CASALPOGLIO,MN,31/12/1983 00:00:00
403015708,CASALPUSTERLENGO,MI,05/03/1992 00:00:00
403019529,CASALSIGONE,CR,31/12/1983 00:00:00
403019631,CASANOVA DEL MORBASCO,CR,31/12/1983 00:00:00
403013540,CASANOVA LANZA,CO,31/12/1983 00:00:00
403019530,CASANUOVA OFFREDI,CR,31/12/1983 00:00:00
401002541,CASAPINTA,VC,05/03/1992 00:00:00
403013675,CASARGO,CO,05/03/1992 00:00:00
406030531,CASARSA DELLA DELIZIA,UD,29/02/1968 00:00:00
403013676,CASATENOVO,CO,05/03/1992 00:00:00
403018517,CASATICO,PV,31/12/1983 00:00:00
409050007,CASCIANA TERME,PI,31/12/2013 00:00:00
403019531,CASCINE,CR,31/12/1983 00:00:00
401002506,CASCINE DI STRA,VC,31/12/1983 00:00:00
403019532,CASCINE GANDINI,CR,31/12/1983 00:00:00
403015536,CASELLE D'OZERO,MI,31/12/1983 00:00:00
403015709,CASELLE LANDI,MI,05/03/1992 00:00:00
403015710,CASELLE LURANI,MI,05/03/1992 00:00:00
404022520,CASEZ,TN,31/12/1983 00:00:00
403013541,CASIRAGO,CO,31/12/1983 00:00:00
403015537,CASIRATE OLONA,MI,31/12/1983 00:00:00
403013542,CASLETTO,CO,31/12/1983 00:00:00
403013543,CASLINO AL PIANO,CO,31/12/1983 00:00:00
403013544,CASNATE,CO,31/12/1983 00:00:00
403015538,CASOLATE,MI,31/12/1983 00:00:00
418078028,CASOLE BRUZIO,CS,04/05/2017 00:00:00
403015539,CASONE,MI,31/12/1983 00:00:00
405024501,CASOTTO,VI,31/12/1983 00:00:00
403013545,CASSAGO,CO,31/12/1983 00:00:00
403013677,CASSAGO BRIANZA,CO,05/03/1992 00:00:00
403013546,CASSANO ALBESE,CO,31/12/1983 00:00:00
403015540,CASSINA ALIPRANDI,MI,31/12/1983 00:00:00
403015541,CASSINA AMATA,MI,31/12/1983 00:00:00
403015542,CASSINA BARAGGIA,MI,31/12/1983 00:00:00
403013547,CASSINA DE' BRACCHI,CO,31/12/1983 00:00:00
403015543,CASSINA DE' GATTI,MI,31/12/1983 00:00:00
403012528,CASSINA FERRARA,VA,31/12/1983 00:00:00
403013548,CASSINA MARIAGA,CO,31/12/1983 00:00:00
403015544,CASSINA NUOVA,MI,31/12/1983 00:00:00
403012529,CASSINA PERTUSELLA,VA,31/12/1983 00:00:00
403015545,CASSINA POBBIA,MI,31/12/1983 00:00:00
403015546,CASSINA SAVINA,MI,31/12/1983 00:00:00
403015547,CASSINA TRIULZA,MI,31/12/1983 00:00:00
403013678,CASSINA VALSASSINA,CO,05/03/1992 00:00:00
403012530,CASSINA VERGHERA,VA,31/12/1983 00:00:00
403018518,CASSINE CALDERARI,PV,31/12/1983 00:00:00
403018519,CASSINE SIRIGARI,PV,31/12/1983 00:00:00
403018520,CASSINE TOLENTINE,PV,31/12/1983 00:00:00
403015548,CASSINO D'ALBERI,MI,31/12/1983 00:00:00
403018521,CASSINO PO,PV,31/12/1983 00:00:00
418079501,CASTAGNA,CZ,31/12/1983 00:00:00
403012531,CASTAGNATE OLONA,VA,31/12/1983 00:00:00
404022521,CASTAGNE',TN,31/12/1983 00:00:00
403015549,CASTEGNATE OLONA,MI,31/12/1983 00:00:00
412056502,CASTEL CELLESI,VT,31/12/1983 00:00:00
411042009,CASTEL COLONNA,AN,31/12/2013 00:00:00
401006505,CASTEL DE' RATTI,AL,31/12/1983 00:00:00
414070511,CASTEL DEL GIUDICE,CB,02/03/1970 00:00:00
406030502,CASTEL DEL MONTE UDINESE,UD,31/12/1983 00:00:00
411044503,CASTEL DI CROCE,AP,31/12/1983 00:00:00
410055502,CASTEL DI LAGO,TR,31/12/1983 00:00:00
406031519,CASTEL DOBRA,GO,31/12/1983 00:00:00
450500506,CASTEL IABLANIZZA,FU,15/09/1947 00:00:00
403018522,CASTEL LAMBRO,PV,31/12/1983 00:00:00
415065502,CASTEL RUGGERO,SA,31/12/1983 00:00:00
412057501,CASTEL SAN BENEDETTO REATINO,RI,31/12/1983 00:00:00
410054503,CASTEL SAN FELICE,PG,31/12/1983 00:00:00
410054504,CASTEL SAN GIOVANNI DI SPOLETO,PG,31/12/1983 00:00:00
401006506,CASTEL SAN PIETRO MONFERRATO,AL,31/12/1983 00:00:00
414070512,CASTEL SAN VINCENZO,CB,02/03/1970 00:00:00
404021507,CASTELBELLO,BZ,31/12/1983 00:00:00
404021508,CASTELDARNE,BZ,31/12/1983 00:00:00
411041011,CASTELDELCI,PS,31/12/1998 00:00:00
411141011,CASTELDELCI,PU,14/08/2009 00:00:00
411041502,CASTELDIMEZZO,PS,31/12/1983 00:00:00
409051009,CASTELFRANCO DI SOPRA,AR,31/12/2013 00:00:00
403019533,CASTELFRANCO D'OGLIO,CR,31/12/1983 00:00:00
413068501,CASTELLAMMARE ADRIATICO,PE,31/12/1983 00:00:00
404022522,CASTELLANO,TN,31/12/1983 00:00:00
403018523,CASTELLARO DE' GIORGI,PV,31/12/1983 00:00:00
405025009,CASTELLAVAZZO,BL,21/02/2014 00:00:00
403015550,CASTELLAZZO DE' BARZI,MI,31/12/1983 00:00:00
401002507,CASTELLENGO,VC,31/12/1983 00:00:00
401002542,CASTELLETTO CERVO,VC,05/03/1992 00:00:00
403015551,CASTELLETTO MENDOSIO,MI,31/12/1983 00:00:00
401004506,CASTELLETTO MONFORTE,CN,31/12/1983 00:00:00
403018524,CASTELLETTO PO,PV,31/12/1983 00:00:00
401002508,CASTELLETTO VILLA,VC,31/12/1983 00:00:00
401003532,CASTELLI CUSIANI,NO,31/12/1983 00:00:00
401004051,CASTELLINALDO,CN,29/01/2015 00:00:00
404022523,CASTELLO,TN,31/12/1983 00:00:00
403013679,CASTELLO DI BRIANZA,CO,05/03/1992 00:00:00
408037018,CASTELLO DI SERRAVALLE,BO,31/12/2013 00:00:00
403013550,CASTELLO SOPRA LECCO,CO,31/12/1983 00:00:00
403013549,CASTELLO VALSOLDA,CO,31/12/1983 00:00:00
414070501,CASTELLONE AL VOLTURNO,CB,31/12/1983 00:00:00
412059501,CASTELLONORATO,LT,31/12/1983 00:00:00
417076501,CASTELLUCCIO,PZ,31/12/1983 00:00:00
403012532,CASTELNOVATE,VA,31/12/1983 00:00:00
406030532,CASTELNOVO DEL FRIULI,UD,29/02/1968 00:00:00
403015711,CASTELNUOVO BOCCA D'ADDA,MI,05/03/1992 00:00:00
403019534,CASTELNUOVO CREMASCO,CR,31/12/1983 00:00:00
403019535,CASTELNUOVO DEL VESCOVO,CR,31/12/1983 00:00:00
403019536,CASTELNUOVO DEL ZAPPA,CR,31/12/1983 00:00:00
405023022,CASTELNUOVO DI VERONA,VR,03/08/1970 00:00:00
450500507,CASTELNUOVO D'ISTRIA,FU,15/09/1947 00:00:00
403019537,CASTELNUOVO GHERARDI,CR,31/12/1983 00:00:00
414070513,CASTELPETROSO,CB,02/03/1970 00:00:00
404022661,CASTELPIETRA,TN,31/12/1983 00:00:00
414070514,CASTELPIZZUTO,CB,02/03/1970 00:00:00
403019538,CASTELPONZONE,CR,31/12/1983 00:00:00
418079515,CASTELSILANO,CZ,05/03/1992 00:00:00
407008510,CASTELVECCHIO DI SANTA MARIA MAGGIORE,IM,31/12/1983 00:00:00
401006507,CASTELVERO D'ASTI,AL,31/12/1983 00:00:00
414070515,CASTELVERRINO,CB,02/03/1970 00:00:00
409051501,CASTIGLION UBERTINI,AR,31/12/1983 00:00:00
403015712,CASTIGLIONE D'ADDA,MI,05/03/1992 00:00:00
401006508,CASTIGLIONE D'ASTI,AL,31/12/1983 00:00:00
401003533,CASTIGLIONE D'OSSOLA,NO,31/12/1983 00:00:00
405023507,CASTIONE VERONESE,VR,31/12/1983 00:00:00
403015552,CASTIRAGA DA REGGIO,MI,31/12/1983 00:00:00
403015713,CASTIRAGA VIDARDO,MI,05/03/1992 00:00:00
403017522,CASTREZZONE,BS,31/12/1983 00:00:00
408340005,CASTROCARO E TERRA DEL SOLE,FO,25/05/1962 00:00:00
418080503,CATAFORIO,RC,31/12/1983 00:00:00
418080504,CATONA,RC,31/12/1983 00:00:00
408040507,CATTOLICA,FO,15/04/1992 00:00:00
404022524,CAURIA,TN,31/12/1983 00:00:00
403019540,CAVA TIGOZZI,CR,31/12/1983 00:00:00
403015714,CAVACURTA,MI,05/03/1992 00:00:00
401002543,CAVAGLIA',VC,05/03/1992 00:00:00
401003534,CAVAGLIO SAN DONNINO,NO,31/12/1983 00:00:00
401003632,CAVAGLIO-SPOCCIA,NO,29/04/1992 00:00:00
403018525,CAVAGNERA,PV,31/12/1983 00:00:00
403015553,CAVAIONE,MI,31/12/1983 00:00:00
403019539,CAVALLARA,CR,31/12/1983 00:00:00
403013061,CAVALLASCA,CO,31/12/2016 00:00:00
401003535,CAVANDONE,NO,31/12/1983 00:00:00
406030533,CAVASSO NUOVO,UD,29/02/1968 00:00:00
406032508,CAVE AUREMIANE,TS,15/09/1947 00:00:00
403015715,CAVENAGO D'ADDA,MI,05/03/1992 00:00:00
403015068,CAVENAGO DI BRIANZA,MI,29/06/2009 00:00:00
403013551,CAVERSACCIO,CO,31/12/1983 00:00:00
403015554,CAVIAGA,MI,31/12/1983 00:00:00
403012533,CAVONA,VA,31/12/1983 00:00:00
401001515,CAVORETTO,TO,31/12/1983 00:00:00
404022662,CAVRASTO,TN,31/12/1983 00:00:00
403015555,CAZZANO BESANA,MI,31/12/1983 00:00:00
406031520,CECONICO,GO,15/09/1947 00:00:00
403015556,CEDRATE,MI,31/12/1983 00:00:00
450500508,CEGLIE,FU,15/09/1947 00:00:00
416072503,CEGLIE DEL CAMPO,BA,31/12/1983 00:00:00
404022525,CELENTINO,TN,31/12/1983 00:00:00
403012534,CELINA,VA,31/12/1983 00:00:00
403019541,CELLA,CR,31/12/1983 00:00:00
403018526,CELLA DI BOBBIO,PV,31/12/1983 00:00:00
404022526,CELLEDIZZO,TN,31/12/1983 00:00:00
403018527,CELPENCHIO,PV,31/12/1983 00:00:00
404022055,CEMBRA,TN,31/12/2015 00:00:00
403016518,CENATE,BG,31/12/1983 00:00:00
403016519,CENATE D'ARGON,BG,31/12/1983 00:00:00
405026502,CENEDA,TV,31/12/1983 00:00:00
407009511,CENESI,SV,31/12/1983 00:00:00
404021510,CENGLES,BZ,31/12/1983 00:00:00
407008511,CENOVA,IM,31/12/1983 00:00:00
404022056,CENTA SAN NICOLO',TN,31/12/2015 00:00:00
403013552,CENTEMERO,CO,31/12/1983 00:00:00
403016520,CENTRISOLA,BG,31/12/1983 00:00:00
403016521,CEPINO,BG,31/12/1983 00:00:00
403015557,CEPPEDA,MI,31/12/1983 00:00:00
401003633,CEPPO MORELLI,NO,29/04/1992 00:00:00
412057502,CERCHIARA DI SABINA,RI,31/12/1983 00:00:00
403015558,CERCHIATE,MI,31/12/1983 00:00:00
403013553,CEREDA,CO,31/12/1983 00:00:00
418079516,CERENZIA,CZ,05/03/1992 00:00:00
403015069,CERIANO LAGHETTO,MI,29/06/2009 00:00:00
406031521,CERNIZZA GORIZIANA,GO,15/09/1947 00:00:00
403013680,CERNUSCO LOMBARDONE,CO,05/03/1992 00:00:00
403013554,CERNUSCO MONTEVECCHIA,CO,31/12/1983 00:00:00
401002544,CERRETO CASTELLO,VC,05/03/1992 00:00:00
401002545,CERRIONE,VC,05/03/1992 00:00:00
414070516,CERRO AL VOLTURNO,CB,02/03/1970 00:00:00
403012535,CERRO LAGO MAGGIORE,VA,31/12/1983 00:00:00
401002509,CERVAROLO,VC,31/12/1983 00:00:00
403015716,CERVIGNANO D'ADDA,MI,05/03/1992 00:00:00
403013681,CESANA BRIANZA,CO,05/03/1992 00:00:00
403015075,CESANO MADERNO,MI,29/06/2009 00:00:00
401003634,CESARA,NO,29/04/1992 00:00:00
406030503,CESCLANS,UD,31/12/1983 00:00:00
410054505,CESELLI,PG,31/12/1983 00:00:00
403013555,CESELLO BRIANZA,CO,31/12/1983 00:00:00
410055503,CESI,TR,31/12/1983 00:00:00
401001516,CESNOLA,TO,31/12/1983 00:00:00
418079517,CESSANITI,CZ,05/03/1992 00:00:00
403017523,CETO-CERVENO,BS,31/12/1983 00:00:00
404021511,CEVES,BZ,31/12/1983 00:00:00
402007501,CHALLANT SAINT ANSELME ET CHALLANT SAI,AO,31/12/1983 00:00:00
401001517,CHAMPLAS DU COL,TO,31/12/1983 00:00:00
450501510,CHERSO,PL,15/09/1947 00:00:00
401001518,CHIABRANO,TO,31/12/1983 00:00:00
415063502,CHIAIANO ED UNITI,NA,31/12/1983 00:00:00
415064502,CHIANCHETELLE,AV,31/12/1983 00:00:00
406031522,CHIAPOVANO,GO,15/09/1947 00:00:00
403015559,CHIARAVALLE MILANESE,MI,31/12/1983 00:00:00
414070517,CHIAUCI,CB,02/03/1970 00:00:00
401002510,CHIAVAZZA,VC,31/12/1983 00:00:00
404022527,CHIENIS,TN,30/12/1923 00:00:00
401003536,CHIGNOLO VERBANO,NO,31/12/1983 00:00:00
406030534,CHIONS,UD,29/02/1968 00:00:00
403015560,CHIOSI D'ADDA VIGADORE,MI,31/12/1983 00:00:00
403015561,CHIOSI DI PORTA D'ADDA,MI,31/12/1983 00:00:00
403015562,CHIOSI PORTA CREMONESE,MI,31/12/1983 00:00:00
403015563,CHIOSI PORTA REGALE,MI,31/12/1983 00:00:00
403015564,CHIOSI UNITI CON BOTTEDO,MI,31/12/1983 00:00:00
405027502,CHIRIGNAGO,VE,24/08/1926 00:00:00
403013556,CHIUSO,CO,31/12/1983 00:00:00
404022528,CHIZZOLA,TN,31/12/1983 00:00:00
404022529,CIAGO,TN,31/12/1983 00:00:00
408035018,CIANO D'ENZA,RE,17/06/1991 00:00:00
404021512,CIARDES,BZ,31/12/1983 00:00:00
403017524,CIGNANO,BS,31/12/1983 00:00:00
403019542,CIGNONE,CR,31/12/1983 00:00:00
403017525,CILIVERGHE,BS,31/12/1983 00:00:00
403013557,CIMA,CO,31/12/1983 00:00:00
401003537,CIMAMULERA,NO,31/12/1983 00:00:00
403017526,CIMBERGO-PASPARDO,BS,31/12/1983 00:00:00
403012536,CIMBRO,VA,31/12/1983 00:00:00
404022057,CIMEGO,TN,31/12/2015 00:00:00
406030535,CIMOLAIS,UD,29/02/1968 00:00:00
403015565,CINISELLO,MI,31/12/1983 00:00:00
406031523,CIRCHINA,GO,15/09/1947 00:00:00
401003538,CIREGGIO,NO,31/12/1983 00:00:00
418079518,CIRO',CZ,05/03/1992 00:00:00
418079519,CIRO' MARINA,CZ,05/03/1992 00:00:00
406030504,CISERIIS,UD,31/12/1983 00:00:00
401003539,CISORE,NO,31/12/1983 00:00:00
450501511,CITTANOVA D'ISTRIA,PL,15/09/1947 00:00:00
403013682,CIVATE,CO,05/03/1992 00:00:00
403013558,CIVELLO,CO,31/12/1983 00:00:00
403013070,CIVENNA,CO,03/02/2014 00:00:00
403017527,CIVIDATE-MALEGNO,BS,31/12/1983 00:00:00
403013559,CIVIGLIO,CO,31/12/1983 00:00:00
414070518,CIVITANOVA DEL SANNIO,CB,02/03/1970 00:00:00
415062503,CIVITELLA LICINIO,BN,31/12/1983 00:00:00
403017528,CIZZAGO,BS,31/12/1983 00:00:00
450500509,CLANA,FU,15/09/1947 00:00:00
406030536,CLAUT,UD,29/02/1968 00:00:00
406030537,CLAUZETTO,UD,29/02/1968 00:00:00
403017529,CLUSANE SUL LAGO,BS,31/12/1983 00:00:00
404021514,CLUSIO,BZ,31/12/1983 00:00:00
403015566,COAZZANO,MI,31/12/1983 00:00:00
406031524,COBBIA,GO,15/09/1947 00:00:00
401006509,COCCONITO,AL,31/12/1983 00:00:00
403012537,COCQUIO,VA,31/12/1983 00:00:00
403015717,CODOGNO,MI,05/03/1992 00:00:00
401002546,COGGIOLA,VC,05/03/1992 00:00:00
403015080,COGLIATE,MI,29/06/2009 00:00:00
404022530,COGNOCA,TN,31/12/1983 00:00:00
404022531,COGOLO,TN,31/12/1983 00:00:00
401003540,COIMO,NO,31/12/1983 00:00:00
401003541,COIROMONTE,NO,31/12/1983 00:00:00
401001519,COL SAN GIOVANNI,TO,31/12/1983 00:00:00
411141012,COLBORDOLO,PU,31/12/2013 00:00:00
411041012,COLBORDOLO,PS,31/12/1998 00:00:00
401005043,COLCAVAGNO,AT,01/09/1998 00:00:00
403013560,COLCIAGO,CO,31/12/1983 00:00:00
407008512,COLDIRODI,IM,31/12/1983 00:00:00
404021515,COLDRANO,BZ,31/12/1983 00:00:00
404021516,COLFOSCO,BZ,31/12/1983 00:00:00
403013683,COLICO,CO,05/03/1992 00:00:00
408035019,COLLAGNA,RE,31/12/2015 00:00:00
403013684,COLLE BRIANZA,CO,05/03/1992 00:00:00
404021517,COLLE IN CASIES,BZ,31/12/1983 00:00:00
412057503,COLLEBACCARO,RI,31/12/1983 00:00:00
410054506,COLLEMANCIO,PG,31/12/1983 00:00:00
410055504,COLLESCIPOLI,TR,31/12/1983 00:00:00
410055505,COLLESTATTE,TR,31/12/1983 00:00:00
414070519,COLLI A VOLTURNO,CB,02/03/1970 00:00:00
404021518,COLLI IN PUSTERIA,BZ,31/12/1983 00:00:00
403015567,COLNAGO,MI,31/12/1983 00:00:00
403013561,COLOGNA,CO,31/12/1983 00:00:00
404022533,COLOGNA IN GIUDICARIE,TN,31/12/1983 00:00:00
404022532,COLOGNA-CAVAZZO,TN,31/12/1983 00:00:00
403016522,COLOGNOLA DEL PIANO,BG,31/12/1983 00:00:00
403017530,COLOMBARO,BS,31/12/1983 00:00:00
403019543,COLOMBAROLO,CR,31/12/1983 00:00:00
404021519,COLSANO,BZ,31/12/1983 00:00:00
403015568,COLZANO,MI,31/12/1983 00:00:00
403018528,COMAIRANO,PV,31/12/1983 00:00:00
404022534,COMANO,TN,31/12/1983 00:00:00
404022535,COMASINE,TN,31/12/1983 00:00:00
403015718,COMAZZO,MI,05/03/1992 00:00:00
406031525,COMENO,GO,15/09/1947 00:00:00
403017531,COMERO,BS,31/12/1983 00:00:00
403017532,COMEZZANO,BS,31/12/1983 00:00:00
404022663,COMIGHELLO,TN,31/12/1983 00:00:00
401003542,COMNAGO,NO,31/12/1983 00:00:00
414070520,CONCA CASALE,CB,02/03/1970 00:00:00
405029507,CONCADIRAME,RO,31/12/1983 00:00:00
404022065,CONCEI,TN,31/12/2009 00:00:00
403013562,CONCENEDO,CO,31/12/1983 00:00:00
403015569,CONCESA,MI,31/12/1983 00:00:00
403015084,CONCOREZZO,MI,29/06/2009 00:00:00
404022066,CONDINO,TN,31/12/2015 00:00:00
407008513,CONIO,IM,31/12/1983 00:00:00
403013076,CONSIGLIO DI RUMO,CO,10/02/2011 00:00:00
403013563,CONSONNO,CO,31/12/1983 00:00:00
405029016,CONTARINA,RO,31/12/1994 00:00:00
403013564,CONTRA,CO,31/12/1983 00:00:00
403015570,COPRENO,MI,31/12/1983 00:00:00
403018529,CORBESATE,PV,31/12/1983 00:00:00
401003543,CORCIAGO,NO,31/12/1983 00:00:00
406030538,CORDENONS,UD,29/02/1968 00:00:00
406030539,CORDOVADO,UD,29/02/1968 00:00:00
404022067,COREDO,TN,31/12/2014 00:00:00
403013565,CORENNO PLINIO,CO,31/12/1983 00:00:00
403012538,CORGENO,VA,31/12/1983 00:00:00
406032509,CORGNALE,TS,15/09/1947 00:00:00
408040508,CORIANO,FO,15/04/1992 00:00:00
403018055,CORNALE,PV,03/02/2014 00:00:00
403015088,CORNATE D'ADDA,MI,17/12/2009 00:00:00
403015719,CORNEGLIANO LAUDENSE,MI,05/03/1992 00:00:00
403015571,CORNELIANO BERTARIO,MI,31/12/1983 00:00:00
403015720,CORNO GIOVINE,MI,05/03/1992 00:00:00
403015721,CORNOVECCHIO,MI,05/03/1992 00:00:00
406031526,CORONA,GO,31/12/1983 00:00:00
403019544,CORPI SANTI DI CREMONA,CR,31/12/1983 00:00:00
403015572,CORPI SANTI DI MILANO,MI,31/12/1983 00:00:00
403018530,CORPI SANTI DI PAVIA,PV,31/12/1983 00:00:00
403015092,CORREZZANA,MI,29/06/2009 00:00:00
405023508,CORREZZO,VR,31/12/1983 00:00:00
403013566,CORTABBIO,CO,31/12/1983 00:00:00
403016523,CORTE,BG,31/12/1983 00:00:00
403019545,CORTE DE' CORTESI,CR,31/12/1983 00:00:00
403019546,CORTE MADAMA,CR,31/12/1983 00:00:00
403015722,CORTE PALASIO,MI,05/03/1992 00:00:00
403015573,CORTE SANT'ANDREA,MI,31/12/1983 00:00:00
403017533,CORTENEDOLO,BS,31/12/1983 00:00:00
403013685,CORTENOVA,CO,05/03/1992 00:00:00
403018056,CORTEOLONA,PV,31/12/2015 00:00:00
401006510,CORTERANZO,AL,31/12/1983 00:00:00
403019547,CORTETANO,CR,31/12/1983 00:00:00
404021521,CORTI IN PUSTERIA,BZ,31/12/1983 00:00:00
403017534,CORTICELLE PIEVE,BS,31/12/1983 00:00:00
408034502,CORTILE SAN MARTINO,PR,31/12/1983 00:00:00
404021522,CORVARA IN PASSIRIA,BZ,31/12/1983 00:00:00
404021523,CORZES,BZ,31/12/1983 00:00:00
406031527,COSBANA NEL COLLIO,GO,31/12/1983 00:00:00
406032510,COSSANA,TS,15/09/1947 00:00:00
401002547,COSSATO,VC,05/03/1992 00:00:00
401002511,COSSILA,VC,31/12/1983 00:00:00
403017535,COSSIRANO,BS,31/12/1983 00:00:00
401003635,COSSOGNO,NO,29/04/1992 00:00:00
403015574,COSTA AL LAMBRO,MI,31/12/1983 00:00:00
407008514,COSTA DI ONEGLIA,IM,31/12/1983 00:00:00
403013686,COSTA MASNAGA,CO,05/03/1992 00:00:00
403019548,COSTA SANT'ABRAMO,CR,31/12/1983 00:00:00
404022536,COSTASAVINA,TN,31/12/1983 00:00:00
418079520,COTRONEI,CZ,05/03/1992 00:00:00
404021509,COVELANO,BZ,31/12/1983 00:00:00
404022537,COVELO,TN,31/12/1983 00:00:00
401003544,CRANA,NO,31/12/1983 00:00:00
401003545,CRANA CATTUGNO,NO,31/12/1983 00:00:00
403013687,CRANDOLA VALSASSINA,CO,05/03/1992 00:00:00
401003636,CRAVEGGIA,NO,29/04/1992 00:00:00
401003546,CRAVEGNA,NO,31/12/1983 00:00:00
406031528,CREDA,GO,15/09/1947 00:00:00
403019549,CREDERA,CR,31/12/1983 00:00:00
403019632,CREDERA CON ROVERETO,CR,31/12/1983 00:00:00
403013688,CREMELLA,CO,05/03/1992 00:00:00
403013689,CREMENO,CO,05/03/1992 00:00:00
403017536,CREMEZZANO,BS,31/12/1983 00:00:00
403013567,CREMNAGO,CO,31/12/1983 00:00:00
403012540,CRENNA,VA,31/12/1983 00:00:00
406032511,CRENOVIZZA,TS,15/09/1947 00:00:00
403015575,CRESCENZAGO,MI,31/12/1983 00:00:00
408037023,CRESPELLANO,BO,31/12/2013 00:00:00
403015723,CRESPIATICA,MI,05/03/1992 00:00:00
409050013,CRESPINA,PI,31/12/2013 00:00:00
403013568,CRESSOGNO,CO,31/12/1983 00:00:00
404022538,CRETO,TN,31/12/1983 00:00:00
401002548,CREVACUORE,VC,05/03/1992 00:00:00
403013569,CREVENNA,CO,31/12/1983 00:00:00
401002512,CREVOLA SESIA,VC,31/12/1983 00:00:00
401003637,CREVOLADOSSOLA,NO,29/04/1992 00:00:00
403013570,CROCE,CO,31/12/1983 00:00:00
401002513,CROCE DI MOSSO,VC,31/12/1983 00:00:00
405029508,CROCETTA,RO,31/12/1983 00:00:00
401003638,CRODO,NO,29/04/1992 00:00:00
401003547,CRODO MOZZIO,NO,31/12/1983 00:00:00
401002549,CROSA,VC,05/03/1992 00:00:00
401096022,CROSA,BI,31/12/2015 00:00:00
405024502,CROSARA,VI,31/12/1983 00:00:00
418079521,CROTONE,CZ,05/03/1992 00:00:00
418079522,CRUCOLI,CZ,05/03/1992 00:00:00
403012541,CRUGNOLA,VA,31/12/1983 00:00:00
401003548,CRUSINALLO,NO,31/12/1983 00:00:00
420091503,CUGLIERI,NU,15/07/1974 00:00:00
404022069,CUNEVO,TN,31/12/2015 00:00:00
401006511,CUQUELLO,AL,31/12/1983 00:00:00
420092530,CURCURIS,CA,31/12/1927 00:00:00
403016524,CURDOMO,BG,31/12/1983 00:00:00
401002550,CURINO,VC,05/03/1992 00:00:00
403016525,CURNASCO,BG,31/12/1983 00:00:00
404021520,CURON,BZ,31/12/1983 00:00:00
401003549,CURSOLO,NO,31/12/1983 00:00:00
401003639,CURSOLO-ORASSO,NO,29/04/1992 00:00:00
409047004,CUTIGLIANO,PT,31/12/2016 00:00:00
418079523,CUTRO,CZ,05/03/1992 00:00:00
403015576,CUVIRONE,MI,31/12/1983 00:00:00
401003550,CUZZAGO,NO,31/12/1983 00:00:00
401003551,DAGNENTE,NO,31/12/1983 00:00:00
404022072,DAONE,TN,31/12/2014 00:00:00
404022539,DARDINE,TN,31/12/1983 00:00:00
404022073,DARE',TN,31/12/2015 00:00:00
404022540,DARZO,TN,31/12/1983 00:00:00
418079524,DASA',CZ,05/03/1992 00:00:00
404022664,DASINDO,TN,31/12/1983 00:00:00
403013571,DASIO,CO,31/12/1983 00:00:00
403017537,DEGAGNA,BS,31/12/1983 00:00:00
404022541,DEGGIANO,TN,31/12/1983 00:00:00
404022542,DERCOLO,TN,31/12/1983 00:00:00
403015577,DERGANO,MI,31/12/1983 00:00:00
404022543,DERMULO,TN,31/12/1983 00:00:00
403013690,DERVIO,CO,05/03/1992 00:00:00
406031529,DESCLA,GO,15/09/1947 00:00:00
403016526,DESENZANO AL SERIO,BG,31/12/1983 00:00:00
401001520,DESERTES,TO,31/12/1983 00:00:00
403015100,DESIO,MI,29/06/2009 00:00:00
403016527,DEZZO DI SCALVE,BG,31/12/1983 00:00:00
407008515,DIANO BORELLO,IM,31/12/1983 00:00:00
407008516,DIANO CALDERINA,IM,31/12/1983 00:00:00
450501512,DIGNANO D'ISTRIA,PL,15/09/1947 00:00:00
404022075,DIMARO,TN,31/12/2015 00:00:00
418079525,DINAMI,CZ,05/03/1992 00:00:00
401003552,DISSIMO,NO,31/12/1983 00:00:00
406032512,DIVACCIA GROTTE DEL TIMAVO,TS,15/09/1947 00:00:00
406032513,DIVACCIA SAN CANZIANO,TS,15/09/1947 00:00:00
401002514,DOCCIO,VC,31/12/1983 00:00:00
406031531,DOL GRANDE,GO,15/09/1947 00:00:00
406031532,DOL OTTELZA,GO,15/09/1947 00:00:00
406031530,DOLE,GO,15/09/1947 00:00:00
403013691,DOLZAGO,CO,05/03/1992 00:00:00
401003640,DOMODOSSOLA,NO,29/04/1992 00:00:00
420092531,DOMUSNOVAS CANALES,CA,15/07/1974 00:00:00
420095501,DOMUSNOVAS CANALES,OR,31/12/1983 00:00:00
404022076,DON,TN,31/12/2015 00:00:00
405029020,DONADA,RO,31/12/1994 00:00:00
401002551,DONATO,VC,05/03/1992 00:00:00
403018531,DONELASCO,PV,31/12/1983 00:00:00
420092532,DONIGALA FENUGHEDU,CA,15/07/1974 00:00:00
420095502,DONIGALA FENUGHEDU,OR,31/12/1983 00:00:00
420092502,DONIGALA SIURGUS,CA,31/12/1983 00:00:00
403013692,DORIO,CO,05/03/1992 00:00:00
404022077,DORSINO,TN,31/12/2014 00:00:00
401002552,DORZANO,VC,05/03/1992 00:00:00
403019550,DOSSO BAROARDO,CR,31/12/1983 00:00:00
403019551,DOSSO DE' FRATI,CR,31/12/1983 00:00:00
403013572,DOZIO,CO,31/12/1983 00:00:00
450501513,DRAGUCCIO,PL,15/09/1947 00:00:00
403013573,DRANO,CO,31/12/1983 00:00:00
418079526,DRAPIA,CZ,05/03/1992 00:00:00
406031533,DRESENZA,GO,15/09/1947 00:00:00
403013093,DREZZO,CO,03/02/2014 00:00:00
401003641,DRUOGNO,NO,29/04/1992 00:00:00
401001521,DRUSACCO,TO,31/12/1983 00:00:00
403012539,DUE COSSANI,VA,31/12/1983 00:00:00
403019552,DUEMIGLIA,CR,31/12/1983 00:00:00
403015578,DUGNANO,MI,31/12/1983 00:00:00
406032514,DUINO,TS,31/12/1983 00:00:00
401005502,DUSINO,AT,31/12/1983 00:00:00
406032515,DUTTOGLIANO,TS,15/09/1947 00:00:00
404022665,DUVREDO,TN,31/12/1983 00:00:00
412059502,ELENA,LT,31/12/1983 00:00:00
404021525,ELLE,BZ,31/12/1983 00:00:00
407009512,ELLERA,SV,31/12/1983 00:00:00
403013693,ELLO,CO,05/03/1992 00:00:00
450500510,ELSANE,FU,15/09/1947 00:00:00
403016528,ENDENNA,BG,31/12/1983 00:00:00
403016529,ENDINE,BG,31/12/1983 00:00:00
404022544,ENGUISO,TN,31/12/1983 00:00:00
404021526,EORES,BZ,31/12/1983 00:00:00
403013574,ERBA INCINO,CO,31/12/1983 00:00:00
403017538,ERBANNO,BS,31/12/1983 00:00:00
450501514,ERPELLE-COSINA,PL,15/09/1947 00:00:00
406031534,ERSEL IN MONTE,GO,15/09/1947 00:00:00
406030540,ERTO E CASSO,UD,29/02/1968 00:00:00
403016592,ERVE,BG,05/03/1992 00:00:00
420092533,ESCOVEDU,CA,15/07/1974 00:00:00
420095503,ESCOVEDU,OR,31/12/1983 00:00:00
403013575,ESINO INFERIORE,CO,31/12/1983 00:00:00
403013694,ESINO LARIO,CO,05/03/1992 00:00:00
403013576,ESINO SUPERIORE,CO,31/12/1983 00:00:00
401003553,ESIO,NO,31/12/1983 00:00:00
403016530,ESMATE,BG,31/12/1983 00:00:00
403013577,FABBRICA DURINI,CO,31/12/1983 00:00:00
409046012,FABBRICHE DI VALLICO,LU,31/12/2013 00:00:00
403012542,FABIASCO,VA,31/12/1983 00:00:00
418079527,FABRIZIA,CZ,05/03/1992 00:00:00
401001522,FAETTO,TO,31/12/1983 00:00:00
403015579,FAGNANO SUL NAVIGLIO,MI,31/12/1983 00:00:00
411044018,FALERONE,AP,11/07/2009 00:00:00
404022545,FALESINA,TN,31/12/1983 00:00:00
413069501,FALLASCOSO,CH,31/12/1983 00:00:00
401003642,FALMENTA,NO,29/04/1992 00:00:00
406032516,FAMIE,TS,15/09/1947 00:00:00
406030541,FANNA,UD,29/02/1968 00:00:00
404021527,FAOGNA DI SOTTO,BZ,31/12/1983 00:00:00
403017539,FARFENGO,BS,31/12/1983 00:00:00
403019553,FARINATE,CR,31/12/1983 00:00:00
405025020,FARRA D'ALPAGO,BL,22/02/2016 00:00:00
450501515,FASANA,PL,15/09/1947 00:00:00
405027503,FAVARO VENETO,VE,24/08/1926 00:00:00
404022082,FAVER,TN,31/12/2015 00:00:00
403017540,FAVERZANO,BS,31/12/1983 00:00:00
401001523,FAVRIA-OGLIANICO,TO,31/12/1983 00:00:00
404022666,FAVRIO,TN,31/12/1983 00:00:00
406030506,FELETTO UMBERTO,UD,31/12/1983 00:00:00
403019554,FENGO,CR,31/12/1983 00:00:00
411041503,FENIGLI,PS,31/12/1983 00:00:00
401001524,FENILE,TO,31/12/1983 00:00:00
401001525,FENILS,TO,31/12/1983 00:00:00
411044019,FERMO,AP,11/07/2009 00:00:00
401002515,FERRUTA,VC,31/12/1983 00:00:00
415061505,FERTILIA,CE,31/12/1983 00:00:00
450501516,FIANONA,PL,15/09/1947 00:00:00
404022084,FIERA DI PRIMIERO,TN,31/12/2015 00:00:00
403015580,FIGINO DI MILANO,MI,31/12/1983 00:00:00
409048016,FIGLINE VALDARNO,FI,31/12/2013 00:00:00
420092534,FIGU,CA,15/07/1974 00:00:00
420095504,FIGU,OR,31/12/1983 00:00:00
418079528,FILADELFIA,CZ,05/03/1992 00:00:00
418079529,FILANDARI,CZ,05/03/1992 00:00:00
414070521,FILIGNANO,CB,02/03/1970 00:00:00
418079530,FILOGASO,CZ,05/03/1992 00:00:00
407009513,FINALBORGO,SV,31/12/1983 00:00:00
407009514,FINALMARINA,SV,31/12/1983 00:00:00
407009515,FINALPIA,SV,31/12/1983 00:00:00
401003554,FINERO,NO,31/12/1983 00:00:00
411043018,FIORDIMONTE,MC,31/12/2016 00:00:00
411041504,FIORENZUOLA DI FOCARA,PS,31/12/1983 00:00:00
404022546,FISTO,TN,31/12/1983 00:00:00
408040501,FIUMANA,FO,01/11/1925 00:00:00
450500511,FIUME,FU,15/09/1947 00:00:00
406030542,FIUME VENETO,UD,29/02/1968 00:00:00
403016531,FIUMENERO,BG,31/12/1983 00:00:00
403017541,FIUMICELLO URAGO,BS,31/12/1983 00:00:00
404022086,FLAVON,TN,31/12/2015 00:00:00
401002516,FLECCHIA,VC,31/12/1983 00:00:00
404021528,FLERES,BZ,31/12/1983 00:00:00
407010508,FOCE,GE,31/12/1983 00:00:00
415065503,FOGNA,SA,31/12/1983 00:00:00
404021529,FOIANA,BZ,31/12/1983 00:00:00
404022607,FOLAS-REVIAN,TN,31/12/1983 00:00:00
401003555,FOLSOGNO,NO,31/12/1983 00:00:00
403017542,FOLZANO,BS,31/12/1983 00:00:00
401003556,FOMARCO,NO,31/12/1983 00:00:00
403015724,FOMBIO,MI,05/03/1992 00:00:00
403016532,FONDRA,BG,31/12/1983 00:00:00
450500512,FONTANA DEL CONTE,FU,15/09/1947 00:00:00
406030543,FONTANAFREDDA,UD,29/02/1968 00:00:00
403018532,FOPPA,PV,31/12/1983 00:00:00
403019555,FORCELLO,CR,31/12/1983 00:00:00
420092535,FORDONGIANUS,CA,15/07/1974 00:00:00
401001526,FORESTO DI SUSA,TO,31/12/1983 00:00:00
401002517,FORESTO SESIA,VC,31/12/1983 00:00:00
414070920,FORLI' DEL SANNIO,CB,02/03/1970 00:00:00
401003643,FORMAZZA,NO,29/04/1992 00:00:00
414070522,FORNELLI,CB,02/03/1970 00:00:00
401003557,FORNERO,NO,31/12/1983 00:00:00
405024503,FORNI IN VAL D'ASTICO,VI,31/12/1983 00:00:00
404022547,FORNO,TN,31/12/1983 00:00:00
401003558,FORNO,NO,31/12/1983 00:00:00
401001527,FORNO ALPI GRAIE,TO,31/12/1983 00:00:00
405025024,FORNO DI ZOLDO,BL,22/02/2016 00:00:00
401006512,FOROTONDO,AL,31/12/1983 00:00:00
403019556,FOSSA GUAZZONA,CR,31/12/1983 00:00:00
403018533,FOSSARMATO,PV,31/12/1983 00:00:00
401003559,FOSSENO,NO,31/12/1983 00:00:00
403019557,FRACCHIA,CR,31/12/1983 00:00:00
418079531,FRANCAVILLA ANGITOLA,CZ,05/03/1992 00:00:00
411044022,FRANCAVILLA D'ETE,AP,11/07/2009 00:00:00
418079532,FRANCICA,CZ,05/03/1992 00:00:00
401006513,FRASCATA,AL,31/12/1983 00:00:00
401006514,FRASSINELLO-OLIVOLA,AL,31/12/1983 00:00:00
401001528,FRASSINERE,TO,31/12/1983 00:00:00
404022548,FRAVEGGIO,TN,31/12/1983 00:00:00
403016533,FREROLA,BG,31/12/1983 00:00:00
415061506,FRIGNANO MAGGIORE,CE,31/12/1983 00:00:00
406030544,FRISANCO,UD,29/02/1968 00:00:00
403017543,FRONTIGNANO,BS,31/12/1983 00:00:00
411041505,FRONTONE-SERRA,PS,31/12/1983 00:00:00
414070523,FROSOLONE,CB,02/03/1970 00:00:00
401006076,FUBINE,AL,23/03/2017 00:00:00
403016534,FUIPIANO AL BREMBO,BG,31/12/1983 00:00:00
404021530,FUNDRES,BZ,31/12/1983 00:00:00
403015581,FURATO,MI,31/12/1983 00:00:00
406030507,FUSINE IN VALROMANA,UD,31/12/1983 00:00:00
403019558,GABBIONETA,CR,31/12/1983 00:00:00
406031535,GABRIA,GO,15/09/1947 00:00:00
406031536,GABROVIZZA,GO,15/09/1947 00:00:00
403019559,GADESCO,CR,31/12/1983 00:00:00
403013579,GAGGINO,CO,31/12/1983 00:00:00
401002553,GAGLIANICO,VC,05/03/1992 00:00:00
401004507,GAIOLA-MOIOLA,CN,31/12/1983 00:00:00
403013695,GALBIATE,CO,05/03/1992 00:00:00
415065504,GALDO,SA,31/12/1983 00:00:00
403015725,GALGAGNANO,MI,05/03/1992 00:00:00
418080505,GALLICO,RC,31/12/1983 00:00:00
418080506,GALLINA,RC,31/12/1983 00:00:00
409048502,GALLUZZO,FI,31/12/1983 00:00:00
405027504,GAMBARARE,VE,31/12/1983 00:00:00
403019560,GAMBINA BARCHETTI,CR,31/12/1983 00:00:00
403019561,GANDINI,CR,31/12/1983 00:00:00
403012543,GARABIOLO,VA,31/12/1983 00:00:00
403013696,GARBAGNATE MONASTERO,CO,05/03/1992 00:00:00
403015582,GARBATOLA,MI,31/12/1983 00:00:00
404022549,GARDOLO,TN,15/09/1926 00:00:00
403015583,GAREGNANO,MI,31/12/1983 00:00:00
406031537,GARGARO,GO,15/09/1947 00:00:00
403013697,GARLATE,CO,05/03/1992 00:00:00
404022091,GARNIGA,TN,21/03/1993 00:00:00
420090502,GAROFAI,SS,31/12/1983 00:00:00
403015584,GATTERA MAIOCCA,MI,31/12/1983 00:00:00
401001529,GAUNA,TO,31/12/1983 00:00:00
403012544,GAZZADA,VA,31/12/1983 00:00:00
408035501,GAZZANO,RE,31/12/1983 00:00:00
407008517,GAZZELLI,IM,31/12/1983 00:00:00
403019562,GAZZO,CR,31/12/1983 00:00:00
408040509,GEMMANO,FO,15/04/1992 00:00:00
407010507,GENOVA-CORNIGLIANO,GE,31/12/1983 00:00:00
407010514,GENOVA-PEGLI,GE,31/12/1983 00:00:00
407010516,GENOVA-PRA,GE,31/12/1983 00:00:00
407010519,GENOVA-RIVAROLO,GE,31/12/1983 00:00:00
407010527,GENOVA-SESTRI PONENTE,GE,31/12/1983 00:00:00
407010531,GENOVA-VOLTRI,GE,31/12/1983 00:00:00
403018070,GENZONE,PV,31/12/2015 00:00:00
403019563,GERE DEL PESCE,CR,31/12/1983 00:00:00
401003644,GERMAGNO,NO,29/04/1992 00:00:00
403013580,GERMANEDO,CO,31/12/1983 00:00:00
403013108,GERMASINO,CO,10/02/2011 00:00:00
418079533,GEROCARNE,CZ,05/03/1992 00:00:00
403017544,GEROLANUOVA,BS,31/12/1983 00:00:00
403016112,GEROSA,BG,03/02/2014 00:00:00
403018534,GERRE CHIOZZO,PV,31/12/1983 00:00:00
401003560,GHEVIO,NO,31/12/1983 00:00:00
401003645,GHIFFA,NO,29/04/1992 00:00:00
420092536,GHILARZA,CA,15/07/1974 00:00:00
420095505,GHILARZA-ABBASANTA,OR,31/12/1983 00:00:00
420092537,GHILARZA-ABBASANTA,CA,15/07/1974 00:00:00
401002554,GIFFLENGA,VC,05/03/1992 00:00:00
401003646,GIGNESE,NO,29/04/1992 00:00:00
450501517,GIMINO,PL,15/09/1947 00:00:00
411041506,GINESTRETO,PS,31/12/1983 00:00:00
406031538,GIOIACI,GO,15/09/1947 00:00:00
403018535,GIOVENZANO,PV,31/12/1983 00:00:00
403013109,GIRONICO,CO,03/02/2014 00:00:00
409046016,GIUNCUGNANO,LU,31/12/2014 00:00:00
403015107,GIUSSANO,MI,29/06/2009 00:00:00
404022667,GODENZO,TN,31/12/1983 00:00:00
403018073,GODIASCO,PV,19/06/2012 00:00:00
406031539,GODOVICI,GO,15/09/1947 00:00:00
403017545,GOGLIONE SOPRA,BS,31/12/1983 00:00:00
403017546,GOGLIONE SOTTO,BS,31/12/1983 00:00:00
403018536,GOIDO,PV,31/12/1983 00:00:00
408034503,GOLESE,PR,31/12/1983 00:00:00
420092538,GONNOSCODINA,CA,15/07/1974 00:00:00
420092539,GONNOSNO',CA,15/07/1974 00:00:00
420092540,GONNOSTRAMATZA,CA,15/07/1974 00:00:00
406031540,GORIANO,GO,15/09/1947 00:00:00
413066504,GORIANO VALLI,AQ,31/12/1983 00:00:00
403015585,GORLA PRECOTTO,MI,31/12/1983 00:00:00
403012545,GORNATE SUPERIORE,VA,31/12/1983 00:00:00
407009516,GORRA,SV,31/12/1983 00:00:00
401004508,GORRINO,CN,31/12/1983 00:00:00
403017547,GORZONE,BS,31/12/1983 00:00:00
403013581,GOTTRO,CO,31/12/1983 00:00:00
406031541,GOZZA,GO,15/09/1947 00:00:00
406031542,GRACOVA SERRAVALLE,GO,15/09/1947 00:00:00
403019564,GRADELLA,CR,31/12/1983 00:00:00
403015726,GRAFFIGNANA,MI,05/03/1992 00:00:00
401002555,GRAGLIA,VC,05/03/1992 00:00:00
401003561,GRAGLIA PIANA,NO,31/12/1983 00:00:00
408037029,GRANAGLIONE,BO,31/12/2015 00:00:00
403015586,GRANCINO,MI,31/12/1983 00:00:00
405024045,GRANCONA,VI,16/02/2017 00:00:00
403013582,GRANDOLA,CO,31/12/1983 00:00:00
404022094,GRAUNO,TN,31/12/2015 00:00:00
403013112,GRAVEDONA,CO,10/02/2011 00:00:00
401003647,GRAVELLONA TOCE,NO,29/04/1992 00:00:00
403015587,GRAZZANELLO,MI,31/12/1983 00:00:00
403015588,GRECO MILANESE,MI,31/12/1983 00:00:00
402007502,GRESSONEY,AO,31/12/1983 00:00:00
404021531,GRIES,BZ,31/12/1983 00:00:00
403016535,GRIGNANO,BG,31/12/1983 00:00:00
405029509,GRIGNANO DI POLESINE,RO,31/12/1983 00:00:00
404021532,GRIMALDO,BZ,31/12/1983 00:00:00
450501518,GRISIGNANA,PL,03/04/1977 00:00:00
418078502,GRISOLIA CIPOLLINA,CS,31/12/1983 00:00:00
403013583,GRONA,CO,31/12/1983 00:00:00
403019565,GRONTORTO,CR,31/12/1983 00:00:00
403015589,GROPPELLO D'ADDA,MI,31/12/1983 00:00:00
401006515,GROPPO,AL,31/12/1983 00:00:00
411044024,GROTTAZZOLINA,AP,11/07/2009 00:00:00
412056503,GROTTE DI SANTO STEFANO,VT,31/12/1983 00:00:00
403016536,GRUMELLO DEI ZANCHI,BG,31/12/1983 00:00:00
403016537,GRUMELLO DEL PIANO,BG,31/12/1983 00:00:00
404022096,GRUMES,TN,31/12/2015 00:00:00
404022550,GRUMO,TN,31/12/1983 00:00:00
403018537,GUALDRASCO,PV,31/12/1983 00:00:00
403015727,GUARDAMIGLIO,MI,05/03/1992 00:00:00
418078503,GUARDIA PIEMONTESE TERME,CS,31/12/1983 00:00:00
403015590,GUAZZINA,MI,31/12/1983 00:00:00
404021533,GUDON,BZ,31/12/1983 00:00:00
403015591,GUGNANO,MI,31/12/1983 00:00:00
419083503,GUIDOMANDRI,ME,31/12/1983 00:00:00
403018538,GUINZANO,PV,31/12/1983 00:00:00
403012546,GURONE,VA,31/12/1983 00:00:00
401003648,GURRO,NO,29/04/1992 00:00:00
418080507,IATRINOLI,RC,31/12/1983 00:00:00
404022551,IAVRE',TN,31/12/1983 00:00:00
406031543,IDRESCA D'ISONZO,GO,15/09/1947 00:00:00
406031544,IDRIA,GO,15/09/1947 00:00:00
406031545,IDRIA DI SOTTO,GO,15/09/1947 00:00:00
403013584,IMBERIDO,CO,31/12/1983 00:00:00
403013698,IMBERSAGO,CO,05/03/1992 00:00:00
403013585,INCINO,CO,31/12/1983 00:00:00
403015592,INCIRANO,MI,31/12/1983 00:00:00
409048023,INCISA IN VAL D'ARNO,FI,31/12/2013 00:00:00
403013586,INDOVERO,CO,31/12/1983 00:00:00
403015593,INDUNO TICINO,MI,31/12/1983 00:00:00
403013587,INTIMIANO,CO,31/12/1983 00:00:00
401003562,INTRA,NO,31/12/1983 00:00:00
401003649,INTRAGNA,NO,29/04/1992 00:00:00
403013699,INTROBIO,CO,05/03/1992 00:00:00
403013700,INTROZZO,CO,05/03/1992 00:00:00
401001530,INVERSO PORTE,TO,31/12/1983 00:00:00
401003563,INVORIO INFERIORE,NO,31/12/1983 00:00:00
401003564,INVORIO SUPERIORE,NO,31/12/1983 00:00:00
403017548,INZINO,BS,31/12/1983 00:00:00
406030508,IOANNIS,UD,31/12/1983 00:00:00
418079534,IONADI,CZ,05/03/1992 00:00:00
419087501,IONIA,CT,31/12/1983 00:00:00
406030509,IPPLIS,UD,31/12/1983 00:00:00
420091501,IRGOLI DI GALTELLI,NU,31/12/1983 00:00:00
404022552,ISCHIA,TN,31/12/1983 00:00:00
414070524,ISERNIA,CB,02/03/1970 00:00:00
420091034,ISILI,NU,31/12/2005 00:00:00
403015594,ISOLA BALBA,MI,31/12/1983 00:00:00
403013588,ISOLA COMACINA,CO,31/12/1983 00:00:00
418079535,ISOLA DI CAPO RIZZUTO,CZ,05/03/1992 00:00:00
411041507,ISOLA DI FANO,PS,31/12/1983 00:00:00
450501519,ISOLA D'ISTRIA,PL,03/04/1977 00:00:00
403019566,ISOLA PESCAROLI,CR,31/12/1983 00:00:00
401003565,ISOLA SAN GIULIO,NO,31/12/1983 00:00:00
401002518,ISOLELLA,VC,31/12/1983 00:00:00
403019567,ISOLELLO,CR,31/12/1983 00:00:00
404021513,ISSENGO,BZ,31/12/1983 00:00:00
404022099,IVANO-FRACENA,TN,30/06/2016 00:00:00
403012547,JERAGO,VA,31/12/1983 00:00:00
403012548,JERAGO CON BESNATE,VA,31/12/1983 00:00:00
403012549,JERAGO CON BESNATE ED ORAGO,VA,31/12/1983 00:00:00
418079536,JOPPOLO,CZ,05/03/1992 00:00:00
404021534,LACINIGO,BZ,31/12/1983 00:00:00
406030510,LAGLESIE SAN LEOPOLDO,UD,31/12/1983 00:00:00
450502501,LAGOSTA,ZA,15/09/1947 00:00:00
404022668,LAGUNA'-MUSTE',TN,31/12/1983 00:00:00
418078504,LAINO BRUZIO,CS,31/12/1983 00:00:00
403015595,LAMBRATE,MI,31/12/1983 00:00:00
450501520,LANISCHIE,PL,15/09/1947 00:00:00
419083504,LANZA,ME,31/12/1983 00:00:00
403013122,LANZO D'INTELVI,CO,31/12/2016 00:00:00
403013589,LAORCA,CO,31/12/1983 00:00:00
411044025,LAPEDONA,AP,11/07/2009 00:00:00
404021535,LAPPAGO,BZ,31/12/1983 00:00:00
404022100,LARDARO,TN,31/12/2015 00:00:00
403015596,LARDERA,MI,31/12/1983 00:00:00
409050017,LARI,PI,31/12/2013 00:00:00
404022669,LARIDO,TN,31/12/1983 00:00:00
406032517,LASE,TS,15/09/1947 00:00:00
404022670,LASES,TN,31/12/1983 00:00:00
404022101,LASINO,TN,31/12/2015 00:00:00
404021536,LAUDES,BZ,31/12/1983 00:00:00
450500513,LAURANA,FU,15/09/1947 00:00:00
403012550,LAVENO,VA,31/12/1983 00:00:00
407008518,LAVINA,IM,31/12/1983 00:00:00
404021537,LAZFONS,BZ,31/12/1983 00:00:00
403015117,LAZZATE,MI,29/06/2009 00:00:00
403013701,LECCO,CO,05/03/1992 00:00:00
406031546,LEDINE,GO,15/09/1947 00:00:00
403012551,LEGGIUNO-SANGIANO,VA,31/12/1983 00:00:00
409048503,LEGNAIA,FI,31/12/1983 00:00:00
404022553,LEGOS,TN,31/12/1983 00:00:00
403013590,LEMNA,CO,31/12/1983 00:00:00
403013125,LENNO,CO,03/02/2014 00:00:00
403015119,LENTATE SUL SEVESO,MI,17/12/2009 00:00:00
404022554,LENZIMA,TN,31/12/1983 00:00:00
404022555,LENZUMO,TN,31/12/1983 00:00:00
401003566,LESA-BELGIRATE,NO,31/12/1983 00:00:00
403015120,LESMO,MI,29/06/2009 00:00:00
401002556,LESSONA,VC,05/03/1992 00:00:00
401096029,LESSONA,BI,31/12/2015 00:00:00
419083505,LETOIANNI GALLODORO,ME,31/12/1983 00:00:00
403019568,LEVATA,CR,31/12/1983 00:00:00
403017549,LEVRANGE,BS,31/12/1983 00:00:00
403013591,LEZZA,CO,31/12/1983 00:00:00
406031547,LIBUSSINA,GO,15/09/1947 00:00:00
403019569,LICENGO,CR,31/12/1983 00:00:00
415063503,LICIGNANO DI NAPOLI,NA,31/12/1983 00:00:00
403018539,LICONASCO,PV,31/12/1983 00:00:00
415065505,LICUSATI,SA,31/12/1983 00:00:00
403013702,LIERNA,CO,05/03/1992 00:00:00
403013592,LIETO COLLE,CO,31/12/1983 00:00:00
408035025,LIGONCHIO,RE,31/12/2015 00:00:00
418079537,LIMBADI,CZ,05/03/1992 00:00:00
403015121,LIMBIATE,MI,29/06/2009 00:00:00
403015597,LIMITO,MI,31/12/1983 00:00:00
403013593,LIMONTA,CO,31/12/1983 00:00:00
403015598,LINATE AL LAMBRO,MI,31/12/1983 00:00:00
407008519,LINGUEGLIETTA,IM,31/12/1983 00:00:00
403013594,LINZANICO,CO,31/12/1983 00:00:00
403012552,LISANZA,VA,31/12/1983 00:00:00
411044504,LISCIANO DEL TRONTO,AP,31/12/1983 00:00:00
404022105,LISIGNAGO,TN,31/12/2015 00:00:00
403012553,LISSAGO,VA,31/12/1983 00:00:00
403015123,LISSONE,MI,29/06/2009 00:00:00
403017550,LIVEMMO,BS,31/12/1983 00:00:00
403015728,LIVRAGA,MI,05/03/1992 00:00:00
404022556,LIZZANA,TN,31/12/1983 00:00:00
403016538,LIZZOLA,BG,31/12/1983 00:00:00
419083506,LOCADI,ME,31/12/1983 00:00:00
401002519,LOCARNO,VC,31/12/1983 00:00:00
403016539,LOCATE BERGAMASCO,BG,31/12/1983 00:00:00
406031548,LOCAVIZZA DI AIDUSSINA,GO,15/09/1947 00:00:00
406031549,LOCAVIZZA DI CANALE,GO,15/09/1947 00:00:00
404022557,LOCCA,TN,31/12/1983 00:00:00
403015729,LODI,MI,05/03/1992 00:00:00
403015730,LODI VECCHIO,MI,05/03/1992 00:00:00
407009517,LODISIO,SV,31/12/1983 00:00:00
404022558,LODRONE,TN,31/12/1983 00:00:00
403013703,LOMAGNA,CO,05/03/1992 00:00:00
403013595,LOMANIGA,CO,31/12/1983 00:00:00
404022107,LOMASO,TN,31/12/2009 00:00:00
404022559,LON,TN,31/12/1983 00:00:00
404022671,LONA,TN,31/12/1983 00:00:00
403017092,LONATO,BS,01/11/2007 00:00:00
414070525,LONGANO,CB,02/03/1970 00:00:00
403019570,LONGARDORE,CR,31/12/1983 00:00:00
405025031,LONGARONE,BL,21/02/2014 00:00:00
404021538,LONGIARU',BZ,31/12/1983 00:00:00
401003650,LOREGLIA,NO,29/04/1992 00:00:00
403016540,LORENTINO,BG,31/12/1983 00:00:00
409050018,LORENZANA,PI,31/12/2013 00:00:00
406031550,LOSE,GO,15/09/1947 00:00:00
416072504,LOSETO,BA,31/12/1983 00:00:00
401004509,LOTTULO,CN,31/12/1983 00:00:00
403017551,LOVENO GRUMELLO,BS,31/12/1983 00:00:00
403013596,LOVENO SOPRA MENAGGIO,CO,31/12/1983 00:00:00
404022560,LOVER,TN,31/12/1983 00:00:00
403012554,LOZZO,VA,31/12/1983 00:00:00
403015599,LUCERNATE,MI,31/12/1983 00:00:00
406031551,LUCINICO,GO,31/12/1983 00:00:00
403013597,LUCINO,CO,31/12/1983 00:00:00
403017552,LUDRIANO,BS,31/12/1983 00:00:00
406031552,LUICO,GO,15/09/1947 00:00:00
403019571,LUIGNANO,CR,31/12/1983 00:00:00
403017553,LUMEZZANE PIEVE,BS,31/12/1983 00:00:00
403017554,LUMEZZANE SAN SEBASTIANO,BS,31/12/1983 00:00:00
403017555,LUMEZZANE SANT'APOLLONIO,BS,31/12/1983 00:00:00
404022561,LUNDO,TN,31/12/1983 00:00:00
415061507,LUSCIANO E DUCENTA,CE,31/12/1983 00:00:00
401001531,LUSERNA,TO,31/12/1983 00:00:00
450501521,LUSSINGRANDE,PL,15/09/1947 00:00:00
450501522,LUSSINPICCOLO,PL,15/09/1947 00:00:00
404021539,LUTAGO,BZ,31/12/1983 00:00:00
415062504,LUZZANO,BN,31/12/1983 00:00:00
401003567,LUZZOGNO,NO,31/12/1983 00:00:00
403012094,MACCAGNO,VA,03/02/2014 00:00:00
403012555,MACCAGNO INFERIORE,VA,31/12/1983 00:00:00
403015731,MACCASTORNA,MI,05/03/1992 00:00:00
414070526,MACCHIA D'ISERNIA,CB,02/03/1970 00:00:00
414070527,MACCHIAGODENA,CB,02/03/1970 00:00:00
403013598,MACCIO,CO,31/12/1983 00:00:00
403015129,MACHERIO,MI,29/06/2009 00:00:00
401003651,MACUGNAGA,NO,29/04/1992 00:00:00
403017556,MADERNO,BS,31/12/1983 00:00:00
404022672,MADICE,TN,31/12/1983 00:00:00
401003652,MADONNA DEL SASSO,NO,29/04/1992 00:00:00
404022562,MADRANO,TN,31/12/1983 00:00:00
404022563,MADRUZZO,TN,31/12/1983 00:00:00
403013599,MAGGIANICO,CO,31/12/1983 00:00:00
411044026,MAGLIANO DI TENNA,AP,11/07/2009 00:00:00
401002557,MAGNANO,VC,05/03/1992 00:00:00
403017557,MAGNO SOPRA INZINO,BS,31/12/1983 00:00:00
401003568,MAGOGNINO,NO,31/12/1983 00:00:00
404022564,MAGRAS,TN,31/12/1983 00:00:00
404022565,MAGRE',TN,31/12/1983 00:00:00
405024504,MAGRE VICENTINO,VI,31/12/1983 00:00:00
404021540,MAIA ALTA,BZ,31/12/1983 00:00:00
404021541,MAIA BASSA,BZ,31/12/1983 00:00:00
418079538,MAIERATO,CZ,05/03/1992 00:00:00
411041024,MAIOLO,PS,31/12/1998 00:00:00
411141024,MAIOLO,PU,14/08/2009 00:00:00
403015732,MAIRAGO,MI,05/03/1992 00:00:00
404022673,MALA,TN,31/12/1983 00:00:00
405027505,MALAMOCCO,VE,31/12/1983 00:00:00
406030511,MALBORGHETTO,UD,31/12/1983 00:00:00
406032518,MALCHINA,TS,31/12/1983 00:00:00
403015733,MALEO,MI,05/03/1992 00:00:00
401003653,MALESCO,NO,29/04/1992 00:00:00
404022566,MALGOLO,TN,31/12/1983 00:00:00
403013704,MALGRATE,CO,05/03/1992 00:00:00
404021542,MALLES,BZ,31/12/1983 00:00:00
401004510,MALPOTREMO,CN,31/12/1983 00:00:00
401006517,MALVINO,AL,31/12/1983 00:00:00
403013705,MANDELLO DEL LARIO,CO,05/03/1992 00:00:00
403018540,MANDRINO,PV,31/12/1983 00:00:00
403018541,MANGIALUPO,PV,31/12/1983 00:00:00
406030545,MANIAGO,UD,29/02/1968 00:00:00
401001532,MANIGLIA,TO,31/12/1983 00:00:00
404021543,MANTANA,BZ,31/12/1983 00:00:00
404022567,MANZANO,TN,30/12/1923 00:00:00
404022568,MARANO,TN,31/12/1983 00:00:00
412059503,MARANOLA,LT,31/12/1983 00:00:00
404021544,MARANZA,BZ,31/12/1983 00:00:00
407010510,MARASSI,GE,31/12/1983 00:00:00
403015600,MARCALLO,MI,31/12/1983 00:00:00
405023509,MARCELLISE,VR,31/12/1983 00:00:00
404022569,MARCO,TN,31/12/1983 00:00:00
401001533,MARCORENGO,TO,31/12/1983 00:00:00
450501523,MARESEGO,PL,03/04/1977 00:00:00
404021545,MARETA,BZ,31/12/1983 00:00:00
416071030,MARGHERITA DI SAVOIA,FG,26/07/2009 00:00:00
403013706,MARGNO,CO,05/03/1992 00:00:00
404022570,MARGONE,TN,31/12/1983 00:00:00
403016541,MARIANO AL BREMBO,BG,31/12/1983 00:00:00
401005503,MARMORITO,AT,31/12/1983 00:00:00
407008520,MARO CASTELLO,IM,31/12/1983 00:00:00
408034504,MARORE,PR,31/12/1983 00:00:00
420092541,MARRUBIU,CA,15/07/1974 00:00:00
407009518,MARTINA OLBA,SV,31/12/1983 00:00:00
403015734,MARUDO,MI,05/03/1992 00:00:00
403019572,MARZALENGO,CR,31/12/1983 00:00:00
403015601,MASCIAGO MILANESE,MI,31/12/1983 00:00:00
401003654,MASERA,NO,29/04/1992 00:00:00
404022571,MASI DI VIGO,TN,31/12/1983 00:00:00
403012556,MASNAGO,VA,31/12/1983 00:00:00
411044028,MASSA FERMANA,AP,11/07/2009 00:00:00
405029510,MASSA SUPERIORE,RO,31/12/1983 00:00:00
408038013,MASSAFISCAGLIA,FE,31/12/2013 00:00:00
403015735,MASSALENGO,MI,05/03/1992 00:00:00
420092542,MASSAMA,CA,15/07/1974 00:00:00
420095506,MASSAMA,OR,31/12/1983 00:00:00
403016542,MASSARI-MELZI,BG,31/12/1983 00:00:00
401002558,MASSAZZA,VC,05/03/1992 00:00:00
409052501,MASSE DI CITTA',SI,31/12/1983 00:00:00
409052502,MASSE DI SAN MARTINO,SI,31/12/1983 00:00:00
409052503,MASSE DI SIENA,SI,31/12/1983 00:00:00
401002559,MASSERANO,VC,05/03/1992 00:00:00
401003655,MASSIOLA,NO,29/04/1992 00:00:00
404022572,MASTELLINA,TN,31/12/1983 00:00:00
420092543,MASULLAS,CA,15/07/1974 00:00:00
404022573,MATTARELLO,TN,31/12/1983 00:00:00
450500514,MATTERIA,FU,15/09/1947 00:00:00
450500515,MATTUGLIE,FU,15/09/1947 00:00:00
404021546,MAZIA,BZ,31/12/1983 00:00:00
403015602,MAZZO MILANESE,MI,31/12/1983 00:00:00
403016543,MAZZOLENI E FALGHERA,BG,31/12/1983 00:00:00
403017558,MAZZUNNO,BS,31/12/1983 00:00:00
401001534,MEANO,TO,31/12/1983 00:00:00
404022574,MEANO,TN,31/12/1983 00:00:00
404022575,MECHEL,TN,31/12/1983 00:00:00
403015138,MEDA,MI,29/06/2009 00:00:00
406031553,MEDANA,GO,31/12/1983 00:00:00
406030546,MEDUNO,UD,29/02/1968 00:00:00
403015603,MELEGNANELLO,MI,31/12/1983 00:00:00
403015736,MELETI,MI,05/03/1992 00:00:00
401001535,MELEZET,TO,31/12/1983 00:00:00
418079539,MELISSA,CZ,05/03/1992 00:00:00
403014042,MENAROLA,SO,24/11/2015 00:00:00
404022674,MENAS,TN,31/12/1983 00:00:00
407008521,MENDATICA-MONTEGROSSO,IM,31/12/1983 00:00:00
401001536,MENTOULLES,TO,31/12/1983 00:00:00
403012557,MENZAGO,VA,31/12/1983 00:00:00
403013707,MERATE,CO,05/03/1992 00:00:00
403015604,MERCUGNANO,MI,31/12/1983 00:00:00
401003569,MERCURAGO,NO,31/12/1983 00:00:00
401003656,MERGOZZO,NO,29/04/1992 00:00:00
403015737,MERLINO,MI,05/03/1992 00:00:00
406031554,MERNA,GO,31/12/1983 00:00:00
418079540,MESORACA,CZ,05/03/1992 00:00:00
405027506,MESTRE,VE,24/08/1926 00:00:00
404022576,MESTRIAGO,TN,31/12/1983 00:00:00
403015605,METTONE,MI,31/12/1983 00:00:00
403015145,MEZZAGO,MI,29/06/2009 00:00:00
403015606,MEZZANA CASATI,MI,31/12/1983 00:00:00
401002560,MEZZANA MORTIGLIENGO,VC,05/03/1992 00:00:00
403012558,MEZZANA SUPERIORE,VA,31/12/1983 00:00:00
404022577,MEZZANO IMER,TN,31/12/1983 00:00:00
403018542,MEZZANO PARPANESE,PV,31/12/1983 00:00:00
403015607,MEZZANO PASSONE,MI,31/12/1983 00:00:00
403018543,MEZZANO SICCOMARIO,PV,31/12/1983 00:00:00
403013148,MEZZEGRA,CO,03/02/2014 00:00:00
404022578,MEZZOLAGO,TN,31/12/1983 00:00:00
401002561,MIAGLIANO,VC,05/03/1992 00:00:00
401003657,MIAZZINA,NO,29/04/1992 00:00:00
401003570,MIGIANDONE,NO,31/12/1983 00:00:00
415064503,MIGLIANO,AV,31/12/1983 00:00:00
408038015,MIGLIARINO,FE,31/12/2013 00:00:00
408038026,MIGLIARO,FE,31/12/2013 00:00:00
403015608,MIGNETE,MI,31/12/1983 00:00:00
418079541,MILETO,CZ,05/03/1992 00:00:00
420092544,MILIS,CA,15/07/1974 00:00:00
404021547,MILLAN-SARNESS,BZ,31/12/1983 00:00:00
401001537,MILLAURES,TO,31/12/1983 00:00:00
403017559,MILZANELLO,BS,31/12/1983 00:00:00
416072026,MINERVINO MURGE,BA,26/07/2009 00:00:00
403013600,MINOPRIO,CO,31/12/1983 00:00:00
404022579,MIOLA,TN,31/12/1983 00:00:00
406030512,MIONE,UD,31/12/1983 00:00:00
408038016,MIRABELLO,FE,31/12/2016 00:00:00
403019573,MIRABELLO CIRIA,CR,31/12/1983 00:00:00
403013578,MIRABELLO COMASCO,CO,31/12/1983 00:00:00
403018544,MIRABELLO ED UNITI DI PAVIA,PV,31/12/1983 00:00:00
403015609,MIRABELLO SAN BERNARDINO,MI,31/12/1983 00:00:00
414070528,MIRANDA,CB,02/03/1970 00:00:00
408040510,MISANO ADRIATICO,FO,15/04/1992 00:00:00
408140510,MISANO IN VILLA VITTORIA,FO,17/08/1938 00:00:00
403018545,MISANO OLONA,PV,31/12/1983 00:00:00
403015147,MISINTO,MI,29/06/2009 00:00:00
403013708,MISSAGLIA,CO,05/03/1992 00:00:00
405023510,MIZZOLE,VR,31/12/1983 00:00:00
407008522,MOANO,IM,31/12/1983 00:00:00
401001538,MOCCHIE,TO,31/12/1983 00:00:00
404022580,MOERNA,TN,31/12/1983 00:00:00
403013709,MOGGIO,CO,05/03/1992 00:00:00
420092545,MOGORELLA,CA,15/07/1974 00:00:00
420092546,MOGORO,CA,15/07/1974 00:00:00
403013601,MOIANA,CO,31/12/1983 00:00:00
407010511,MOLASSANA,GE,31/12/1983 00:00:00
403013602,MOLINA,CO,31/12/1983 00:00:00
404022119,MOLINA DI LEDRO,TN,31/12/2009 00:00:00
403016544,MOLINI DI COLOGNOLA,BG,31/12/1983 00:00:00
404021548,MOLINI DI TURES,BZ,31/12/1983 00:00:00
401006518,MOLINO ALZANO,AL,31/12/1983 00:00:00
404022581,MOLLARO,TN,31/12/1983 00:00:00
401001539,MOLLIERES,TO,31/12/1983 00:00:00
401006519,MOLO DI BORBERA,AL,31/12/1983 00:00:00
407008524,MOLTEDO SUPERIORE,IM,31/12/1983 00:00:00
403013710,MOLTENO,CO,05/03/1992 00:00:00
403012559,MOMBELLO LAGO MAGGIORE,VA,31/12/1983 00:00:00
403017560,MOMPIANO,BS,31/12/1983 00:00:00
401001540,MONASTEROLO TORINESE,TO,31/12/1983 00:00:00
403012560,MONATE,VA,31/12/1983 00:00:00
404022121,MONCLASSICO,TN,31/12/2015 00:00:00
403015611,MONCUCCO DI MONZA,MI,31/12/1983 00:00:00
403015610,MONCUCCO VECCHIO,MI,31/12/1983 00:00:00
408040511,MONDAINO,FO,15/04/1992 00:00:00
403013603,MONDONICO,CO,31/12/1983 00:00:00
401006520,MONDONIO,AL,31/12/1983 00:00:00
401001541,MONDRONE,TO,31/12/1983 00:00:00
404021549,MONGHEZZO DI FUORI,BZ,31/12/1983 00:00:00
418079542,MONGIANA,CZ,05/03/1992 00:00:00
403015612,MONGIARDINO SILLARO,MI,31/12/1983 00:00:00
401002562,MONGRANDO,VC,05/03/1992 00:00:00
411044030,MONSAMPIETRO MORICO,AP,11/07/2009 00:00:00
411044505,MONTACUTO,AP,31/12/1983 00:00:00
411044506,MONTADAMO,AP,31/12/1983 00:00:00
404022122,MONTAGNE,TN,31/12/2015 00:00:00
409052014,MONTALCINO,SI,31/12/2016 00:00:00
401006521,MONTALERO,AL,31/12/1983 00:00:00
411041508,MONTALFOGLIO,PS,31/12/1983 00:00:00
411041509,MONTALTO TARUGO,PS,31/12/1983 00:00:00
403019574,MONTANARA,CR,31/12/1983 00:00:00
403015738,MONTANASO LOMBARDO,MI,05/03/1992 00:00:00
403013604,MONTANO COMASCO,CO,31/12/1983 00:00:00
411044033,MONTAPPONE,AP,11/07/2009 00:00:00
414070529,MONTAQUILA,CB,02/03/1970 00:00:00
404021550,MONTASSILONE,BZ,31/12/1983 00:00:00
403018546,MONTE BOLOGNOLA,PV,31/12/1983 00:00:00
408040512,MONTE COLOMBO,FO,15/04/1992 00:00:00
408099007,MONTE COLOMBO,RN,31/12/2015 00:00:00
450501524,MONTE DI CAPODISTRIA,PL,03/04/1977 00:00:00
404021551,MONTE DI MEZZODI',BZ,31/12/1983 00:00:00
404021552,MONTE DI TRAMONTANA,BZ,31/12/1983 00:00:00
411044039,MONTE GIBERTO,AP,11/07/2009 00:00:00
411141035,MONTE GRIMANO,PU,13/05/2002 00:00:00
411041035,MONTE GRIMANO,PS,31/12/1998 00:00:00
403016593,MONTE MARENZO,BG,05/03/1992 00:00:00
411041514,MONTE MONTANARO,PS,31/12/1983 00:00:00
403013605,MONTE OLIMPINO,CO,31/12/1983 00:00:00
401003571,MONTE OSSOLANO,NO,31/12/1983 00:00:00
411044046,MONTE RINALDO,AP,11/07/2009 00:00:00
404021556,MONTE SAN CANDIDO,BZ,31/12/1983 00:00:00
411044048,MONTE SAN PIETRANGELI,AP,11/07/2009 00:00:00
406031556,MONTE SAN VITO,GO,15/09/1947 00:00:00
410054508,MONTE SANTA MARIA IN SABINA,PG,31/12/1983 00:00:00
406031558,MONTE URABICE,GO,15/09/1947 00:00:00
411044049,MONTE URANO,AP,11/07/2009 00:00:00
411044050,MONTE VIDON COMBATTE,AP,11/07/2009 00:00:00
411044051,MONTE VIDON CORRADO,AP,11/07/2009 00:00:00
411041510,MONTEBELLO METAURENSE,PS,31/12/1983 00:00:00
401003521,MONTEBUGLIO,NO,31/12/1983 00:00:00
411044507,MONTECALVO DEL CASTELLANO,AP,31/12/1983 00:00:00
409048504,MONTECALVOLI,FI,31/12/1983 00:00:00
409047501,MONTECATINI VAL DI NIEVOLE,PT,31/12/1983 00:00:00
412058501,MONTECELIO,RM,31/12/1983 00:00:00
404021553,MONTECHIARO,BZ,31/12/1983 00:00:00
401006522,MONTECHIARO DENICE,AL,31/12/1983 00:00:00
411141032,MONTECICCARDO,PU,30/06/2020 00:00:00
411141033,MONTECOPIOLO,PU,16/06/2021 00:00:00
401003658,MONTECRESTESE,NO,29/04/1992 00:00:00
411041511,MONTEFABBRI,PS,31/12/1983 00:00:00
411044035,MONTEFALCONE APPENNINO,AP,11/07/2009 00:00:00
408040513,MONTEFIORE CONCA,FO,15/04/1992 00:00:00
408140513,MONTEFIORITO,FO,18/01/1917 00:00:00
404021554,MONTEFONTANA,BZ,31/12/1983 00:00:00
411044037,MONTEFORTINO,AP,11/07/2009 00:00:00
411044040,MONTEGIORGIO,AP,11/07/2009 00:00:00
410055506,MONTEGIOVE,TR,31/12/1983 00:00:00
411044041,MONTEGRANARO,AP,11/07/2009 00:00:00
407008523,MONTEGRAZIE,IM,31/12/1983 00:00:00
408040514,MONTEGRIDOLFO,FO,15/04/1992 00:00:00
403012561,MONTEGRINO,VA,31/12/1983 00:00:00
411041512,MONTEGUIDUCCIO,PS,31/12/1983 00:00:00
411044042,MONTELEONE DI FERMO,AP,11/07/2009 00:00:00
403018547,MONTELEONE SUI COLLI PAVESI,PV,31/12/1983 00:00:00
411044043,MONTELPARO,AP,11/07/2009 00:00:00
411041513,MONTEMAGGIORE,PS,31/12/1983 00:00:00
411041037,MONTEMAGGIORE AL METAURO,PS,31/12/1998 00:00:00
411141037,MONTEMAGGIORE AL METAURO,PU,31/12/2016 00:00:00
409048511,MONTEMURLO,FI,26/03/1992 00:00:00
403012562,MONTENATE,VA,31/12/1983 00:00:00
406031555,MONTENERO D'IDRIA,GO,15/09/1947 00:00:00
414070929,MONTENERO VAL COCCHIARA,CB,02/03/1970 00:00:00
404021555,MONTEPONENTE,BZ,31/12/1983 00:00:00
411042028,MONTERADO,AN,31/12/2013 00:00:00
406030547,MONTEREALE VALCELLINA,UD,29/02/1968 00:00:00
414070530,MONTERODUNI,CB,02/03/1970 00:00:00
411041515,MONTEROLO,PS,31/12/1983 00:00:00
418079543,MONTEROSSO CALABRO,CZ,05/03/1992 00:00:00
410055507,MONTERUBBIAGLIO,TR,31/12/1983 00:00:00
411044047,MONTERUBBIANO,AP,11/07/2009 00:00:00
404022582,MONTES,TN,31/12/1983 00:00:00
403018548,MONTESANO AL PIANO,PV,31/12/1983 00:00:00
410054509,MONTESANTO VIGI,PG,31/12/1983 00:00:00
401003659,MONTESCHENO,NO,29/04/1992 00:00:00
408099010,MONTESCUDO,RN,31/12/2015 00:00:00
408040515,MONTESCUDO,FO,15/04/1992 00:00:00
411041516,MONTESECCO ANTICO,PS,31/12/1983 00:00:00
411042501,MONTESICURO,AN,31/12/1983 00:00:00
413068502,MONTESILVANO MARINA,PE,31/12/1983 00:00:00
403015613,MONTESIRO,MI,31/12/1983 00:00:00
406031557,MONTESPINO,GO,15/09/1947 00:00:00
401001542,MONTESTRUTTO,TO,31/12/1983 00:00:00
404022675,MONTEVACCINO,TN,31/12/1983 00:00:00
403013711,MONTEVECCHIA,CO,05/03/1992 00:00:00
411041517,MONTEVECCHIO,PS,31/12/1983 00:00:00
408037043,MONTEVEGLIO,BO,31/12/2013 00:00:00
403012563,MONTEVIASCO,VA,31/12/1983 00:00:00
403019575,MONTICELLI RIPA D'OGLIO,CR,31/12/1983 00:00:00
403013156,MONTICELLO BRIANZA,CO,05/06/1992 00:00:00
401005078,MONTIGLIO,AT,01/09/1998 00:00:00
450501525,MONTONA,PL,15/09/1947 00:00:00
403012564,MONTONATE,VA,31/12/1983 00:00:00
405023511,MONTORIO VERONESE,VR,31/12/1983 00:00:00
415064061,MONTORO INFERIORE,AV,02/12/2013 00:00:00
415064062,MONTORO SUPERIORE,AV,02/12/2013 00:00:00
415062505,MONTORSO,BN,31/12/1983 00:00:00
411044052,MONTOTTONE,AP,11/07/2009 00:00:00
401003572,MONTRIGIASCO,NO,31/12/1983 00:00:00
416072505,MONTRONE,BA,31/12/1983 00:00:00
403018549,MONTU' BERCHIELLI,PV,31/12/1983 00:00:00
403015149,MONZA,MI,29/06/2009 00:00:00
401002520,MORCA,VC,31/12/1983 00:00:00
408040516,MORCIANO DI ROMAGNA,FO,15/04/1992 00:00:00
411044508,MOREGNANO,AP,31/12/1983 00:00:00
411044053,MORESCO,AP,11/07/2009 00:00:00
420092547,MORGONGIORI,CA,15/07/1974 00:00:00
401002521,MORONDO,VC,31/12/1983 00:00:00
403012565,MOROSOLO,VA,31/12/1983 00:00:00
406030548,MORSANO AL TAGLIAMENTO,UD,29/02/1968 00:00:00
403015614,MORSENCHIO,MI,31/12/1983 00:00:00
408040502,MORTANO,FO,13/01/1924 00:00:00
404022583,MORTASO,TN,31/12/1983 00:00:00
404021557,MORTER,BZ,31/12/1983 00:00:00
403013712,MORTERONE,CO,05/03/1992 00:00:00
408033502,MORTIZZA,PC,31/12/1983 00:00:00
450500516,MOSCHIENA,FU,15/09/1947 00:00:00
401096036,MOSSO SANTA MARIA,BI,31/12/1998 00:00:00
401002563,MOSSO SANTA MARIA,VC,05/03/1992 00:00:00
403018550,MOTTA SAN DAMIANO,PV,31/12/1983 00:00:00
403015615,MOTTA VIGANA,MI,31/12/1983 00:00:00
401002564,MOTTALCIATA,VC,05/03/1992 00:00:00
411044509,MOZZANO,AP,31/12/1983 00:00:00
401003573,MOZZIO,NO,31/12/1983 00:00:00
403017561,MU,BS,31/12/1983 00:00:00
403012566,MUCENO,VA,31/12/1983 00:00:00
403015616,MUGGIANO,MI,31/12/1983 00:00:00
403015152,MUGGIO',MI,29/06/2009 00:00:00
420091502,MULARGIA,NU,31/12/1983 00:00:00
403015739,MULAZZANO,MI,05/03/1992 00:00:00
404021558,MULES,BZ,31/12/1983 00:00:00
407010512,MULTEDO,GE,31/12/1983 00:00:00
405027507,MURANO,VE,18/02/1924 00:00:00
401001543,MURIAGLIO,TO,31/12/1983 00:00:00
403012567,MUSADINO,VA,31/12/1983 00:00:00
406030513,MUSCOLO-STRASSOLDO,UD,31/12/1983 00:00:00
413068503,MUSELLARO,PE,31/12/1983 00:00:00
408037502,MUSIANO,BO,31/12/1983 00:00:00
403012568,MUSIGNANO,VA,31/12/1983 00:00:00
403015617,MUSOCCO,MI,31/12/1983 00:00:00
401002565,MUZZANO,VC,05/03/1992 00:00:00
406032519,NACLA SAN MAURIZIO,TS,15/09/1947 00:00:00
404022125,NANNO,TN,31/12/2015 00:00:00
420092548,NARBOLIA,CA,15/07/1974 00:00:00
418079544,NARDODIPACE,CZ,05/03/1992 00:00:00
403013606,NAVA,CO,31/12/1983 00:00:00
403017562,NAVONO,BS,31/12/1983 00:00:00
404021559,NAZ,BZ,31/12/1983 00:00:00
405023512,NEGARINE,VR,31/12/1983 00:00:00
420092549,NEONELI,CA,15/07/1974 00:00:00
450501526,NERESINE,PL,15/09/1947 00:00:00
407010513,NERVI,GE,31/12/1983 00:00:00
403016545,NESE,BG,31/12/1983 00:00:00
401002566,NETRO,VC,05/03/1992 00:00:00
412058502,NETTUNIA,RM,31/12/1983 00:00:00
403013713,NIBIONNO,CO,05/03/1992 00:00:00
418079502,NICASTRO,CZ,31/12/1983 00:00:00
418079545,NICOTERA,CZ,05/03/1992 00:00:00
403017563,NIGOLINE,BS,31/12/1983 00:00:00
403015618,NIGUARDA,MI,31/12/1983 00:00:00
403012569,NIZZOLINA,VA,31/12/1983 00:00:00
404022584,NOARNA,TN,31/12/1983 00:00:00
401003574,NOCCO,NO,31/12/1983 00:00:00
404022585,NOGARE',TN,31/12/1983 00:00:00
404022586,NOMESINO,TN,30/12/1923 00:00:00
401003660,NONIO,NO,29/04/1992 00:00:00
420092550,NORBELLO,CA,15/07/1974 00:00:00
404022587,NORIGLIO,TN,31/12/1983 00:00:00
403019576,NOSADELLO,CR,31/12/1983 00:00:00
403015619,NOSEDO,MI,31/12/1983 00:00:00
403015156,NOVA MILANESE,MI,29/06/2009 00:00:00
404021560,NOVACELLA,BZ,31/12/1983 00:00:00
411141039,NOVAFELTRIA,PU,14/08/2009 00:00:00
411041039,NOVAFELTRIA,PS,31/12/1998 00:00:00
405024505,NOVALE,VI,31/12/1983 00:00:00
401001544,NOVAREGLIA,TO,31/12/1983 00:00:00
403013607,NOVATE BRIANZA,CO,31/12/1983 00:00:00
403015620,NOVEGRO,MI,31/12/1983 00:00:00
401004511,NOVELLO MONCHIERO,CN,31/12/1983 00:00:00
411041518,NOVILARA,PS,31/12/1983 00:00:00
403017564,NOZZA,BS,31/12/1983 00:00:00
420090503,NUCHIS,SS,31/12/1983 00:00:00
420092551,NUGHEDU SANTA VITTORIA,CA,15/07/1974 00:00:00
420092552,NURACHI,CA,15/07/1974 00:00:00
420092553,NURAXINIEDDU,CA,15/07/1974 00:00:00
420095507,NURAXINIEDDU,OR,31/12/1983 00:00:00
420092554,NURECI,CA,15/07/1974 00:00:00
420091054,NURRI,NU,08/05/2005 00:00:00
401002567,OCCHIEPPO INFERIORE,VC,05/03/1992 00:00:00
401002568,OCCHIEPPO SUPERIORE,VC,05/03/1992 00:00:00
401003661,OGGEBBIO,NO,29/04/1992 00:00:00
403013714,OGGIONO,CO,05/03/1992 00:00:00
403013608,OLATE,CO,31/12/1983 00:00:00
407009519,OLBA,SV,31/12/1983 00:00:00
403013609,OLCIO,CO,31/12/1983 00:00:00
401003575,OLGIA,NO,31/12/1983 00:00:00
403013610,OLGIATE CALCO,CO,31/12/1983 00:00:00
403013715,OLGIATE MOLGORA,CO,05/03/1992 00:00:00
403012570,OLGINASIO,VA,31/12/1983 00:00:00
403013716,OLGINATE,CO,05/03/1992 00:00:00
407008525,OLIVASTRI,IM,31/12/1983 00:00:00
410054510,OLIVETO IN SABINA,PG,31/12/1983 00:00:00
403013717,OLIVETO LARIO,CO,05/03/1992 00:00:00
403016546,OLTREPOVO,BG,31/12/1983 00:00:00
404022588,OLTRESARCA,TN,31/12/1983 00:00:00
406031559,OLTRESONZIA,GO,15/09/1947 00:00:00
403016547,OLTRESSENDA BASSA,BG,31/12/1983 00:00:00
403012571,OLTRONA AL LAGO,VA,31/12/1983 00:00:00
403015621,OMATE,MI,31/12/1983 00:00:00
403019577,OMBRIANO,CR,31/12/1983 00:00:00
401003662,OMEGNA,NO,29/04/1992 00:00:00
407008526,ONEGLIA,IM,31/12/1983 00:00:00
404021561,ONIES,BZ,31/12/1983 00:00:00
403013611,ONNO,CO,31/12/1983 00:00:00
403017565,ONO DEGNO,BS,31/12/1983 00:00:00
406031560,OPACCHIASELLA,GO,31/12/1983 00:00:00
401003576,ORASSO,NO,31/12/1983 00:00:00
411041040,ORCIANO DI PESARO,PS,31/12/1998 00:00:00
411141040,ORCIANO DI PESARO,PU,31/12/2016 00:00:00
407009520,ORCO,SV,31/12/1983 00:00:00
403015622,ORENO,MI,31/12/1983 00:00:00
403016548,OREZZO,BG,31/12/1983 00:00:00
403017566,ORIANO,BS,31/12/1983 00:00:00
403013612,ORIANO DI BRIANZA,CO,31/12/1983 00:00:00
403012572,ORIANO SOPRA TICINO,VA,31/12/1983 00:00:00
403018551,ORIGIOSO,PV,31/12/1983 00:00:00
403012573,ORINO AZZIO,VA,31/12/1983 00:00:00
403015740,ORIO LITTA,MI,05/03/1992 00:00:00
404021562,ORIS,BZ,31/12/1983 00:00:00
420092555,ORISTANO,CA,15/07/1974 00:00:00
403015161,ORNAGO,MI,29/06/2009 00:00:00
401003663,ORNAVASSO,NO,29/04/1992 00:00:00
420091065,ORROLI,NU,31/12/2005 00:00:00
450501527,ORSERA,PL,15/09/1947 00:00:00
401003577,ORTA NOVARESE,NO,31/12/1983 00:00:00
411044055,ORTEZZANO,AP,11/07/2009 00:00:00
418080508,ORTI,RC,31/12/1983 00:00:00
404022676,ORTISE',TN,31/12/1983 00:00:00
407011020,ORTONOVO,SP,19/04/2017 00:00:00
403013718,OSNAGO,CO,05/03/1992 00:00:00
411044510,OSOLI,AP,31/12/1983 00:00:00
403015741,OSPEDALETTO LODIGIANO,MI,05/03/1992 00:00:00
403015742,OSSAGO LODIGIANO,MI,05/03/1992 00:00:00
403019578,OSSALENGO,CR,31/12/1983 00:00:00
403016549,OSSANESGA,BG,31/12/1983 00:00:00
406031561,OSSECCA VITTUGLIA,GO,15/09/1947 00:00:00
406031562,OSSEGLIANO SAN MICHELE,GO,15/09/1947 00:00:00
450501528,OSSERO,PL,15/09/1947 00:00:00
403019579,OSSOLARO,CR,31/12/1983 00:00:00
403013172,OSSUCCIO,CO,03/02/2014 00:00:00
404022132,PADERGNONE,TN,31/12/2015 00:00:00
403017567,PADERNELLO,BS,31/12/1983 00:00:00
403019580,PADERNO CREMONESE,CR,31/12/1983 00:00:00
403013719,PADERNO D'ADDA,CO,05/03/1992 00:00:00
413066505,PAGANICA,AQ,31/12/1983 00:00:00
411044511,PAGLIARE,AP,31/12/1983 00:00:00
401004512,PAGLIERES,CN,31/12/1983 00:00:00
403013613,PAGNANO VALSASSINA,CO,31/12/1983 00:00:00
403013720,PAGNONA,CO,05/03/1992 00:00:00
403015623,PAINA,MI,31/12/1983 00:00:00
403018552,PAIRANA,PV,31/12/1983 00:00:00
403017568,PAISCO,BS,31/12/1983 00:00:00
403013614,PALANZO,CO,31/12/1983 00:00:00
401001546,PALAZZO PIVERONE,TO,31/12/1983 00:00:00
403015624,PALAZZOLO MILANESE,MI,31/12/1983 00:00:00
418079546,PALLAGORIO,CZ,05/03/1992 00:00:00
401003578,PALLANZA,NO,31/12/1983 00:00:00
401003664,PALLANZENO,NO,29/04/1992 00:00:00
420092556,PALMAS ARBOREA,CA,15/07/1974 00:00:00
403019581,PALVARETO,CR,31/12/1983 00:00:00
406031563,PANIQUA,GO,15/09/1947 00:00:00
404022688,PANNONE,TN,31/08/1971 00:00:00
407008527,PANTASINA,IM,31/12/1983 00:00:00
403018553,PAPIAGO,PV,31/12/1983 00:00:00
410055508,PAPIGNO,TR,31/12/1983 00:00:00
418080509,PARACORIO,RC,31/12/1983 00:00:00
403013175,PARE',CO,03/02/2014 00:00:00
450501529,PARENZO,PL,15/09/1947 00:00:00
418079547,PARGHELIA,CZ,05/03/1992 00:00:00
403013721,PARLASCO,CO,05/03/1992 00:00:00
405023513,PARONA DI VALPOLICELLA,VR,31/12/1983 00:00:00
401002522,PARONE,VC,31/12/1983 00:00:00
403013615,PARRAVICINO,CO,31/12/1983 00:00:00
410054511,PASCELUPO,PG,31/12/1983 00:00:00
406030549,PASIANO DI PORDENONE,UD,29/02/1968 00:00:00
403019582,PASSARERA,CR,31/12/1983 00:00:00
401005504,PASSERANO,AT,31/12/1983 00:00:00
403015625,PASSIRANA MILANESE,MI,31/12/1983 00:00:00
415062506,PASTENE,BN,31/12/1983 00:00:00
403015626,PASTURAGO,MI,31/12/1983 00:00:00
403013722,PASTURO,CO,05/03/1992 00:00:00
411042502,PATERNO D'ANCONA,AN,31/12/1983 00:00:00
404022589,PATONE,TN,31/12/1983 00:00:00
411044512,PATRIGNONE,AP,31/12/1983 00:00:00
420092557,PAU,CA,15/07/1974 00:00:00
450501530,PAUGNANO,PL,03/04/1977 00:00:00
420092558,PAULILATINO,CA,15/07/1974 00:00:00
401006523,PAVONE D'ALESSANDRIA,AL,31/12/1983 00:00:00
418078095,PEDACE,CS,04/05/2017 00:00:00
401001547,PEDANEA,TO,31/12/1983 00:00:00
411044057,PEDASO,AP,11/07/2009 00:00:00
418080510,PEDAVOLI,RC,31/12/1983 00:00:00
404022590,PEDERZANO,TN,31/12/1983 00:00:00
403015627,PEDRIANO,MI,31/12/1983 00:00:00
418080511,PELLARO,RC,31/12/1983 00:00:00
409048505,PELLEGRINO DA CAREGGI,FI,31/12/1983 00:00:00
405027508,PELLESTRINA,VE,08/10/1923 00:00:00
403013179,PELLIO INTELVI,CO,31/12/2016 00:00:00
411141042,PENNABILLI,PU,14/08/2009 00:00:00
411041042,PENNABILLI,PS,31/12/1998 00:00:00
403013616,PENZANO,CO,31/12/1983 00:00:00
403097066,PEREGO,LC,29/01/2015 00:00:00
403013723,PEREGO,CO,05/03/1992 00:00:00
403013724,PERLEDO,CO,05/03/1992 00:00:00
401004513,PERNO,CN,31/12/1983 00:00:00
404022591,PERRA,TN,31/12/1983 00:00:00
415062507,PERRILLO,BN,31/12/1983 00:00:00
403019583,PERSICO,CR,31/12/1983 00:00:00
404022592,PERSONE,TN,31/12/1983 00:00:00
406030515,PERTEOLE,UD,31/12/1983 00:00:00
407009521,PERTI,SV,31/12/1983 00:00:00
403013725,PESCATE,CO,05/03/1992 00:00:00
414070531,PESCHE,CB,02/03/1970 00:00:00
403017569,PESCHIERA MARAGLIO,BS,31/12/1983 00:00:00
414070532,PESCOLANCIANO,CB,02/03/1970 00:00:00
414070533,PESCOPENNATARO,CB,02/03/1970 00:00:00
403015628,PESSANO,MI,31/12/1983 00:00:00
403013617,PESSINA VALSASSINA,CO,31/12/1983 00:00:00
418079548,PETILIA POLICASTRO,CZ,05/03/1992 00:00:00
411044058,PETRITOLI,AP,11/07/2009 00:00:00
401002569,PETTINENGO,VC,05/03/1992 00:00:00
414070534,PETTORANELLO DEL MOLISE,CB,02/03/1970 00:00:00
403012574,PEVERANZA,VA,31/12/1983 00:00:00
403015629,PEZZOLO DE' CODAZZI,MI,31/12/1983 00:00:00
403015630,PEZZOLO DI TAVAZZANO,MI,31/12/1983 00:00:00
403017570,PEZZORO,BS,31/12/1983 00:00:00
411141046,PIAGGE,PU,31/12/2016 00:00:00
411041046,PIAGGE,PS,31/12/1998 00:00:00
415065506,PIAGGINE SOPRANE,SA,31/12/1983 00:00:00
403017571,PIAN D'ARTOGNE,BS,31/12/1983 00:00:00
409051029,PIAN DI SCO,AR,31/12/2013 00:00:00
403016550,PIAN GAIANO,BG,31/12/1983 00:00:00
407008528,PIANAVIA,IM,31/12/1983 00:00:00
401002523,PIANCERI,VC,31/12/1983 00:00:00
401003579,PIANE SESIA,NO,31/12/1983 00:00:00
407008529,PIANI,IM,31/12/1983 00:00:00
404022593,PIANO,TN,31/12/1983 00:00:00
403013618,PIANO PORLEZZA,CO,31/12/1983 00:00:00
415063504,PIANURA,NA,31/12/1983 00:00:00
401002570,PIATTO,VC,05/03/1992 00:00:00
405026504,PIAVON,TV,31/12/1983 00:00:00
403013619,PIAZZA SANTO STEFANO,CO,31/12/1983 00:00:00
401001548,PIAZZO,TO,31/12/1983 00:00:00
403016551,PIAZZO ALTO,BG,31/12/1983 00:00:00
403016552,PIAZZO BASSO,BG,31/12/1983 00:00:00
401002571,PIEDICAVALLO,VC,05/03/1992 00:00:00
410055509,PIEDILUCO,TR,31/12/1983 00:00:00
406031564,PIEDIMONTE DEL CALVARIO,GO,31/12/1983 00:00:00
401003665,PIEDIMULERA,NO,29/04/1992 00:00:00
410054507,PIEDIPATERNO SUL NERA,PG,31/12/1983 00:00:00
403018554,PIETRA GAVINA,PV,31/12/1983 00:00:00
414070535,PIETRABBONDANTE,CB,02/03/1970 00:00:00
405025038,PIEVE D'ALPAGO,BL,22/02/2016 00:00:00
403019584,PIEVE DELMONA,CR,31/12/1983 00:00:00
404022140,PIEVE DI BONO,TN,31/12/2015 00:00:00
404022141,PIEVE DI LEDRO,TN,31/12/2009 00:00:00
403015743,PIEVE FISSIRAGA,MI,05/03/1992 00:00:00
403019585,PIEVE SAN MAURIZIO,CR,31/12/1983 00:00:00
403019586,PIEVE TERZAGNI,CR,31/12/1983 00:00:00
401003666,PIEVE VERGONTE,NO,29/04/1992 00:00:00
411043037,PIEVEBOVIGLIANA,MC,31/12/2016 00:00:00
404022594,PILCANTE,TN,31/12/1983 00:00:00
403017572,PILZONE,BS,31/12/1983 00:00:00
450501531,PINGUENTE,PL,15/09/1947 00:00:00
403012112,PINO SULLA SPONDA DEL LAGO MAGGIORE,VA,03/02/2014 00:00:00
403015631,PINZANO,MI,31/12/1983 00:00:00
406030550,PINZANO AL TAGLIAMENTO,UD,29/02/1968 00:00:00
408034505,PIONE,PR,31/12/1983 00:00:00
450501532,PIRANO,PL,03/04/1977 00:00:00
420092503,PIRRI,CA,31/12/1983 00:00:00
415063505,PISCINOLA,NA,31/12/1983 00:00:00
418079503,PISCOPIO,CZ,31/12/1983 00:00:00
450501533,PISINO,PL,15/09/1947 00:00:00
403018555,PISSARELLO,PV,31/12/1983 00:00:00
401002572,PISTOLESA,VC,05/03/1992 00:00:00
401096045,PISTOLESA,BI,31/12/1998 00:00:00
409047015,PITEGLIO,PT,31/12/2016 00:00:00
418079549,PIZZO,CZ,05/03/1992 00:00:00
403018556,PIZZOCORNO,PV,31/12/1983 00:00:00
403015632,PIZZOLANO,MI,31/12/1983 00:00:00
414070536,PIZZONE,CB,02/03/1970 00:00:00
418079550,PIZZONI,CZ,05/03/1992 00:00:00
406031565,PLANINA,GO,15/09/1947 00:00:00
404021563,PLANOL,BZ,31/12/1983 00:00:00
404021564,PLATA,BZ,31/12/1983 00:00:00
406031566,PLEZZO,GO,15/09/1947 00:00:00
406031567,PLISCOVIZZA DELLA MADONNA,GO,15/09/1947 00:00:00
406031568,POCRAI DEL PERO,GO,15/09/1947 00:00:00
418080512,PODARGONI,RC,31/12/1983 00:00:00
406031569,PODRAGA,GO,15/09/1947 00:00:00
407008530,POGGI,IM,31/12/1983 00:00:00
409048512,POGGIO A CAIANO,FI,26/03/1992 00:00:00
408099012,POGGIO BERNI,RN,31/12/2013 00:00:00
408040517,POGGIO BERNI,FO,15/04/1992 00:00:00
412057505,POGGIO FIDONI,RI,31/12/1983 00:00:00
414070537,POGGIO SANNITA,CB,02/03/1970 00:00:00
404022677,POIA,TN,31/12/1983 00:00:00
450501534,POLA,PL,15/09/1947 00:00:00
406030551,POLCENIGO,UD,29/02/1968 00:00:00
403019587,POLENGO,CR,31/12/1983 00:00:00
408034029,POLESINE PARMENSE,PR,31/12/2015 00:00:00
418079551,POLIA,CZ,05/03/1992 00:00:00
401002573,POLLONE,VC,05/03/1992 00:00:00
403018557,POMETO,PV,31/12/1983 00:00:00
420092559,POMPU,CA,15/07/1974 00:00:00
403017573,PONCARALE FLERO,BS,31/12/1983 00:00:00
401002574,PONDERANO,VC,05/03/1992 00:00:00
403017574,PONTAGNA,BS,31/12/1983 00:00:00
403013620,PONTE,CO,31/12/1983 00:00:00
403018558,PONTE CARATE,PV,31/12/1983 00:00:00
403016553,PONTE DI NOSSA,BG,31/12/1983 00:00:00
406030516,PONTEBBA NOVA,UD,31/12/1983 00:00:00
407010515,PONTEDECIMO,GE,31/12/1983 00:00:00
403015633,PONTESESTO,MI,31/12/1983 00:00:00
415063506,PONTICELLI,NA,31/12/1983 00:00:00
403019588,PONTIROLO CAPREDONI,CR,31/12/1983 00:00:00
411044059,PONZANO DI FERMO,AP,11/07/2009 00:00:00
403013621,PONZATE,CO,31/12/1983 00:00:00
404022595,POR,TN,31/12/1983 00:00:00
411044513,PORCHIA,AP,31/12/1983 00:00:00
410055510,PORCHIANO DEL MONTE,TR,31/12/1983 00:00:00
411044514,PORCHIANO DELL'ASCENSIONE,AP,31/12/1983 00:00:00
406030552,PORCIA,UD,29/02/1968 00:00:00
406030553,PORDENONE,UD,29/02/1968 00:00:00
408037049,PORRETTA TERME,BO,31/12/2015 00:00:00
409047502,PORTA AL BORGO,PT,31/12/1983 00:00:00
409047503,PORTA CARRATICA,PT,31/12/1983 00:00:00
409048506,PORTA LUCCHESE,FI,31/12/1983 00:00:00
403019589,PORTA OMBRIANO,CR,31/12/1983 00:00:00
409048507,PORTA SAN MARCO,FI,31/12/1983 00:00:00
410055511,PORTARIA,TR,31/12/1983 00:00:00
403017575,PORTESE,BS,31/12/1983 00:00:00
407010509,PORTIO,GE,31/12/1983 00:00:00
411043501,PORTO CIVITANOVA,MC,31/12/1983 00:00:00
403015634,PORTO D'ADDA,MI,31/12/1983 00:00:00
407008531,PORTO MAURIZIO,IM,31/12/1983 00:00:00
411044060,PORTO SAN GIORGIO,AP,11/07/2009 00:00:00
411044061,PORTO SANT'ELPIDIO,AP,11/07/2009 00:00:00
450501535,PORTOLE,PL,15/09/1947 00:00:00
401002575,PORTULA,VC,05/03/1992 00:00:00
403017576,PORZANO,BS,31/12/1983 00:00:00
403016554,POSCANTE,BG,31/12/1983 00:00:00
412057506,POSTICCIOLA,RI,31/12/1983 00:00:00
406032520,POSTUMIA GROTTE,TS,15/09/1947 00:00:00
406032521,POVERIO,TS,15/09/1947 00:00:00
404022596,POVO,TN,31/12/1983 00:00:00
403019590,POZZAGLIO,CR,31/12/1983 00:00:00
414070538,POZZILLI,CB,02/03/1970 00:00:00
411041519,POZZO ALTO,PS,31/12/1983 00:00:00
403019591,POZZO BARONZIO,CR,31/12/1983 00:00:00
403018559,PRADO,PV,31/12/1983 00:00:00
401002576,PRALUNGO,VC,05/03/1992 00:00:00
403017577,PRANDAGLIO,BS,31/12/1983 00:00:00
404022146,PRASO,TN,31/12/2014 00:00:00
406030554,PRATA DI PORDENONE,UD,29/02/1968 00:00:00
404021565,PRATI,BZ,31/12/1983 00:00:00
409048513,PRATO,FI,26/03/1992 00:00:00
404021566,PRATO ALLA DRAVA,BZ,31/12/1983 00:00:00
403019592,PRATO MUZIO,CR,31/12/1983 00:00:00
409051032,PRATOVECCHIO,AR,31/12/2013 00:00:00
409051502,PRATOVECCHIO-STIA,AR,31/12/1983 00:00:00
406030555,PRAVISDOMINI,UD,29/02/1968 00:00:00
401002610,PRAY,VC,05/03/1992 00:00:00
404022597,PRE,TN,31/12/1983 00:00:00
403015635,PRECOTTO,MI,31/12/1983 00:00:00
408340032,PREDAPPIO,FO,15/03/1927 00:00:00
408240032,PREDAPPIO NUOVA,FO,24/03/1936 00:00:00
404022598,PREGASINA,TN,31/12/1983 00:00:00
404022599,PREGHENA,TN,31/12/1983 00:00:00
401003580,PREGLIA,NO,31/12/1983 00:00:00
403013726,PREMANA,CO,05/03/1992 00:00:00
401003667,PREMENO,NO,29/04/1992 00:00:00
403015636,PREMENUGO,MI,31/12/1983 00:00:00
403012575,PREMEZZO,VA,31/12/1983 00:00:00
401003668,PREMIA,NO,29/04/1992 00:00:00
404022600,PREMIONE,TN,31/12/1983 00:00:00
401003669,PREMOSELLO-CHIOVENDA,NO,29/04/1992 00:00:00
404022148,PREORE,TN,31/12/2015 00:00:00
401003581,PREQUARTERA,NO,31/12/1983 00:00:00
403017578,PRESEGNO,BS,31/12/1983 00:00:00
404022601,PRESSON,TN,31/12/1983 00:00:00
403017154,PRESTINE,BS,22/04/2016 00:00:00
401003582,PRESTINONE,NO,31/12/1983 00:00:00
413066506,PRETURO,AQ,31/12/1983 00:00:00
406031570,PREVACINA,GO,15/09/1947 00:00:00
404022149,PREZZO,TN,31/12/2015 00:00:00
401001549,PRIACCO,TO,31/12/1983 00:00:00
401004514,PRIERO-MONTEZEMOLO,CN,31/12/1983 00:00:00
403013727,PRIMALUNA,CO,05/03/1992 00:00:00
450500517,PRIMANO,FU,15/09/1947 00:00:00
401005505,PRIMEGLIO SCHIERANO,AT,31/12/1983 00:00:00
404022602,PRIMIERO,TN,31/12/1983 00:00:00
404022603,PRIO',TN,31/12/1983 00:00:00
403015637,PROSPIANO,MI,31/12/1983 00:00:00
403017579,PROVAGLIO SOPRA,BS,31/12/1983 00:00:00
403017580,PROVAGLIO SOTTO,BS,31/12/1983 00:00:00
403017581,PROVEZZE,BS,31/12/1983 00:00:00
405023514,PRUN,VR,31/12/1983 00:00:00
405025041,PUOS D'ALPAGO,BL,22/02/2016 00:00:00
403013622,PURIA,CO,31/12/1983 00:00:00
415064504,QUAGLIETTA,AV,31/12/1983 00:00:00
404021524,QUARAZZE,BZ,31/12/1983 00:00:00
401002577,QUAREGNA,VC,05/03/1992 00:00:00
401003583,QUARNA,NO,31/12/1983 00:00:00
401003670,QUARNA SOPRA,NO,29/04/1992 00:00:00
401003671,QUARNA SOTTO,NO,29/04/1992 00:00:00
401006524,QUARTI,AL,31/12/1983 00:00:00
403015638,QUARTIANO,MI,31/12/1983 00:00:00
401006525,QUARTO ASTESE,AL,31/12/1983 00:00:00
403015639,QUARTO CAGNINO,MI,31/12/1983 00:00:00
407010517,QUARTO DEI MILLE,GE,31/12/1983 00:00:00
405025042,QUERO,BL,27/12/2013 00:00:00
404022604,QUETTA,TN,31/12/1983 00:00:00
407010518,QUINTO AL MARE,GE,31/12/1983 00:00:00
405023515,QUINTO DI VALPANTENA,VR,31/12/1983 00:00:00
403015640,QUINTO ROMANO,MI,31/12/1983 00:00:00
411044515,QUINTODECIMO,AP,31/12/1983 00:00:00
403015641,QUINTOSOLE,MI,31/12/1983 00:00:00
403017582,QUINZANELLO,BS,31/12/1983 00:00:00
403012576,QUINZANO SAN PIETRO,VA,31/12/1983 00:00:00
405023516,QUINZANO VERONESE,VR,31/12/1983 00:00:00
403019593,QUISTRO,CR,31/12/1983 00:00:00
401096052,QUITTENGO,BI,31/12/2015 00:00:00
401002578,QUITTENGO,VC,05/03/1992 00:00:00
406030517,RACCOLANA,UD,31/12/1983 00:00:00
418080513,RADICENA,RC,31/12/1983 00:00:00
403017583,RAFFA,BS,31/12/1983 00:00:00
409051503,RAGGIOLO,AR,31/12/1983 00:00:00
404022151,RAGOLI,TN,31/12/2015 00:00:00
419088501,RAGUSA IBLA,RG,31/12/1983 00:00:00
408035031,RAMISETO,RE,31/12/2015 00:00:00
405029511,RAMO DI PALO,RO,31/12/1983 00:00:00
403013623,RAMPONIO,CO,31/12/1983 00:00:00
403013194,RAMPONIO VERNA,CO,31/12/2016 00:00:00
403013624,RANCIO DI LECCO,CO,31/12/1983 00:00:00
404022678,RANGO,TN,31/12/1983 00:00:00
407009522,RANZI PIETRA,SV,31/12/1983 00:00:00
406031571,RANZIANO,GO,15/09/1947 00:00:00
404022605,RANZO,TN,31/12/1983 00:00:00
411044062,RAPAGNANO,AP,11/07/2009 00:00:00
404021568,RASUN DI SOPRA,BZ,31/12/1983 00:00:00
404021569,RASUN DI SOTTO,BZ,31/12/1983 00:00:00
404021872,RASUN VALDAORA,BZ,13/02/1955 00:00:00
450500518,RATECEVO IN MONTE,FU,15/09/1947 00:00:00
403013625,RAVELLINO,CO,31/12/1983 00:00:00
404022606,RAVINA,TN,31/12/1983 00:00:00
401003672,RE,NO,29/04/1992 00:00:00
403013626,REBBIO,CO,31/12/1983 00:00:00
420090504,REBECCU,SS,31/12/1983 00:00:00
403019594,RECORFANO,CR,31/12/1983 00:00:00
403016555,REDONA,BG,31/12/1983 00:00:00
403015642,REGINA FITTAREZZA,MI,31/12/1983 00:00:00
403017584,REMEDELLO SOPRA,BS,31/12/1983 00:00:00
403017585,REMEDELLO SOTTO,BS,31/12/1983 00:00:00
403015180,RENATE,MI,29/06/2009 00:00:00
403015643,RENATE VEDUGGIO,MI,31/12/1983 00:00:00
403015644,RESCALDA,MI,31/12/1983 00:00:00
404021570,RESIA,BZ,31/12/1983 00:00:00
415063514,RESINA,NA,30/03/1969 00:00:00
401001550,REVIGLIASCO TORINESE,TO,31/12/1983 00:00:00
405026505,REVINE,TV,31/12/1983 00:00:00
403013627,REZZONICO,CO,31/12/1983 00:00:00
402007503,RHEMES,AO,31/12/1983 00:00:00
418079552,RICADI,CZ,05/03/1992 00:00:00
408040518,RICCIONE,FO,15/04/1992 00:00:00
401001551,RICLARETTO,TO,31/12/1983 00:00:00
404021571,RIDANNA,BZ,31/12/1983 00:00:00
406031572,RIFEMBERGO,GO,15/09/1947 00:00:00
403016556,RIGOSA,BG,31/12/1983 00:00:00
408040519,RIMINI,FO,15/04/1992 00:00:00
404021572,RINA,BZ,31/12/1983 00:00:00
401005506,RINCO,AT,31/12/1983 00:00:00
420092560,RIOLA SARDO,CA,15/07/1974 00:00:00
404021573,RIOMOLINO,BZ,31/12/1983 00:00:00
414070539,RIONERO SANNITICO,CB,02/03/1970 00:00:00
403015645,RIOZZO,MI,31/12/1983 00:00:00
411044516,RIPABERARDA,AP,31/12/1983 00:00:00
403019595,RIPALTA NUOVA,CR,31/12/1983 00:00:00
403019596,RIPALTA VECCHIA,CR,31/12/1983 00:00:00
411042039,RIPE,AN,31/12/2013 00:00:00
404021567,RISCONE,BZ,31/12/1983 00:00:00
404021574,RIVA DI TURES,BZ,31/12/1983 00:00:00
407008532,RIVA SANTO STEFANO,IM,31/12/1983 00:00:00
403018122,RIVANAZZANO,PV,29/07/2009 00:00:00
401001552,RIVERA,TO,31/12/1983 00:00:00
403016557,RIVIERA D'ADDA,BG,22/01/1970 00:00:00
406030096,RIVIGNANO,UD,31/12/2013 00:00:00
403017586,RIVOLTELLA SUL GARDA,BS,31/12/1983 00:00:00
406030514,RIVOLTO,UD,31/12/1983 00:00:00
403015646,ROBBIANO,MI,31/12/1983 00:00:00
403013728,ROBBIATE,CO,05/03/1992 00:00:00
403015647,ROBECCHETTO,MI,31/12/1983 00:00:00
403015648,ROBECCO LODIGIANO,MI,31/12/1983 00:00:00
403016558,ROCCA DEL COLLE,BG,31/12/1983 00:00:00
418079553,ROCCA DI NETO,CZ,05/03/1992 00:00:00
401003584,ROCCA PIETRA,NO,31/12/1983 00:00:00
418079554,ROCCABERNARDA,CZ,05/03/1992 00:00:00
413068504,ROCCACARAMANICO,PE,31/12/1983 00:00:00
412060501,ROCCAGUGLIELMA,FR,31/12/1983 00:00:00
412056504,ROCCALVECCE,VT,31/12/1983 00:00:00
414070540,ROCCAMANDOLFI,CB,02/03/1970 00:00:00
401001553,ROCCAPIATTA,TO,31/12/1983 00:00:00
411044517,ROCCAREONILE,AP,31/12/1983 00:00:00
414070541,ROCCASICURA,CB,02/03/1970 00:00:00
401001554,ROCCHEMOLLES,TO,31/12/1983 00:00:00
414070542,ROCCHETTA A VOLTURNO,CB,02/03/1970 00:00:00
407009523,ROCCHETTA CAIRO,SV,31/12/1983 00:00:00
407009524,ROCCHETTA CENGIO,SV,31/12/1983 00:00:00
410054512,ROCCHETTE IN SABINA,PG,31/12/1983 00:00:00
406030518,RODDA,UD,31/12/1983 00:00:00
403017587,RODENGO,BS,31/12/1983 00:00:00
406032523,RODITTI,TS,15/09/1947 00:00:00
401001555,RODORETTO,TO,31/12/1983 00:00:00
403013729,ROGENO,CO,05/03/1992 00:00:00
403012577,ROGGIANO VALTRAVAGLIA,VA,31/12/1983 00:00:00
413066507,ROIO PIANO,AQ,31/12/1983 00:00:00
401001556,ROLLIERES,TO,31/12/1983 00:00:00
404022608,ROMAGNANO,TN,31/12/1983 00:00:00
403013628,ROMANO BRIANZA,CO,31/12/1983 00:00:00
406031573,ROMANS,GO,31/12/1983 00:00:00
404022609,ROMARZOLLO,TN,31/12/1983 00:00:00
418079555,ROMBIOLO,CZ,05/03/1992 00:00:00
403019597,ROMPREZZAGNO,CR,31/12/1983 00:00:00
403019598,RONCA DE' GOLFERANI,CR,31/12/1983 00:00:00
403019599,RONCADELLO D'ADDA,CR,31/12/1983 00:00:00
403015186,RONCELLO,MI,17/12/2009 00:00:00
403015649,RONCHETTO,MI,31/12/1983 00:00:00
404022679,RONCHI DI ALA,TN,31/12/1983 00:00:00
401002579,RONCO BIELLESE,VC,05/03/1992 00:00:00
403015187,RONCO BRIANTINO,MI,29/06/2009 00:00:00
404022610,RONCOGNO,TN,31/12/1983 00:00:00
404022158,RONCONE,TN,31/12/2015 00:00:00
403013629,RONGIO,CO,31/12/1983 00:00:00
406031574,RONZINA,GO,15/09/1947 00:00:00
404022611,RONZO,TN,30/12/1923 00:00:00
401002580,ROPPOLO,VC,05/03/1992 00:00:00
418080514,ROSALI,RC,31/12/1983 00:00:00
401002581,ROSAZZA,VC,05/03/1992 00:00:00
403016559,ROSCIATE,BG,31/12/1983 00:00:00
403015650,ROSERIO,MI,31/12/1983 00:00:00
401006526,ROSINGO,AL,31/12/1983 00:00:00
411042503,ROSORA MERGO,AN,31/12/1983 00:00:00
403016560,ROSSINO,BG,31/12/1983 00:00:00
403016561,ROTA DENTRO,BG,31/12/1983 00:00:00
403016562,ROTA FUORI,BG,31/12/1983 00:00:00
403015651,ROVAGNASCO,MI,31/12/1983 00:00:00
403097073,ROVAGNATE,LC,29/01/2015 00:00:00
403013730,ROVAGNATE,CO,05/03/1992 00:00:00
403012578,ROVATE,VA,31/12/1983 00:00:00
401003585,ROVEGRO,NO,31/12/1983 00:00:00
403013630,ROVENNA,CO,31/12/1983 00:00:00
404022612,ROVER CARBONARE,TN,31/12/1983 00:00:00
406030556,ROVEREDO IN PIANO,UD,29/02/1968 00:00:00
403019633,ROVERETO,CR,31/12/1983 00:00:00
408040503,ROVERSANO,FO,07/11/1925 00:00:00
403016563,ROVETTA CON FINO,BG,31/12/1983 00:00:00
409048508,ROVEZZANO,FI,31/12/1983 00:00:00
450501536,ROVIGNO D'ISTRIA,PL,15/09/1947 00:00:00
450501537,ROZZO,PL,15/09/1947 00:00:00
403019600,RUBBIANO,CR,31/12/1983 00:00:00
404022162,RUFFRE',TN,31/12/2004 00:00:00
403015652,RUGINELLO,MI,31/12/1983 00:00:00
420092561,RUINAS,CA,15/07/1974 00:00:00
401003586,RUMIANCA,NO,31/12/1983 00:00:00
403012579,RUNO,VA,31/12/1983 00:00:00
406032522,RUPINGRANDE,TS,31/12/1983 00:00:00
403016564,SABBIO BERGAMASCO,BG,31/12/1983 00:00:00
403013631,SABBIONCELLO,CO,31/12/1983 00:00:00
406031575,SABLE GRANDE,GO,15/09/1947 00:00:00
404022680,SACCO,TN,31/12/1983 00:00:00
403012580,SACCONAGO,VA,31/12/1983 00:00:00
406030557,SACILE,UD,29/02/1968 00:00:00
406031576,SAGA,GO,15/09/1947 00:00:00
403018560,SAGLIANO DI CRENNA,PV,31/12/1983 00:00:00
401002582,SAGLIANO MICCA,VC,05/03/1992 00:00:00
450500519,SAGORIA,FU,15/09/1947 00:00:00
405029512,SAGUEDO,RO,31/12/1983 00:00:00
403017588,SAIANO,BS,31/12/1983 00:00:00
403013632,SALA AL BARRO,CO,31/12/1983 00:00:00
401002583,SALA BIELLESE,VC,05/03/1992 00:00:00
401006527,SALABUE,AL,31/12/1983 00:00:00
406031577,SALCANO,GO,31/12/1983 00:00:00
401001557,SALE CANISCHIO,TO,31/12/1983 00:00:00
401001558,SALE CASTELNUOVO,TO,31/12/1983 00:00:00
401003587,SALECCHIO,NO,31/12/1983 00:00:00
403015744,SALERANO SUL LAMBRO,MI,05/03/1992 00:00:00
418080515,SALICE CALABRO,RC,31/12/1983 00:00:00
419083507,SALINA,ME,31/12/1983 00:00:00
406031578,SALONA D'ISONZO,GO,15/09/1947 00:00:00
411141050,SALTARA,PU,31/12/2016 00:00:00
411041050,SALTARA,PS,31/12/1998 00:00:00
401001559,SALTO,TO,31/12/1983 00:00:00
408040520,SALUDECIO,FO,15/04/1992 00:00:00
401002584,SALUSSOLA,VC,05/03/1992 00:00:00
405029513,SALVATERRA,RO,31/12/1983 00:00:00
406031579,SAMARIA,GO,15/09/1947 00:00:00
406031580,SAMBASSO,GO,15/09/1947 00:00:00
418080516,SAMBATELLO,RC,31/12/1983 00:00:00
418079504,SAMBIASE,CZ,31/12/1983 00:00:00
401004515,SAMBUCO PIETRAPORZIO,CN,31/12/1983 00:00:00
401003588,SAMBUGHETTO,NO,31/12/1983 00:00:00
418080517,SAMO DI CALABRIA,RC,31/12/1983 00:00:00
404022613,SAMOCLEVO,TN,31/12/1983 00:00:00
420092562,SAMUGHEO,CA,15/07/1974 00:00:00
415064505,SAN BARBATO,AV,31/12/1983 00:00:00
403017589,SAN BARTOLOMEO,BS,31/12/1983 00:00:00
403013633,SAN BARTOLOMEO AL BOSCO,CO,31/12/1983 00:00:00
401003589,SAN BARTOLOMEO VALMARA,NO,31/12/1983 00:00:00
403019601,SAN BERNARDINO,CR,31/12/1983 00:00:00
401003673,SAN BERNARDINO VERBANO,NO,29/04/1992 00:00:00
418079556,SAN CALOGERO,CZ,05/03/1992 00:00:00
401003590,SAN CARLO D'OSSOLA,NO,31/12/1983 00:00:00
408040521,SAN CLEMENTE,FO,15/04/1992 00:00:00
418079557,SAN COSTANTINO CALABRO,CZ,05/03/1992 00:00:00
403015653,SAN DAMIANO DI MONZA,MI,31/12/1983 00:00:00
406031581,SAN DANIELE DEL CARSO,GO,15/09/1947 00:00:00
408034506,SAN DONATO D'ENZA,PR,31/12/1983 00:00:00
404021575,SAN FELICE,BZ,01/09/1974 00:00:00
403017590,SAN FELICE DI SCOVOLO,BS,31/12/1983 00:00:00
416071045,SAN FERDINANDO DI PUGLIA,FG,26/07/2009 00:00:00
403015745,SAN FIORANO,MI,05/03/1992 00:00:00
407010520,SAN FRANCESCO D'ALBARO,GE,31/12/1983 00:00:00
407010521,SAN FRUTTUOSO,GE,31/12/1983 00:00:00
403016565,SAN GALLO,BG,31/12/1983 00:00:00
405024092,SAN GERMANO DEI BERICI,VI,16/02/2017 00:00:00
403016566,SAN GERVASIO D'ADDA,BG,31/12/1983 00:00:00
404022614,SAN GIACOMO,TN,31/12/1983 00:00:00
404021576,SAN GIACOMO,BZ,31/12/1983 00:00:00
406032524,SAN GIACOMO IN COLLE,TS,15/09/1947 00:00:00
401001560,SAN GILLIO TORINESE,TO,31/12/1983 00:00:00
404021577,SAN GIORGIO,BZ,31/12/1983 00:00:00
406030558,SAN GIORGIO DELLA RICHINVELDA,UD,29/02/1968 00:00:00
405026503,SAN GIORGIO DI LAGO,TV,31/12/1983 00:00:00
411141052,SAN GIORGIO DI PESARO,PU,31/12/2016 00:00:00
411041052,SAN GIORGIO DI PESARO,PS,31/12/1998 00:00:00
404021578,SAN GIOVANNI,BZ,31/12/1983 00:00:00
415063507,SAN GIOVANNI A TEDUCCIO,NA,31/12/1983 00:00:00
403013634,SAN GIOVANNI ALLA CASTAGNA,CO,31/12/1983 00:00:00
407010522,SAN GIOVANNI BATTISTA,GE,31/12/1983 00:00:00
409052029,SAN GIOVANNI D'ASSO,SI,31/12/2016 00:00:00
419087502,SAN GIOVANNI DI GALERNO,CT,31/12/1983 00:00:00
408040522,SAN GIOVANNI IN MARIGNANO,FO,15/04/1992 00:00:00
401001561,SAN GIOVANNI PELLICE,TO,31/12/1983 00:00:00
412057507,SAN GIOVANNI REATINO,RI,31/12/1983 00:00:00
403015654,SAN GIULIANO,MI,31/12/1983 00:00:00
401002524,SAN GIUSEPPE DI CASTO,VC,31/12/1983 00:00:00
418079558,SAN GREGORIO D'IPPONA,CZ,05/03/1992 00:00:00
408033503,SAN LAZZARO ALBERONI,PC,31/12/1983 00:00:00
408034507,SAN LAZZARO PARMENSE,PR,31/12/1983 00:00:00
407008533,SAN LAZZARO REALE,IM,31/12/1983 00:00:00
411141053,SAN LEO,PU,14/08/2009 00:00:00
411041053,SAN LEO,PS,31/12/1998 00:00:00
404021579,SAN LEONARDO,BZ,31/12/1983 00:00:00
415061508,SAN LEUCIO,CE,31/12/1983 00:00:00
403019602,SAN LORENZO AROLDO,CR,31/12/1983 00:00:00
403019603,SAN LORENZO DE' PICENARDI,CR,31/12/1983 00:00:00
403019604,SAN LORENZO GUAZZONE,CR,31/12/1983 00:00:00
404022166,SAN LORENZO IN BANALE,TN,31/12/2014 00:00:00
403019605,SAN LORENZO MONDINARI,CR,31/12/1983 00:00:00
404022615,SAN LUGANO,TN,31/12/1983 00:00:00
409047019,SAN MARCELLO PISTOIESE,PT,31/12/2016 00:00:00
415062508,SAN MARCO A MONTI,BN,31/12/1983 00:00:00
412056505,SAN MARTINO AL CIMINO,VT,31/12/1983 00:00:00
404021580,SAN MARTINO AL MONTE,BZ,31/12/1983 00:00:00
406030559,SAN MARTINO AL TAGLIAMENTO,UD,29/02/1968 00:00:00
407010523,SAN MARTINO D'ALBARO,GE,31/12/1983 00:00:00
403016567,SAN MARTINO DE' CALVI,BG,31/12/1983 00:00:00
401001562,SAN MARTINO DI PERRERO,TO,31/12/1983 00:00:00
403019606,SAN MARTINO IN BELISETO,CR,31/12/1983 00:00:00
404021581,SAN MARTINO IN CASIES,BZ,31/12/1983 00:00:00
403015746,SAN MARTINO IN STRADA,MI,05/03/1992 00:00:00
450501538,SAN MARTINO IN VALLE,PL,15/09/1947 00:00:00
406031582,SAN MARTINO QUISCA,GO,31/12/1983 00:00:00
408034508,SAN MARTINO SINZANO,PR,31/12/1983 00:00:00
401005507,SAN MARZANO MOASCA,AT,31/12/1983 00:00:00
401005508,SAN MARZANOTTO,AT,31/12/1983 00:00:00
405023517,SAN MASSIMO ALL'ADIGE,VR,31/12/1983 00:00:00
408240041,SAN MAURO DI ROMAGNA,FO,08/11/1932 00:00:00
418079559,SAN MAURO MARCHESATO,CZ,05/03/1992 00:00:00
403019607,SAN MICHELE CREMASCO,CR,31/12/1983 00:00:00
401005509,SAN MICHELE D'ASTI,AT,31/12/1983 00:00:00
405028503,SAN MICHELE DELLE BADESSE,PD,31/12/1983 00:00:00
406032525,SAN MICHELE DI POSTUMIA,TS,15/09/1947 00:00:00
405023518,SAN MICHELE EXTRA,VR,31/12/1983 00:00:00
412056506,SAN MICHELE IN TEVERINA,VT,31/12/1983 00:00:00
401004516,SAN MICHELE PRAZZO,CN,31/12/1983 00:00:00
403017591,SAN NAZZARO MELLA,BS,31/12/1983 00:00:00
413066508,SAN NICANDRO D'AQUILA,AQ,31/12/1983 00:00:00
418079560,SAN NICOLA DA CRISSA,CZ,05/03/1992 00:00:00
418079561,SAN NICOLA DELL'ALTO,CZ,05/03/1992 00:00:00
420092563,SAN NICOLO' D'ARCIDANO,CA,15/07/1974 00:00:00
403015655,SAN NOVO,MI,31/12/1983 00:00:00
403012581,SAN PANCRAZIO AL COLLE,VA,31/12/1983 00:00:00
408034509,SAN PANCRAZIO PARMENSE,PR,31/12/1983 00:00:00
420092504,SAN PANTALEO,CA,31/12/1983 00:00:00
401096060,SAN PAOLO CERVO,BI,31/12/2015 00:00:00
401002585,SAN PAOLO CERVO,VC,05/03/1992 00:00:00
401005510,SAN PAOLO DELLA VALLE,AT,31/12/1983 00:00:00
403019608,SAN PAOLO RIPA D'OGLIO,CR,31/12/1983 00:00:00
403015656,SAN PEDRINO,MI,31/12/1983 00:00:00
406032526,SAN PELAGIO,TS,31/12/1983 00:00:00
403018561,SAN PERONE,PV,31/12/1983 00:00:00
407010524,SAN PIER D'ARENA,GE,31/12/1983 00:00:00
418080519,SAN PIER FEDELE,RC,31/12/1983 00:00:00
409048040,SAN PIERO A SIEVE,FI,31/12/2013 00:00:00
404021582,SAN PIETRO,BZ,31/12/1983 00:00:00
415063508,SAN PIETRO A PATIERNO,NA,31/12/1983 00:00:00
414070543,SAN PIETRO AVELLANA,CB,02/03/1970 00:00:00
403015657,SAN PIETRO BESTAZZO,MI,31/12/1983 00:00:00
403015658,SAN PIETRO CUSICO,MI,31/12/1983 00:00:00
406032527,SAN PIETRO DEL CARSO,TS,15/09/1947 00:00:00
405026506,SAN PIETRO DI BARBOZZA,TV,31/12/1983 00:00:00
406031583,SAN PIETRO DI GORIZIA,GO,31/12/1983 00:00:00
401004517,SAN PIETRO DI MONTEROSSO,CN,31/12/1983 00:00:00
403016568,SAN PIETRO D'ORZIO,BG,31/12/1983 00:00:00
412060502,SAN PIETRO IN CUROLIS,FR,31/12/1983 00:00:00
415064506,SAN PIETRO IRPINO,AV,31/12/1983 00:00:00
403018562,SAN PONZO SEMOLA,PV,31/12/1983 00:00:00
407010525,SAN QUIRICO IN VAL DI POLCEVERA,GE,31/12/1983 00:00:00
406030560,SAN QUIRINO,UD,29/02/1968 00:00:00
403015747,SAN ROCCO AL PORTO,MI,05/03/1992 00:00:00
450500520,SAN ROCCO LIGANI,FU,15/09/1947 00:00:00
403019609,SAN SALVATORE,CR,31/12/1983 00:00:00
403019610,SAN SAVINO,CR,31/12/1983 00:00:00
404021583,SAN SIGISMONDO,BZ,31/12/1983 00:00:00
403019611,SAN SILLO,CR,31/12/1983 00:00:00
413069502,SAN SILVESTRO,CH,31/12/1983 00:00:00
403013635,SAN SIRO,CO,31/12/1983 00:00:00
404021586,SAN VALENTINO AL BRENNERO,BZ,31/12/1983 00:00:00
404021587,SAN VALENTINO ALLA MUTTA,BZ,31/12/1983 00:00:00
403018566,SAN VARESE,PV,31/12/1983 00:00:00
420092564,SAN VERO CONGIUS,CA,15/07/1974 00:00:00
420095508,SAN VERO CONGIUS,OR,31/12/1983 00:00:00
420092565,SAN VERO MILIS,CA,15/07/1974 00:00:00
403017595,SAN VIGILIO,BS,31/12/1983 00:00:00
414070502,SAN VINCENZO A VOLTURNO,CB,31/12/1983 00:00:00
406030561,SAN VITO AL TAGLIAMENTO,UD,29/02/1968 00:00:00
406031588,SAN VITO DI VIPACCO,GO,15/09/1947 00:00:00
403015662,SAN VITO E MARTA,MI,31/12/1983 00:00:00
403019613,SAN VITO E MODESTO,CR,31/12/1983 00:00:00
410055512,SAN VITO IN MONTE,TR,31/12/1983 00:00:00
411041521,SAN VITO SUL CESANO,PS,31/12/1983 00:00:00
403018567,SAN ZENO E FOPPA,PV,31/12/1983 00:00:00
401002586,SANDIGLIANO,VC,05/03/1992 00:00:00
406031584,SANTA CROCE DI AIDUSSINA,GO,15/09/1947 00:00:00
407009525,SANTA GIULIA,SV,31/12/1983 00:00:00
420092566,SANTA GIUSTA,CA,15/07/1974 00:00:00
409050501,SANTA LUCE-ORCIANO,PI,31/12/1983 00:00:00
406031585,SANTA LUCIA D'ISONZO,GO,15/09/1947 00:00:00
404021584,SANTA MADDALENA IN CASIES,BZ,31/12/1983 00:00:00
404022616,SANTA MARGHERITA,TN,31/12/1983 00:00:00
403018564,SANTA MARGHERITA DI BOBBIO,PV,31/12/1983 00:00:00
403018565,SANTA MARGHERITA PO,PV,31/12/1983 00:00:00
414070547,SANTA MARIA DEL MOLISE,CB,02/03/1970 00:00:00
403012582,SANTA MARIA DEL MONTE,VA,31/12/1983 00:00:00
411044518,SANTA MARIA DEL TRONTO,AP,31/12/1983 00:00:00
403019612,SANTA MARIA DELLA CROCE,CR,31/12/1983 00:00:00
403013636,SANTA MARIA DI ROVAGNATE,CO,31/12/1983 00:00:00
403013731,SANTA MARIA HOE',CO,05/03/1992 00:00:00
403015660,SANTA MARIA IN PRATO,MI,31/12/1983 00:00:00
405023519,SANTA MARIA IN STELLE,VR,31/12/1983 00:00:00
401003674,SANTA MARIA MAGGIORE,NO,29/04/1992 00:00:00
401003592,SANTA MARIA MAGGIORE E CRANA,NO,31/12/1983 00:00:00
403013210,SANTA MARIA REZZONICO,CO,19/04/2003 00:00:00
418079563,SANTA SEVERINA,CZ,05/03/1992 00:00:00
403013637,SANTA VALERIA,CO,31/12/1983 00:00:00
411044067,SANTA VITTORIA IN MATENANO,AP,11/07/2009 00:00:00
403013208,SANT'ABBONDIO,CO,19/04/2003 00:00:00
414070544,SANT'AGAPITO,CB,02/03/1970 00:00:00
411141055,SANT'AGATA FELTRIA,PU,14/08/2009 00:00:00
411041055,SANT'AGATA FELTRIA,PS,31/12/1998 00:00:00
415064507,SANT'AGATA IRPINA,AV,31/12/1983 00:00:00
403015659,SANT'AGATA MARTESANA,MI,31/12/1983 00:00:00
401003591,SANT'AGATA SOPRA CANNOBIO,NO,31/12/1983 00:00:00
408038021,SANT'AGOSTINO,FE,31/12/2016 00:00:00
403018563,SANT'ALBANO DI BOBBIO,PV,31/12/1983 00:00:00
403017593,SANT'ALESSANDRO,BS,31/12/1983 00:00:00
403012583,SANT'AMBROGIO-OLONA,VA,31/12/1983 00:00:00
405026501,SANT'ANDREA DI CAVASAGRA,TV,31/12/1983 00:00:00
406031586,SANT'ANDREA DI GORIZIA,GO,31/12/1983 00:00:00
411041520,SANT'ANDREA DI SUASA,PS,31/12/1983 00:00:00
412060503,SANT'ANDREA DI VALLEFREDDA,FR,31/12/1983 00:00:00
404021585,SANT'ANDREA IN MONTE,BZ,31/12/1983 00:00:00
414070545,SANT'ANGELO DEL PESCO,CB,02/03/1970 00:00:00
411041056,SANT'ANGELO IN LIZZOLA,PS,31/12/1998 00:00:00
411141056,SANT'ANGELO IN LIZZOLA,PU,31/12/2013 00:00:00
403015748,SANT'ANGELO LODIGIANO,MI,05/03/1992 00:00:00
403015661,SANT'ANTONINO TICINO,MI,31/12/1983 00:00:00
408033504,SANT'ANTONIO A TREBBIA,PC,31/12/1983 00:00:00
403016569,SANT'ANTONIO D'ADDA,BG,31/12/1983 00:00:00
405029514,SANT'APOLLINARE CON SELVA,RO,31/12/1983 00:00:00
408040523,SANTARCANGELO DI ROMAGNA,FO,15/04/1992 00:00:00
408140523,SANT'ARCANGELO DI ROMAGNA,FO,16/06/1913 00:00:00
414070546,SANT'ELENA SANNITA,CB,02/03/1970 00:00:00
412057508,SANT'ELIA REATINO,RI,31/12/1983 00:00:00
411044068,SANT'ELPIDIO A MARE,AP,11/07/2009 00:00:00
411044519,SANT'ELPIDIO MORICO,AP,31/12/1983 00:00:00
415063509,SANT'ERASMO,NA,31/12/1983 00:00:00
403017592,SANT'EUFEMIA DELLA FONTE,BS,31/12/1983 00:00:00
418079505,SANT'EUFEMIA LAMEZIA,CZ,31/12/1983 00:00:00
403017594,SANTICOLO,BS,31/12/1983 00:00:00
407010526,SANT'ILARIO LIGURE,GE,31/12/1983 00:00:00
401003593,SANTINO,NO,31/12/1983 00:00:00
406031587,SANTO SPIRITO DELLA BAINSIZZA,GO,15/09/1947 00:00:00
407008534,SANTO STEFANO AL MARE CON CASTELLAR,IM,31/12/1983 00:00:00
403016570,SANTO STEFANO DEL MONTE DEGLI ANGELI,BG,31/12/1983 00:00:00
419083508,SANTO STEFANO DI BRIGA,ME,31/12/1983 00:00:00
403015749,SANTO STEFANO LODIGIANO,MI,05/03/1992 00:00:00
405027036,SANTO STINO DI LIVENZA,VE,10/11/2011 00:00:00
403016192,SANT'OMOBONO IMAGNA,BG,08/08/2004 00:00:00
418079562,SANT'ONOFRIO,CZ,05/03/1992 00:00:00
420092567,SANTU LUSSURGIU,CA,15/07/1974 00:00:00
450501539,SANVINCENTI,PL,15/09/1947 00:00:00
404022617,SAONE,TN,31/12/1983 00:00:00
404022618,SARDAGNA,TN,31/12/1983 00:00:00
407008535,SAROLA,IM,31/12/1983 00:00:00
403013638,SARTIRANA BRIANTEA,CO,31/12/1983 00:00:00
413066509,SASSA,AQ,31/12/1983 00:00:00
404022619,SASSO,TN,31/12/1983 00:00:00
407008536,SASSO DI BORDIGHERA,IM,31/12/1983 00:00:00
411141059,SASSOCORVARO,PU,31/12/2018 00:00:00
411041071,SASSOCORVARO AUDITORE,PS,09/06/2025 00:00:00
411141060,SASSOFELTRIO,PU,16/06/2021 00:00:00
418079564,SAVELLI,CZ,05/03/1992 00:00:00
404022681,SAVIGNANO,TN,31/12/1983 00:00:00
408240045,SAVIGNANO DI ROMAGNA,FO,04/10/1933 00:00:00
408037058,SAVIGNO,BO,31/12/2013 00:00:00
401001563,SAVOULX,TO,31/12/1983 00:00:00
404021588,SCALERES,BZ,31/12/1983 00:00:00
401004518,SCALETTA UZZONE,CN,31/12/1983 00:00:00
418079565,SCANDALE,CZ,05/03/1992 00:00:00
401005102,SCANDELUZZA,AT,01/09/1998 00:00:00
403019614,SCANNABUE,CR,31/12/1983 00:00:00
403016571,SCANO AL BREMBO,BG,31/12/1983 00:00:00
420091504,SCANO DI MONTIFERRO,NU,31/12/1973 00:00:00
403016572,SCANZO,BG,31/12/1983 00:00:00
414070548,SCAPOLI,CB,02/03/1970 00:00:00
403013639,SCARENNA,CO,31/12/1983 00:00:00
403013640,SCARIA,CO,31/12/1983 00:00:00
401004519,SCARNAFIGI-RUFFIA,CN,31/12/1983 00:00:00
409048042,SCARPERIA,FI,31/12/2013 00:00:00
403017596,SCARPIZZOLO,BS,31/12/1983 00:00:00
411041522,SCAVOLINO,PS,31/12/1983 00:00:00
410054513,SCHEGGIA,PG,31/12/1983 00:00:00
406031589,SCHERBINA,GO,15/09/1947 00:00:00
403012584,SCHIANNO,VA,31/12/1983 00:00:00
401003594,SCHIERANCO,NO,31/12/1983 00:00:00
404021589,SCIAVES,BZ,31/12/1983 00:00:00
404022620,SCLEMO,TN,31/12/1983 00:00:00
406030519,SCODAVACCA,UD,31/12/1983 00:00:00
406032528,SCOPPO,TS,15/09/1947 00:00:00
408140524,SCORTICATA,FO,02/09/1938 00:00:00
406031590,SCRILLA,GO,15/09/1947 00:00:00
406031591,SEBREGLIE,GO,15/09/1947 00:00:00
415063510,SECONDIGLIANO,NA,31/12/1983 00:00:00
403015750,SECUGNAGO,MI,05/03/1992 00:00:00
420092568,SEDILO,CA,15/07/1974 00:00:00
406031592,SEDULA,GO,15/09/1947 00:00:00
403013641,SEGHEBBIA,CO,31/12/1983 00:00:00
406030505,SEGNACCO,UD,31/12/1983 00:00:00
407009526,SEGNO,SV,31/12/1983 00:00:00
404022621,SEGNO,TN,31/12/1983 00:00:00
404022622,SEIO,TN,31/12/1983 00:00:00
403016573,SELINO,BG,31/12/1983 00:00:00
406031593,SELLA DELLE TRINCEE,GO,31/12/1983 00:00:00
403015663,SELLANUOVA,MI,31/12/1983 00:00:00
403016574,SELLERE,BG,31/12/1983 00:00:00
401096061,SELVE MARCONE,BI,31/12/2016 00:00:00
401002587,SELVE MARCONE,VC,05/03/1992 00:00:00
404022250,SEN JAN DI FASSA,TN,06/12/2018 00:00:00
420092569,SENEGHE,CA,15/07/1974 00:00:00
420092570,SENIS,CA,15/07/1974 00:00:00
403015751,SENNA LODIGIANA,MI,05/03/1992 00:00:00
420091505,SENNARIOLO,NU,31/12/1973 00:00:00
406032529,SENOSECCHIA,TS,15/09/1947 00:00:00
404022623,SEO,TN,31/12/1983 00:00:00
401103063,SEPPIANA,VB,31/12/2015 00:00:00
401003675,SEPPIANA,NO,29/04/1992 00:00:00
403013642,SEPRIO,CO,31/12/1983 00:00:00
406030562,SEQUALS,UD,29/02/1968 00:00:00
420092505,SERBARIU,CA,31/12/1983 00:00:00
403015208,SEREGNO,MI,29/06/2009 00:00:00
406031594,SERPENIZZA,GO,15/09/1947 00:00:00
418078141,SERRA PEDACE,CS,04/05/2017 00:00:00
418079566,SERRA SAN BRUNO,CZ,05/03/1992 00:00:00
405026507,SERRAVALLE,TV,31/12/1983 00:00:00
404022624,SERRAVALLE ALL'ADIGE,TN,31/12/1983 00:00:00
401005511,SERRAVALLE D'ASTI,AT,31/12/1983 00:00:00
420091080,SERRI,NU,08/05/2005 00:00:00
411041062,SERRUNGARINA,PS,31/12/1998 00:00:00
411141062,SERRUNGARINA,PU,31/12/2016 00:00:00
404022625,SERSO,TN,31/12/1983 00:00:00
411044069,SERVIGLIANO,AP,11/07/2009 00:00:00
406032530,SESANA,TS,15/09/1947 00:00:00
403012585,SESONA,VA,31/12/1983 00:00:00
414070549,SESSANO DEL MOLISE,CB,02/03/1970 00:00:00
401005512,SESSANT,AT,31/12/1983 00:00:00
406030563,SESTO AL REGHENA,UD,29/02/1968 00:00:00
414070550,SESTO CAMPANO,CB,02/03/1970 00:00:00
403015664,SESTO PERGOLA,MI,31/12/1983 00:00:00
403015665,SESTO ULTERIANO,MI,31/12/1983 00:00:00
420092506,SEUNI,CA,31/12/1983 00:00:00
403015212,SEVESO,MI,29/06/2009 00:00:00
404022626,SEVIGNANO,TN,31/12/1983 00:00:00
403016575,SFORZATICA,BG,31/12/1983 00:00:00
420092571,SIAMAGGIORE,CA,15/07/1974 00:00:00
420092572,SIAMANNA,CA,15/07/1974 00:00:00
420092507,SIAMANNA SIAPICCIA,CA,27/06/1974 00:00:00
420092573,SIAPICCIA,CA,15/07/1974 00:00:00
420092508,SICCI SAN BIAGIO,CA,31/12/1983 00:00:00
420092574,SILI,CA,15/07/1974 00:00:00
420095509,SILI,OR,31/12/1983 00:00:00
409046029,SILLANO,LU,31/12/2014 00:00:00
450501540,SILUM MONT'AQUILA,PL,15/09/1947 00:00:00
403019615,SILVELLA,CR,31/12/1983 00:00:00
420092575,SIMALA,CA,15/07/1974 00:00:00
420092576,SIMAXIS,CA,15/07/1974 00:00:00
418079567,SIMBARIO,CZ,05/03/1992 00:00:00
406032531,SINADOLE,TS,15/09/1947 00:00:00
420092577,SINI,CA,15/07/1974 00:00:00
415063511,SIRICO,NA,31/12/1983 00:00:00
420092578,SIRIS,CA,15/07/1974 00:00:00
403013732,SIRONE,CO,05/03/1992 00:00:00
404022174,SIROR,TN,31/12/2015 00:00:00
403013733,SIRTORI,CO,05/03/1992 00:00:00
420092509,SISINI,CA,31/12/1983 00:00:00
408034034,SISSA,PR,31/12/2013 00:00:00
420092510,SIURGUS,CA,31/12/1983 00:00:00
403017597,SIVIANO,BS,31/12/1983 00:00:00
406031595,SLAPPE-ZORZI,GO,15/09/1947 00:00:00
404021590,SLINGIA,BZ,31/12/1983 00:00:00
406032532,SLIVIA,TS,31/12/1983 00:00:00
404022175,SMARANO,TN,31/12/2014 00:00:00
450500521,SMERIA,FU,15/09/1947 00:00:00
411044070,SMERILLO,AP,11/07/2009 00:00:00
415063512,SOCCAVO,NA,31/12/1983 00:00:00
420092579,SOLANAS,CA,15/07/1974 00:00:00
420095510,SOLANAS,OR,31/12/1983 00:00:00
403019616,SOLAROLO DEL PERSICO,CR,31/12/1983 00:00:00
403019617,SOLAROLO MONASTEROLO,CR,31/12/1983 00:00:00
420092580,SOLARUSSA,CA,15/07/1974 00:00:00
401005513,SOLBRITO,AT,31/12/1983 00:00:00
401003595,SOLOGNO,NO,31/12/1983 00:00:00
401001564,SOLOMIAC,TO,31/12/1983 00:00:00
403015666,SOLTARICO,MI,31/12/1983 00:00:00
403016576,SOLTO,BG,31/12/1983 00:00:00
403013643,SOLZAGO,CO,31/12/1983 00:00:00
403015752,SOMAGLIA,MI,05/03/1992 00:00:00
403013644,SOMANA,CO,31/12/1983 00:00:00
403016512,SOMBRENO,BG,31/12/1983 00:00:00
403016577,SOMENDENNA,BG,31/12/1983 00:00:00
406031596,SONZIA,GO,15/09/1947 00:00:00
404022627,SOPRAMONTE,TN,31/12/1983 00:00:00
401002588,SOPRANA,VC,05/03/1992 00:00:00
403017598,SOPRAPONTE,BS,31/12/1983 00:00:00
403017599,SOPRAZOCCO,BS,31/12/1983 00:00:00
408040504,SORBANO,FO,16/01/1965 00:00:00
411041523,SORBOLONGO,PS,31/12/1983 00:00:00
401002589,SORDEVOLO,VC,05/03/1992 00:00:00
403015753,SORDIO,MI,05/03/1992 00:00:00
418079568,SORIANELLO,CZ,05/03/1992 00:00:00
418079569,SORIANO CALABRO,CZ,05/03/1992 00:00:00
401006528,SORLI,AL,31/12/1983 00:00:00
420092581,SORRADILE,CA,15/07/1974 00:00:00
401002590,SOSTEGNO,VC,05/03/1992 00:00:00
401003596,SOVAZZA,NO,31/12/1983 00:00:00
403015216,SOVICO,MI,29/06/2009 00:00:00
419083509,SPADAFORA SAN MARTINO,ME,31/12/1983 00:00:00
419083510,SPADAFORA SAN PIETRO,ME,31/12/1983 00:00:00
418079570,SPADOLA,CZ,05/03/1992 00:00:00
404022178,SPERA,TN,31/12/2015 00:00:00
405026508,SPERCENIGO,TV,31/12/1983 00:00:00
418078505,SPEZZANO GRANDE,CS,31/12/1983 00:00:00
418078144,SPEZZANO PICCOLO,CS,04/05/2017 00:00:00
406030564,SPILIMBERGO,UD,29/02/1968 00:00:00
418079571,SPILINGA,CZ,05/03/1992 00:00:00
416072042,SPINAZZOLA,BA,26/07/2009 00:00:00
404021591,SPINGA,BZ,31/12/1983 00:00:00
403016578,SPINO AL BREMBO,BG,31/12/1983 00:00:00
403016579,SPINONE,BG,31/12/1983 00:00:00
403018568,SPIRAGO,PV,31/12/1983 00:00:00
401003597,SPOCCIA,NO,31/12/1983 00:00:00
403016580,STABELLO,BG,31/12/1983 00:00:00
403018569,STAGHIGLIONE,PV,31/12/1983 00:00:00
407010528,STAGLIENO,GE,31/12/1983 00:00:00
404021592,STAVA,BZ,31/12/1983 00:00:00
403013645,STAZZONA-GERMASINO,CO,31/12/1983 00:00:00
418079572,STEFANACONI,CZ,05/03/1992 00:00:00
409051036,STIA,AR,31/12/2013 00:00:00
403019618,STILO DE' MARIANI,CR,31/12/1983 00:00:00
404021593,STILVES,BZ,31/12/1983 00:00:00
406032533,STORIE,TS,15/09/1947 00:00:00
403019619,STRACONDOLO,CR,31/12/1983 00:00:00
404022628,STRADA,TN,31/12/1983 00:00:00
401001565,STRAMBINO ROMANO,TO,31/12/1983 00:00:00
404022629,STRAMENTIZZO,TN,31/12/1983 00:00:00
404022682,STRAVINO,TN,31/12/1983 00:00:00
401003676,STRESA,NO,29/04/1992 00:00:00
404022185,STRIGNO,TN,31/12/2015 00:00:00
401002591,STRONA,VC,05/03/1992 00:00:00
418079573,STRONGOLI,CZ,05/03/1992 00:00:00
401003598,STROPINO,NO,31/12/1983 00:00:00
407010529,STRUPPA,GE,31/12/1983 00:00:00
404022630,STUMIAGA,TN,31/12/1983 00:00:00
406031597,STURIA DELLE FUSINE,GO,15/09/1947 00:00:00
403013734,SUEGLIO,CO,05/03/1992 00:00:00
403013735,SUELLO,CO,05/03/1992 00:00:00
403015217,SULBIATE,MI,29/06/2009 00:00:00
403015667,SULBIATE INFERIORE,MI,31/12/1983 00:00:00
403015668,SULBIATE SUPERIORE,MI,31/12/1983 00:00:00
401003599,SUNA,NO,31/12/1983 00:00:00
404022631,SUSA',TN,31/12/1983 00:00:00
404021594,TABLA,BZ,31/12/1983 00:00:00
403013736,TACENO,CO,05/03/1992 00:00:00
420092582,TADASUNI,CA,15/07/1974 00:00:00
401006529,TAGLIOLO-BELFORTE,AL,31/12/1983 00:00:00
403016581,TAGLIUNO,BG,31/12/1983 00:00:00
403015669,TAINATE,MI,31/12/1983 00:00:00
404022186,TAIO,TN,31/12/2014 00:00:00
411041063,TALAMELLO,PS,31/12/1998 00:00:00
411141063,TALAMELLO,PU,14/08/2009 00:00:00
404021595,TANAS,BZ,31/12/1983 00:00:00
401003600,TAPIGLIANO,NO,31/12/1983 00:00:00
406030115,TAPOGLIANO,UD,31/12/2008 00:00:00
401003601,TAPPIA,NO,31/12/1983 00:00:00
404021596,TARCES,BZ,31/12/1983 00:00:00
406030520,TARCETTA,UD,31/12/1983 00:00:00
406031598,TARNOVA DELLA SELVA,GO,15/09/1947 00:00:00
404021597,TARRES,BZ,31/12/1983 00:00:00
404022187,TASSULLO,TN,31/12/2015 00:00:00
403015670,TAVAZZANO,MI,31/12/1983 00:00:00
403015754,TAVAZZANO CON VILLAVESCO,MI,05/03/1992 00:00:00
401001545,TAVERNETTE,TO,31/12/1983 00:00:00
415064508,TAVERNOLA SAN FELICE,AV,31/12/1983 00:00:00
401002592,TAVIGLIANO,VC,05/03/1992 00:00:00
404022632,TAVODO,TN,31/12/1983 00:00:00
407008537,TAVOLE,IM,31/12/1983 00:00:00
404022633,TAVON,TN,31/12/1983 00:00:00
403013646,TAVORDO,CO,31/12/1983 00:00:00
404021598,TELVES,BZ,31/12/1983 00:00:00
406031599,TEMENIZZA,GO,15/09/1947 00:00:00
401004520,TENDA,CN,31/12/1983 00:00:00
404021599,TEODONE,BZ,31/12/1983 00:00:00
408040505,TEODORANO,FO,01/11/1925 00:00:00
406030119,TEOR,UD,31/12/2013 00:00:00
404022192,TERLAGO,TN,31/12/2015 00:00:00
404022634,TERMENAGO,TN,31/12/1983 00:00:00
404022635,TERMON,TN,31/12/1983 00:00:00
401002593,TERNENGO,VC,05/03/1992 00:00:00
406031600,TERNOVA D'ISONZO,GO,15/09/1947 00:00:00
408240005,TERRA DEL SOLE E CASTROCARO,FO,26/02/1925 00:00:00
420092583,TERRALBA,CA,15/07/1974 00:00:00
403015755,TERRANOVA DEI PASSERINI,MI,05/03/1992 00:00:00
450500522,TERRANOVA DI BISTERZA,FU,15/09/1947 00:00:00
409045503,TERRAROSSA,MS,31/12/1983 00:00:00
403018570,TERRASA,PV,31/12/1983 00:00:00
418078506,TERRATI,CS,31/12/1983 00:00:00
403015671,TERRAZZANO,MI,31/12/1983 00:00:00
404022194,TERRES,TN,31/12/2015 00:00:00
403017600,TERZANO,BS,31/12/1983 00:00:00
404021600,TESIDO,BZ,31/12/1983 00:00:00
415063513,TESTACCIO D'ISCHIA,NA,31/12/1983 00:00:00
401001566,THURES,TO,31/12/1983 00:00:00
404022636,TIARNO,TN,31/12/1983 00:00:00
404022197,TIARNO DI SOPRA,TN,31/12/2009 00:00:00
404022198,TIARNO DI SOTTO,TN,31/12/2009 00:00:00
404022683,TIGNERONE,TN,31/12/1983 00:00:00
403017601,TIMOLINE,BS,31/12/1983 00:00:00
401001567,TINA,TO,31/12/1983 00:00:00
404021601,TISO,BZ,31/12/1983 00:00:00
401003677,TOCENO,NO,29/04/1992 00:00:00
401002594,TOLLEGNO,VC,05/03/1992 00:00:00
406031601,TOLMINO,GO,15/09/1947 00:00:00
406032534,TOMADIO,TS,15/09/1947 00:00:00
404022201,TONADICO,TN,31/12/2015 00:00:00
403012586,TORBA,VA,31/12/1983 00:00:00
403017602,TORBIATO,BS,31/12/1983 00:00:00
403015672,TORMO,MI,31/12/1983 00:00:00
403012587,TORNAVENTO,VA,31/12/1983 00:00:00
404022637,TORRA,TN,31/12/1983 00:00:00
403018571,TORRADELLO,PV,31/12/1983 00:00:00
407008538,TORRAZZA,IM,31/12/1983 00:00:00
401002595,TORRAZZO,VC,05/03/1992 00:00:00
403018572,TORRE BERETTI,PV,31/12/1983 00:00:00
403019620,TORRE D'ANGIOLINI,CR,31/12/1983 00:00:00
403016594,TORRE DE' BUSI,BG,05/03/1992 00:00:00
401006530,TORRE DE' RATTI,AL,31/12/1983 00:00:00
403018575,TORRE DE' TORTI,PV,31/12/1983 00:00:00
403018573,TORRE DEL MANGANO,PV,31/12/1983 00:00:00
403018574,TORRE DEL MONTE,PV,31/12/1983 00:00:00
411044520,TORRE DI PALME,AP,31/12/1983 00:00:00
410055513,TORRE ORSINA,TR,31/12/1983 00:00:00
411041524,TORRE SAN MARCO,PS,31/12/1983 00:00:00
411044072,TORRE SAN PATRIZIO,AP,11/07/2009 00:00:00
401004521,TORRE UZZONE,CN,31/12/1983 00:00:00
407008539,TORRIA,IM,31/12/1983 00:00:00
408040524,TORRIANA,FO,15/04/1992 00:00:00
408099019,TORRIANA,RN,31/12/2013 00:00:00
403018576,TORRIANO,PV,31/12/1983 00:00:00
403018577,TORRINO,PV,31/12/1983 00:00:00
403017603,TOSCOLANO,BS,31/12/1983 00:00:00
404022638,TOSS,TN,31/12/1983 00:00:00
403016582,TRABUCHELLO,BG,31/12/1983 00:00:00
401003602,TRAFFIUME,NO,31/12/1983 00:00:00
420092584,TRAMATZA,CA,15/07/1974 00:00:00
406030565,TRAMONTI DI SOPRA,UD,29/02/1968 00:00:00
406030566,TRAMONTI DI SOTTO,UD,29/02/1968 00:00:00
416072045,TRANI,BA,26/07/2009 00:00:00
404022204,TRANSACQUA,TN,31/12/2015 00:00:00
401003678,TRASQUERA,NO,29/04/1992 00:00:00
403012588,TRAVEDONA,VA,31/12/1983 00:00:00
403013647,TRAVERSA,CO,31/12/1983 00:00:00
401001568,TRAVERSE,TO,31/12/1983 00:00:00
406030567,TRAVESIO,UD,29/02/1968 00:00:00
403018578,TREBBIANO NIZZA,PV,31/12/1983 00:00:00
408033505,TREBECCO,PC,31/12/1983 00:00:00
407010530,TREBIANO MAGRA,GE,31/12/1983 00:00:00
408034043,TRECASALI,PR,31/12/2013 00:00:00
403015673,TRECELLA,MI,31/12/1983 00:00:00
403019621,TREDOSSI,CR,31/12/1983 00:00:00
403015674,TREGASIO,MI,31/12/1983 00:00:00
403013648,TREGOLO,CO,31/12/1983 00:00:00
403013737,TREMENICO,CO,05/03/1992 00:00:00
403013649,TREMEZZINA,CO,31/12/1983 00:00:00
403013225,TREMEZZO,CO,03/02/2014 00:00:00
403015675,TRENNO,MI,31/12/1983 00:00:00
404021602,TRENS,BZ,31/12/1983 00:00:00
418078151,TRENTA,CS,04/05/2017 00:00:00
406031602,TRENTA D'ISONZO,GO,15/09/1947 00:00:00
404022206,TRES,TN,31/12/2014 00:00:00
405024506,TRESCHE-CONCA,VI,31/12/1983 00:00:00
418080520,TRESILICO,RC,31/12/1983 00:00:00
420091506,TRESNURAGHES,NU,31/12/1973 00:00:00
405024507,TRETTO,VI,31/12/1983 00:00:00
403013650,TREVANO,CO,31/12/1983 00:00:00
403012589,TREVISAGO,VA,31/12/1983 00:00:00
403019622,TREZZOLASCO,CR,31/12/1983 00:00:00
403019502,TRIBURGO,CR,31/12/1983 00:00:00
406031603,TRIBUSSA,GO,15/09/1947 00:00:00
416071057,TRINITAPOLI,FG,26/07/2009 00:00:00
403015223,TRIUGGIO,MI,29/06/2009 00:00:00
401002596,TRIVERO,VC,05/03/1992 00:00:00
403015676,TRIVULZA,MI,31/12/1983 00:00:00
403015677,TRIVULZINA,MI,31/12/1983 00:00:00
401003603,TROBASO,NO,31/12/1983 00:00:00
403018579,TROGNANO,PV,31/12/1983 00:00:00
401003679,TRONTANO,NO,29/04/1992 00:00:00
418079574,TROPEA,CZ,05/03/1992 00:00:00
404022639,TUENETTO,TN,31/12/1983 00:00:00
404022207,TUENNO,TN,31/12/2015 00:00:00
404021603,TUNES,BZ,31/12/1983 00:00:00
403018580,TURAGO BORDONE,PV,31/12/1983 00:00:00
403015756,TURANO LODIGIANO,MI,05/03/1992 00:00:00
403015678,TURRO MILANESE,MI,31/12/1983 00:00:00
407008540,UBAGA,IM,31/12/1983 00:00:00
403013651,UGGIATE,CO,31/12/1983 00:00:00
406030521,UGOVIZZA VALBRUNA,UD,31/12/1983 00:00:00
420092585,ULA' TIRSO,CA,15/07/1974 00:00:00
450501541,UMAGO,PL,03/04/1977 00:00:00
418079575,UMBRIATICO,CZ,05/03/1992 00:00:00
401003604,UNCHIO,NO,31/12/1983 00:00:00
403017604,URAGO MELLA,BS,31/12/1983 00:00:00
420092586,URAS,CA,15/07/1974 00:00:00
403013652,URIO,CO,31/12/1983 00:00:00
420092587,USELLUS,CA,15/07/1974 00:00:00
403015679,USMATE,MI,31/12/1983 00:00:00
403015227,USMATE VELATE,MI,29/06/2009 00:00:00
401004522,USSOLO,CN,31/12/1983 00:00:00
406031604,USTIE,GO,15/09/1947 00:00:00
403018581,VACCARIZZA,PV,31/12/1983 00:00:00
401005514,VAGLIERANO,AT,31/12/1983 00:00:00
401003605,VAGNA,NO,31/12/1983 00:00:00
409048514,VAIANO,FI,26/03/1992 00:00:00
403015680,VAIANO VALLE,MI,31/12/1983 00:00:00
403019623,VAIRANO CREMASCO,CR,31/12/1983 00:00:00
403018582,VAIRANO PAVESE,PV,31/12/1983 00:00:00
406030568,VAJONT,UD,29/02/1968 00:00:00
403012590,VAL MARCHIROLO,VA,31/12/1983 00:00:00
450500525,VAL SANTAMARINA,FU,15/09/1947 00:00:00
404021604,VALAS,BZ,31/12/1983 00:00:00
401001569,VALCHIUSELLA,TO,31/12/1983 00:00:00
404022208,VALDA,TN,31/12/2015 00:00:00
450501542,VALDARSA,PL,15/09/1947 00:00:00
401002597,VALDENGO,VC,05/03/1992 00:00:00
402007504,VALDIGNA D'AOSTA,AO,31/12/1983 00:00:00
403015757,VALERA FRATTA,MI,05/03/1992 00:00:00
404021605,VALGIOVO,BZ,31/12/1983 00:00:00
403013738,VALGREGHENTINO,CO,05/03/1992 00:00:00
403016583,VALL'ALTA,BG,31/12/1983 00:00:00
401002598,VALLANZENGO,VC,05/03/1992 00:00:00
404021606,VALLARGA,BZ,31/12/1983 00:00:00
450501543,VALLE D'ISTRIA,PL,15/09/1947 00:00:00
403015681,VALLE GUIDINO,MI,31/12/1983 00:00:00
401002599,VALLE MOSSO,VC,05/03/1992 00:00:00
404022640,VALLE SAN FELICE,TN,30/12/1923 00:00:00
413067501,VALLE SAN GIOVANNI,TE,31/12/1983 00:00:00
401002600,VALLE SAN NICOLAO,VC,05/03/1992 00:00:00
404021609,VALLE SAN SILVESTRO,BZ,31/12/1983 00:00:00
401002525,VALLE SUPERIORE MOSSO,VC,31/12/1983 00:00:00
407008541,VALLECROSIA CON SAN BIAGIO DELLA CIMA,IM,31/12/1983 00:00:00
418079576,VALLELONGA,CZ,05/03/1992 00:00:00
404021607,VALLELUNGA,BZ,31/12/1983 00:00:00
406093501,VALLENONCELLO,PN,31/12/1983 00:00:00
406030569,VALLENONCELLO,UD,29/02/1968 00:00:00
404021608,VALLES,BZ,31/12/1983 00:00:00
403017193,VALLIO,BS,31/12/1976 00:00:00
405024508,VALLONARA,VI,31/12/1983 00:00:00
407008542,VALLORIA MARITTIMA,IM,31/12/1983 00:00:00
403013739,VALMADRERA,CO,05/03/1992 00:00:00
401002526,VALMAGGIA,VC,31/12/1983 00:00:00
401001570,VALPRATO,TO,31/12/1983 00:00:00
405024509,VALROVINA,VI,31/12/1983 00:00:00
403017605,VALSAVIORE,BS,31/12/1983 00:00:00
403016228,VALSECCA,BG,03/02/2014 00:00:00
401003680,VALSTRONA,NO,29/04/1992 00:00:00
403016584,VALTESSE,BG,31/12/1983 00:00:00
406030570,VALVASONE,UD,29/02/1968 00:00:00
406093048,VALVASONE,PN,31/12/2014 00:00:00
404021610,VANDOIES DI SOPRA,BZ,31/12/1983 00:00:00
404021611,VANDOIES DI SOTTO,BZ,31/12/1983 00:00:00
404021612,VANGA,BZ,31/12/1983 00:00:00
401003681,VANZONE CON SAN CARLO,NO,29/04/1992 00:00:00
404022684,VARANO,TN,31/12/1983 00:00:00
403012591,VARARO,VA,31/12/1983 00:00:00
403015231,VAREDO,MI,29/06/2009 00:00:00
401006531,VARENGO,AL,31/12/1983 00:00:00
403013740,VARENNA,CO,05/03/1992 00:00:00
401006532,VARGO,AL,31/12/1983 00:00:00
407009527,VARIGOTTI,SV,31/12/1983 00:00:00
415062509,VARONI,BN,31/12/1983 00:00:00
401003682,VARZO,NO,29/04/1992 00:00:00
405025064,VAS,BL,27/12/2013 00:00:00
404022641,VASIO,TN,31/12/1983 00:00:00
403013653,VASSENA,CO,31/12/1983 00:00:00
414070551,VASTOGIRARDI,CB,02/03/1970 00:00:00
404022212,VATTARO,TN,31/12/2015 00:00:00
412057504,VAZIA,RI,31/12/1983 00:00:00
418079577,VAZZANO,CZ,05/03/1992 00:00:00
403012592,VECCANA,VA,31/12/1983 00:00:00
403015232,VEDANO AL LAMBRO,MI,29/06/2009 00:00:00
403012135,VEDDASCA,VA,03/02/2014 00:00:00
403015682,VEDUGGIO,MI,31/12/1983 00:00:00
403015233,VEDUGGIO CON COLZANO,MI,29/06/2009 00:00:00
401002601,VEGLIO,VC,05/03/1992 00:00:00
403012593,VELATE,VA,31/12/1983 00:00:00
409047504,VELLANO,PT,31/12/1983 00:00:00
407009528,VELLEGO,SV,31/12/1983 00:00:00
403017606,VELLO,BS,31/12/1983 00:00:00
414070552,VENAFRO,CB,02/03/1970 00:00:00
403013741,VENDROGNO,CO,05/03/1992 00:00:00
403012594,VENEGONO,VA,31/12/1983 00:00:00
403015234,VERANO BRIANZA,MI,29/06/2009 00:00:00
401003683,VERBANIA,NO,29/04/1992 00:00:00
403016595,VERCURAGO,BG,05/03/1992 00:00:00
403013654,VERDERIO,CO,31/12/1983 00:00:00
403013742,VERDERIO INFERIORE,CO,05/03/1992 00:00:00
403097087,VERDERIO INFERIORE,LC,03/02/2014 00:00:00
403097088,VERDERIO SUPERIORE,LC,03/02/2014 00:00:00
403013743,VERDERIO SUPERIORE,CO,05/03/1992 00:00:00
404022642,VERDESINA,TN,31/12/1983 00:00:00
407009529,VEREZZI,SV,31/12/1983 00:00:00
401003606,VERGANO NOVARESE,NO,31/12/1983 00:00:00
409046032,VERGEMOLI,LU,31/12/2013 00:00:00
403015683,VERGO,MI,31/12/1983 00:00:00
403012595,VERGOBBIO,VA,31/12/1983 00:00:00
403013656,VERNA,CO,31/12/1983 00:00:00
409048515,VERNIO,FI,26/03/1992 00:00:00
406031605,VERPOGLIANO,GO,15/09/1947 00:00:00
401002602,VERRONE,VC,05/03/1992 00:00:00
403018583,VERRUA SICCOMARIO,PV,31/12/1983 00:00:00
406031606,VERSA,GO,31/12/1983 00:00:00
404021613,VERSCIAGO,BZ,31/12/1983 00:00:00
403013657,VERTEMATE,CO,31/12/1983 00:00:00
450501544,VERTENEGLIO,PL,03/04/1977 00:00:00
406031607,VERTOIBA IN CAMPI,GO,31/12/1983 00:00:00
406031608,VERTOVINO,GO,15/09/1947 00:00:00
408040525,VERUCCHIO,FO,15/04/1992 00:00:00
404022214,VERVO',TN,31/12/2014 00:00:00
407009530,VERZI PIETRA,SV,31/12/1983 00:00:00
418079578,VERZINO,CZ,05/03/1992 00:00:00
403013744,VESTRENO,CO,05/03/1992 00:00:00
404022215,VEZZANO,TN,31/12/2015 00:00:00
404021614,VEZZANO,BZ,31/12/1983 00:00:00
407009531,VEZZI,SV,31/12/1983 00:00:00
401003607,VEZZO,NO,31/12/1983 00:00:00
403019624,VHO,CR,31/12/1983 00:00:00
404022643,VIARAGO,TN,31/12/1983 00:00:00
418079579,VIBO VALENTIA,CZ,05/03/1992 00:00:00
401003608,VICENO,NO,31/12/1983 00:00:00
403012596,VICONAGO,VA,31/12/1983 00:00:00
403015684,VIDARDO,MI,31/12/1983 00:00:00
403019625,VIDICETO CON GURATA,CR,31/12/1983 00:00:00
403019626,VIDOLASCO,CR,31/12/1983 00:00:00
403015685,VIGADORE,MI,31/12/1983 00:00:00
403018584,VIGALFO,PV,31/12/1983 00:00:00
404022644,VIGALZANO,TN,31/12/1983 00:00:00
401003684,VIGANELLA,NO,29/04/1992 00:00:00
401103073,VIGANELLA,VB,31/12/2015 00:00:00
403013745,VIGANO',CO,05/03/1992 00:00:00
403015686,VIGANO CERTOSINO,MI,31/12/1983 00:00:00
408034510,VIGATTO,PR,31/12/1983 00:00:00
403015687,VIGENTINO,MI,31/12/1983 00:00:00
401003609,VIGGIONA,NO,31/12/1983 00:00:00
403019627,VIGHIZZOLO,CR,31/12/1983 00:00:00
401002603,VIGLIANO BIELLESE,VC,05/03/1992 00:00:00
404022645,VIGNOLA,TN,31/12/1983 00:00:00
401003685,VIGNONE,NO,29/04/1992 00:00:00
404022646,VIGO D'ANAUNIA,TN,31/12/1983 00:00:00
404022220,VIGO RENDENA,TN,31/12/2015 00:00:00
404022685,VIGO-CAVEDINE,TN,31/12/1983 00:00:00
404022647,VIGOLO BASELGA,TN,31/12/1983 00:00:00
404022219,VIGOLO VATTARO,TN,31/12/2015 00:00:00
404022686,VIGO-LOMASO,TN,31/12/1983 00:00:00
403015688,VIGONZINO,MI,31/12/1983 00:00:00
403018585,VIGONZONE,PV,31/12/1983 00:00:00
404022221,VILLA AGNEDO,TN,31/12/2015 00:00:00
404022648,VILLA BANALE,TN,31/12/1983 00:00:00
406032506,VILLA CACCIA,TS,15/09/1947 00:00:00
402007505,VILLA CASTELNUOVO,AO,31/12/1983 00:00:00
403017607,VILLA COGOZZO,BS,31/12/1983 00:00:00
401005515,VILLA CORSIONE,AT,31/12/1983 00:00:00
405029515,VILLA D'ADIGE,RO,31/12/1983 00:00:00
403017608,VILLA D'ALLEGNO,BS,31/12/1983 00:00:00
450501545,VILLA DECANI,PL,03/04/1977 00:00:00
401002604,VILLA DEL BOSCO,VC,05/03/1992 00:00:00
450500523,VILLA DEL NEVOSO,FU,15/09/1947 00:00:00
403012597,VILLA DOSIA,VA,31/12/1983 00:00:00
407008543,VILLA GUARDIA,IM,31/12/1983 00:00:00
404021615,VILLA OTTONE,BZ,31/12/1983 00:00:00
403015690,VILLA PIZZONE,MI,31/12/1983 00:00:00
403015691,VILLA POMPEIANA,MI,31/12/1983 00:00:00
403015692,VILLA RAVERIO,MI,31/12/1983 00:00:00
404022223,VILLA RENDENA,TN,31/12/2015 00:00:00
403013659,VILLA ROMANO,CO,31/12/1983 00:00:00
403015693,VILLA ROSSA,MI,31/12/1983 00:00:00
418080518,VILLA SAN GIUSEPPE,RC,31/12/1983 00:00:00
404021616,VILLA SANTA CATERINA,BZ,31/12/1983 00:00:00
406032536,VILLA SLAVINA,TS,15/09/1947 00:00:00
407008544,VILLA TALLA,IM,31/12/1983 00:00:00
420092588,VILLA VERDE,CA,15/07/1974 00:00:00
403013655,VILLA VERGANO,CO,31/12/1983 00:00:00
407008545,VILLA VIANI,IM,31/12/1983 00:00:00
415061509,VILLA VOLTURNO,CE,31/12/1983 00:00:00
406032535,VILLABASSA,TS,15/09/1947 00:00:00
401006516,VILLABELLA,AL,31/12/1983 00:00:00
401003686,VILLADOSSOLA,NO,29/04/1992 00:00:00
420092511,VILLAGRECA,CA,31/12/1983 00:00:00
403013658,VILL'ALBESE,CO,31/12/1983 00:00:00
403018586,VILLALUNGA,PV,31/12/1983 00:00:00
404022687,VILLAMONTAGNA,TN,31/12/1983 00:00:00
401002605,VILLANOVA BIELLESE,VC,05/03/1992 00:00:00
403015758,VILLANOVA DEL SILLARO,MI,05/03/1992 00:00:00
420092589,VILLANOVA TRUSCHEDU,CA,15/07/1974 00:00:00
403015689,VILLANOVA VIMERCATE,MI,31/12/1983 00:00:00
401004523,VILLANOVAVETTA,CN,31/12/1983 00:00:00
403018587,VILLAREGGIO,PV,31/12/1983 00:00:00
403019628,VILLAROCCA,CR,31/12/1983 00:00:00
403015239,VILLASANTA,MI,29/06/2009 00:00:00
420095972,VILLAURBANA,CA,15/07/1974 00:00:00
404022649,VILLAZZANO,TN,31/12/1983 00:00:00
404022650,VILLE DEL MONTE,TN,31/12/1983 00:00:00
406031609,VILLE MONTEVECCHIO,GO,15/09/1947 00:00:00
407008546,VILLE SAN PIETRO,IM,31/12/1983 00:00:00
407008547,VILLE SAN SEBASTIANO,IM,31/12/1983 00:00:00
401003687,VILLETTE,NO,29/04/1992 00:00:00
403016585,VILLONGO SAN FILASTRO,BG,31/12/1983 00:00:00
403016586,VILLONGO SANT'ALESSANDRO,BG,31/12/1983 00:00:00
403016587,VILMINORE,BG,31/12/1983 00:00:00
403018588,VIMANONE,PV,31/12/1983 00:00:00
403015241,VIMERCATE,MI,29/06/2009 00:00:00
403013660,VIMOGNO,CO,31/12/1983 00:00:00
403012598,VINAGO,VA,31/12/1983 00:00:00
401002527,VINTEBBIO,VC,31/12/1983 00:00:00
404022651,VION,TN,31/12/1983 00:00:00
406031610,VIPACCO,GO,15/09/1947 00:00:00
403020069,VIRGILIO,MN,03/02/2014 00:00:00
403017609,VIRLE TRE PONTI,BS,31/12/1983 00:00:00
450501546,VISIGNANO,PL,15/09/1947 00:00:00
450501547,VISINADA,PL,15/09/1947 00:00:00
403013661,VISINO,CO,31/12/1983 00:00:00
412060504,VITICUSO E ACQUAFONDATA,FR,31/12/1983 00:00:00
406030571,VITO D'ASIO,UD,29/02/1968 00:00:00
403015694,VITTADONE,MI,31/12/1983 00:00:00
406030572,VIVARO,UD,29/02/1968 00:00:00
403018589,VIVENTE,PV,31/12/1983 00:00:00
401002606,VIVERONE,VC,05/03/1992 00:00:00
404021617,VIZZE,BZ,31/12/1983 00:00:00
401003610,VOCOGNO E PRESTINONE,NO,31/12/1983 00:00:00
401003688,VOGOGNA,NO,29/04/1992 00:00:00
406031611,VOISSIZZA DI COMENO,GO,15/09/1947 00:00:00
403012599,VOLDOMINO,VA,31/12/1983 00:00:00
450500524,VOLOSCA,FU,15/09/1947 00:00:00
403012600,VOLTORRE,VA,31/12/1983 00:00:00
406031612,VOLZANA,GO,15/09/1947 00:00:00
406031613,VOSCHIA,GO,15/09/1947 00:00:00
419081501,XITTA,TP,31/12/1983 00:00:00
418079580,ZACCANOPOLI,CZ,05/03/1992 00:00:00
418079581,ZAMBRONE,CZ,05/03/1992 00:00:00
403019629,ZANENGO,CR,31/12/1983 00:00:00
403019630,ZAPPELLO CON BOLZONE,CR,31/12/1983 00:00:00
450502502,ZARA,ZA,15/09/1947 00:00:00
403018590,ZAVATTARELLO VALVERDE,PV,31/12/1983 00:00:00
420092590,ZEDDIANI,CA,15/07/1974 00:00:00
405027509,ZELARINO,VE,24/08/1926 00:00:00
403018591,ZELATA,PV,31/12/1983 00:00:00
403013662,ZELBIO VELESO,CO,31/12/1983 00:00:00
403015759,ZELO BUON PERSICO,MI,05/03/1992 00:00:00
403015695,ZELO FORAMAGNO,MI,31/12/1983 00:00:00
420092591,ZEPPARA,CA,15/07/1974 00:00:00
420095511,ZEPPARA,OR,31/12/1983 00:00:00
420092592,ZERFALIU,CA,15/07/1974 00:00:00
408034048,ZIBELLO,PR,31/12/2015 00:00:00
403018592,ZIBIDO AL LAMBRO,PV,31/12/1983 00:00:00
401002607,ZIMONE,VC,05/03/1992 00:00:00
403015696,ZIVIDO,MI,31/12/1983 00:00:00
405025068,ZOLDO ALTO,BL,22/02/2016 00:00:00
406031614,ZOLLA,GO,15/09/1947 00:00:00
406030573,ZOPPOLA,UD,29/02/1968 00:00:00
403015697,ZORLESCO,MI,31/12/1983 00:00:00
401003611,ZORNASCO,NO,31/12/1983 00:00:00
403016588,ZORZINO,BG,31/12/1983 00:00:00
401003612,ZOVERALLO,NO,31/12/1983 00:00:00
401002608,ZUBIENA,VC,05/03/1992 00:00:00
404022227,ZUCLO,TN,31/12/2015 00:00:00
401002609,ZUMAGLIA,VC,05/03/1992 00:00:00
418079582,ZUNGRI,CZ,05/03/1992 00:00:00
403015698,ZUNICO,MI,31/12/1983 00:00:00
420092593,ZURI,CA,15/07/1974 00:00:00
420095512,ZURI,OR,31/12/1983 00:00:00
