pk,cod,des,pr,lastupdate
1,405028001,ABANO TERME,PD,2021-09-01 12:58:33
2,403098001,ABBADIA CERRETO,LO,2021-09-01 12:58:33
3,403097001,ABBADIA LARIANA,LC,2021-09-01 12:58:33
4,409052001,ABBADIA SAN SALVATORE,SI,2021-09-01 12:58:33
5,420095001,ABBASANTA,OR,2021-09-01 12:58:33
6,413068001,ABBATEGGIO,PE,2021-09-01 12:58:33
7,403015002,ABBIATEGRASSO,MI,2021-09-01 12:58:33
8,409047023,ABETONE CUTIGLIANO,PT,2021-09-01 12:58:33
9,417076001,ABRIOLA,PZ,2021-09-01 12:58:33
10,419088001,ACATE,RG,2021-09-01 12:58:33
11,416071001,ACCADIA,FG,2021-09-01 12:58:33
12,401004001,ACCEGLIO,CN,2021-09-01 12:58:33
13,417077001,ACCETTURA,MT,2021-09-01 12:58:33
14,413066001,ACCIANO,AQ,2021-09-01 12:58:33
15,412057001,ACCUMOLI,RI,2021-09-01 12:58:33
16,417076002,ACERENZA,PZ,2021-09-01 12:58:33
17,415065001,ACERNO,SA,2021-09-01 12:58:33
18,415063001,ACERRA,NA,2021-09-01 12:58:33
19,419087001,ACI BONACCORSI,CT,2021-09-01 12:58:33
20,419087002,ACI CASTELLO,CT,2021-09-01 12:58:33
21,419087003,ACI CATENA,CT,2021-09-01 12:58:33
22,419087005,ACI SANT'ANTONIO,CT,2021-09-01 12:58:33
23,419087004,ACIREALE,CT,2021-09-01 12:58:33
24,412060001,ACQUAFONDATA,FR,2021-09-01 12:58:33
25,418078001,ACQUAFORMOSA,CS,2021-09-01 12:58:33
26,403017001,ACQUAFREDDA,BS,2021-09-01 12:58:33
27,411041001,ACQUALAGNA,PS,2021-09-01 12:58:33
28,403019001,ACQUANEGRA CREMONESE,CR,2021-09-01 12:58:33
29,403020001,ACQUANEGRA SUL CHIESE,MN,2021-09-01 12:58:33
30,412056001,ACQUAPENDENTE,VT,2021-09-01 12:58:33
31,418078002,ACQUAPPESA,CS,2021-09-01 12:58:33
32,416075001,ACQUARICA DEL CAPO,LE,2021-09-01 12:58:33
33,418102001,ACQUARO,VV,2021-09-01 12:58:33
34,411044001,ACQUASANTA TERME,AP,2021-09-01 12:58:33
35,410055001,ACQUASPARTA,TR,2021-09-01 12:58:33
36,414070001,ACQUAVIVA COLLECROCE,CB,2021-09-01 12:58:33
37,414094001,ACQUAVIVA D'ISERNIA,IS,2021-09-01 12:58:33
38,416072001,ACQUAVIVA DELLE FONTI,BA,2021-09-01 12:58:33
39,411044002,ACQUAVIVA PICENA,AP,2021-09-01 12:58:33
40,419085001,ACQUAVIVA PLATANI,CL,2021-09-01 12:58:33
41,419083107,ACQUEDOLCI,ME,2021-09-01 12:58:33
42,401006001,ACQUI TERME,AL,2021-09-01 12:58:33
43,418078003,ACRI,CS,2021-09-01 12:58:33
44,412060002,ACUTO,FR,2021-09-01 12:58:33
45,416072002,ADELFIA,BA,2021-09-01 12:58:33
46,419087006,ADRANO,CT,2021-09-01 12:58:33
47,403016001,ADRARA SAN MARTINO,BG,2021-09-01 12:58:33
48,403016002,ADRARA SAN ROCCO,BG,2021-09-01 12:58:33
49,405029001,ADRIA,RO,2021-09-01 12:58:33
50,403017002,ADRO,BS,2021-09-01 12:58:33
51,405023001,AFFI,VR,2021-09-01 12:58:33
52,412058001,AFFILE,RM,2021-09-01 12:58:33
53,415063002,AFRAGOLA,NA,2021-09-01 12:58:33
54,418080001,AFRICO,RC,2021-09-01 12:58:33
55,408033001,AGAZZANO,PC,2021-09-01 12:58:33
56,415063003,AGEROLA,NA,2021-09-01 12:58:33
57,420090001,AGGIUS,SS,2021-09-01 12:58:33
58,419086001,AGIRA,EN,2021-09-01 12:58:33
59,409047002,AGLIANA,PT,2021-09-01 12:58:33
60,401005001,AGLIANO TERME,AT,2021-09-01 12:58:33
61,401001001,AGLIE',TO,2021-09-01 12:58:33
62,420090062,AGLIENTU,SS,2021-09-01 12:58:33
63,405028002,AGNA,PD,2021-09-01 12:58:33
64,403019002,AGNADELLO,CR,2021-09-01 12:58:33
65,418080002,AGNANA CALABRA,RC,2021-09-01 12:58:33
66,414094002,AGNONE,IS,2021-09-01 12:58:33
67,403017003,AGNOSINE,BS,2021-09-01 12:58:34
68,405025001,AGORDO,BL,2021-09-01 12:58:34
69,412058002,AGOSTA,RM,2021-09-01 12:58:34
70,403012001,AGRA,VA,2021-09-01 12:58:34
71,403108001,AGRATE BRIANZA,MB,2021-09-01 12:58:34
72,401003001,AGRATE CONTURBIA,NO,2021-09-01 12:58:34
73,419084001,AGRIGENTO,AG,2021-09-01 12:58:34
74,415065002,AGROPOLI,SA,2021-09-01 12:58:34
75,411042001,AGUGLIANO,AN,2021-09-01 12:58:34
76,405024001,AGUGLIARO,VI,2021-09-01 12:58:34
77,403108002,AICURZIO,MB,2021-09-01 12:58:34
78,420095002,AIDOMAGGIORE,OR,2021-09-01 12:58:34
79,419086002,AIDONE,EN,2021-09-01 12:58:34
80,413066002,AIELLI,AQ,2021-09-01 12:58:34
81,418078004,AIELLO CALABRO,CS,2021-09-01 12:58:34
82,406030001,AIELLO DEL FRIULI,UD,2021-09-01 12:58:34
83,415064001,AIELLO DEL SABATO,AV,2021-09-01 12:58:34
84,418078005,AIETA,CS,2021-09-01 12:58:34
85,415061001,AILANO,CE,2021-09-01 12:58:34
86,401096001,AILOCHE,BI,2021-09-01 12:58:34
87,401001002,AIRASCA,TO,2021-09-01 12:58:34
88,415062001,AIROLA,BN,2021-09-01 12:58:34
89,407008001,AIROLE,IM,2021-09-01 12:58:34
90,403097002,AIRUNO,LC,2021-09-01 12:58:34
91,401004002,AISONE,CN,2021-09-01 12:58:34
92,404022001,ALA,TN,2021-09-01 12:58:34
93,401001003,ALA DI STURA,TO,2021-09-01 12:58:34
94,420090002,ALA' DEI SARDI,SS,2021-09-01 12:58:34
95,403018001,ALAGNA,PV,2021-09-01 12:58:34
96,401002002,ALAGNA VALSESIA,VC,2021-09-01 12:58:34
97,413068002,ALANNO,PE,2021-09-01 12:58:34
98,405025002,ALANO DI PIAVE,BL,2021-09-01 12:58:34
99,407009001,ALASSIO,SV,2021-09-01 12:58:34
100,412060003,ALATRI,FR,2021-09-01 12:58:34
101,401004003,ALBA,CN,2021-09-01 12:58:34
102,413067001,ALBA ADRIATICA,TE,2021-09-01 12:58:34
103,420095003,ALBAGIARA,OR,2021-09-01 12:58:34
104,403015005,ALBAIRATE,MI,2021-09-01 12:58:34
105,415065003,ALBANELLA,SA,2021-09-01 12:58:34
106,417076003,ALBANO DI LUCANIA,PZ,2021-09-01 12:58:34
107,412058003,ALBANO LAZIALE,RM,2021-09-01 12:58:34
108,403016003,ALBANO SANT'ALESSANDRO,BG,2021-09-01 12:58:34
109,401002003,ALBANO VERCELLESE,VC,2021-09-01 12:58:34
110,403018002,ALBAREDO ARNABOLDI,PV,2021-09-01 12:58:34
111,405023002,ALBAREDO D'ADIGE,VR,2021-09-01 12:58:34
112,403014001,ALBAREDO PER SAN MARCO,SO,2021-09-01 12:58:34
113,408034001,ALBARETO,PR,2021-09-01 12:58:34
114,401004004,ALBARETTO DELLA TORRE,CN,2021-09-01 12:58:34
115,403013003,ALBAVILLA,CO,2021-09-01 12:58:34
116,407009002,ALBENGA,SV,2021-09-01 12:58:34
117,401006002,ALBERA LIGURE,AL,2021-09-01 12:58:34
118,416072003,ALBEROBELLO,BA,2021-09-01 12:58:34
119,416071002,ALBERONA,FG,2021-09-01 12:58:34
120,403013004,ALBESE CON CASSANO,CO,2021-09-01 12:58:34
121,405024002,ALBETTONE,VI,2021-09-01 12:58:34
122,418079002,ALBI,CZ,2021-09-01 12:58:34
123,404022002,ALBIANO,TN,2021-09-01 12:58:34
124,401001004,ALBIANO D'IVREA,TO,2021-09-01 12:58:34
125,403108003,ALBIATE,MB,2021-09-01 12:58:34
126,418078006,ALBIDONA,CS,2021-09-01 12:58:34
127,405028003,ALBIGNASEGO,PD,2021-09-01 12:58:34
128,408035001,ALBINEA,RE,2021-09-01 12:58:34
129,403016004,ALBINO,BG,2021-09-01 12:58:34
130,403013005,ALBIOLO,CO,2021-09-01 12:58:34
131,407009004,ALBISOLA SUPERIORE,SV,2021-09-01 12:58:34
132,407009003,ALBISSOLA MARINA,SV,2021-09-01 12:58:34
133,403012002,ALBIZZATE,VA,2021-09-01 12:58:34
134,403018003,ALBONESE,PV,2021-09-01 12:58:34
135,403014002,ALBOSAGGIA,SO,2021-09-01 12:58:34
136,401005002,ALBUGNANO,AT,2021-09-01 12:58:34
137,403018004,ALBUZZANO,PV,2021-09-01 12:58:34
138,419081001,ALCAMO,TP,2021-09-01 12:58:34
139,419083001,ALCARA LI FUSI,ME,2021-09-01 12:58:34
140,404022003,ALDENO,TN,2021-09-01 12:58:34
141,404021001,ALDINO,BZ,2021-09-01 12:58:34
142,420095004,ALES,OR,2021-09-01 12:58:34
143,401006003,ALESSANDRIA,AL,2021-09-01 12:58:34
144,418078007,ALESSANDRIA DEL CARRETTO,CS,2021-09-01 12:58:34
145,419084002,ALESSANDRIA DELLA ROCCA,AG,2021-09-01 12:58:34
146,416075002,ALESSANO,LE,2021-09-01 12:58:34
147,416075003,ALEZIO,LE,2021-09-01 12:58:34
148,415065004,ALFANO,SA,2021-09-01 12:58:34
149,413066003,ALFEDENA,AQ,2021-09-01 12:58:34
150,403017004,ALFIANELLO,BS,2021-09-01 12:58:34
151,401006004,ALFIANO NATTA,AL,2021-09-01 12:58:34
152,408039001,ALFONSINE,RA,2021-09-01 12:58:34
153,420090003,ALGHERO,SS,2021-09-01 12:58:34
154,403016248,ALGUA,BG,2021-09-01 12:58:34
155,419083002,ALI',ME,2021-09-01 12:58:34
156,419083003,ALI' TERME,ME,2021-09-01 12:58:34
157,419082001,ALIA,PA,2021-09-01 12:58:34
158,417077002,ALIANO,MT,2021-09-01 12:58:34
159,401006005,ALICE BEL COLLE,AL,2021-09-01 12:58:34
160,401002004,ALICE CASTELLO,VC,2021-09-01 12:58:34
161,401001005,ALICE SUPERIORE,TO,2021-09-01 12:58:34
162,415061002,ALIFE,CE,2021-09-01 12:58:34
163,419082002,ALIMENA,PA,2021-09-01 12:58:34
164,419082003,ALIMINUSA,PA,2021-09-01 12:58:34
165,420095005,ALLAI,OR,2021-09-01 12:58:34
166,405025003,ALLEGHE,BL,2021-09-01 12:58:34
167,402007001,ALLEIN,AO,2021-09-01 12:58:34
168,410055002,ALLERONA,TR,2021-09-01 12:58:34
169,416075004,ALLISTE,LE,2021-09-01 12:58:34
170,412058004,ALLUMIERE,RM,2021-09-01 12:58:34
171,401006006,ALLUVIONI CAMBIO',AL,2021-09-01 12:58:34
172,403016005,ALME',BG,2021-09-01 12:58:34
173,403016006,ALMENNO SAN BARTOLOMEO,BG,2021-09-01 12:58:34
174,403016007,ALMENNO SAN SALVATORE,BG,2021-09-01 12:58:34
175,401001006,ALMESE,TO,2021-09-01 12:58:34
176,405024003,ALONTE,VI,2021-09-01 12:58:34
177,405025072,ALPAGO,BL,2021-09-01 12:58:34
178,401001007,ALPETTE,TO,2021-09-01 12:58:34
179,401001008,ALPIGNANO,TO,2021-09-01 12:58:34
180,408033002,ALSENO,PC,2021-09-01 12:58:34
181,403013006,ALSERIO,CO,2021-09-01 12:58:34
182,403013253,ALTA VALLE INTELVI,CO,2021-09-01 12:58:34
183,416072004,ALTAMURA,BA,2021-09-01 12:58:34
184,407009005,ALTARE,SV,2021-09-01 12:58:34
185,404022235,ALTAVALLE,TN,2021-09-01 12:58:34
186,415064002,ALTAVILLA IRPINA,AV,2021-09-01 12:58:34
187,419082004,ALTAVILLA MILICIA,PA,2021-09-01 12:58:34
188,401006007,ALTAVILLA MONFERRATO,AL,2021-09-01 12:58:34
189,415065005,ALTAVILLA SILENTINA,SA,2021-09-01 12:58:34
190,405024004,ALTAVILLA VICENTINA,VI,2021-09-01 12:58:34
191,411109001,ALTIDONA,FM,2021-09-01 12:58:34
192,418078008,ALTILIA,CS,2021-09-01 12:58:34
193,413069001,ALTINO,CH,2021-09-01 12:58:34
194,405024005,ALTISSIMO,VI,2021-09-01 12:58:34
195,405026001,ALTIVOLE,TV,2021-09-01 12:58:34
196,401004005,ALTO,CN,2021-09-01 12:58:35
197,408037062,ALTO RENO TERME,BO,2021-09-01 12:58:35
198,419082005,ALTOFONTE,PA,2021-09-01 12:58:35
199,418078009,ALTOMONTE,CS,2021-09-01 12:58:35
200,409046001,ALTOPASCIO,LU,2021-09-01 12:58:35
201,404022236,ALTOPIANO DELLA VIGOLANA,TN,2021-09-01 12:58:35
202,410055003,ALVIANO,TR,2021-09-01 12:58:35
203,415061003,ALVIGNANO,CE,2021-09-01 12:58:35
204,412060004,ALVITO,FR,2021-09-01 12:58:35
205,403016008,ALZANO LOMBARDO,BG,2021-09-01 12:58:35
206,401006008,ALZANO SCRIVIA,AL,2021-09-01 12:58:35
207,403013007,ALZATE BRIANZA,CO,2021-09-01 12:58:35
208,415065006,AMALFI,SA,2021-09-01 12:58:35
209,411109002,AMANDOLA,FM,2021-09-01 12:58:35
210,418078010,AMANTEA,CS,2021-09-01 12:58:35
211,406030002,AMARO,UD,2021-09-01 12:58:35
212,418079003,AMARONI,CZ,2021-09-01 12:58:35
213,412060005,AMASENO,FR,2021-09-01 12:58:35
214,418079004,AMATO,CZ,2021-09-01 12:58:35
215,412057002,AMATRICE,RI,2021-09-01 12:58:35
216,403016009,AMBIVERE,BG,2021-09-01 12:58:35
217,404022237,AMBLAR-DON,TN,2021-09-01 12:58:35
218,407011001,AMEGLIA,SP,2021-09-01 12:58:35
219,410055004,AMELIA,TR,2021-09-01 12:58:35
220,418078011,AMENDOLARA,CS,2021-09-01 12:58:35
221,401003002,AMENO,NO,2021-09-01 12:58:35
222,415062002,AMOROSI,BN,2021-09-01 12:58:35
223,406030003,AMPEZZO,UD,2021-09-01 12:58:35
224,415063004,ANACAPRI,NA,2021-09-01 12:58:35
225,412060006,ANAGNI,FR,2021-09-01 12:58:35
226,413067002,ANCARANO,TE,2021-09-01 12:58:35
227,411042002,ANCONA,AN,2021-09-01 12:58:35
228,418079005,ANDALI,CZ,2021-09-01 12:58:35
229,404022005,ANDALO,TN,2021-09-01 12:58:35
230,403014003,ANDALO VALTELLINO,SO,2021-09-01 12:58:35
231,401001009,ANDEZENO,TO,2021-09-01 12:58:35
232,407009006,ANDORA,SV,2021-09-01 12:58:35
233,401096002,ANDORNO MICCA,BI,2021-09-01 12:58:35
234,416075005,ANDRANO,LE,2021-09-01 12:58:35
235,401001010,ANDRATE,TO,2021-09-01 12:58:35
236,406093001,ANDREIS,PN,2021-09-01 12:58:35
237,415064003,ANDRETTA,AV,2021-09-01 12:58:35
238,416110001,ANDRIA,BT,2021-09-01 12:58:35
239,404021002,ANDRIANO,BZ,2021-09-01 12:58:35
240,420090004,ANELA,SS,2021-09-01 12:58:35
241,403017005,ANFO,BS,2021-09-01 12:58:35
242,403012003,ANGERA,VA,2021-09-01 12:58:35
243,409051001,ANGHIARI,AR,2021-09-01 12:58:35
244,405023003,ANGIARI,VR,2021-09-01 12:58:35
245,403017006,ANGOLO TERME,BS,2021-09-01 12:58:35
246,415065007,ANGRI,SA,2021-09-01 12:58:35
247,401001011,ANGROGNA,TO,2021-09-01 12:58:35
248,412058005,ANGUILLARA SABAZIA,RM,2021-09-01 12:58:35
249,405028004,ANGUILLARA VENETA,PD,2021-09-01 12:58:35
250,403019003,ANNICCO,CR,2021-09-01 12:58:35
251,403097003,ANNONE DI BRIANZA,LC,2021-09-01 12:58:35
252,405027001,ANNONE VENETO,VE,2021-09-01 12:58:35
253,418080003,ANOIA,RC,2021-09-01 12:58:35
254,403016010,ANTEGNATE,BG,2021-09-01 12:58:35
255,404021003,ANTERIVO,BZ,2021-09-01 12:58:35
256,402007002,ANTEY-SAINT-ANDRE',AO,2021-09-01 12:58:35
257,412058006,ANTICOLI CORRADO,RM,2021-09-01 12:58:35
258,401005003,ANTIGNANO,AT,2021-09-01 12:58:35
259,419083004,ANTILLO,ME,2021-09-01 12:58:35
260,418080004,ANTONIMINA,RC,2021-09-01 12:58:35
261,412057003,ANTRODOCO,RI,2021-09-01 12:58:35
262,401103001,ANTRONA SCHIERANCO,VB,2021-09-01 12:58:35
263,413066004,ANVERSA DEGLI ABRUZZI,AQ,2021-09-01 12:58:35
264,403013009,ANZANO DEL PARCO,CO,2021-09-01 12:58:35
265,416071003,ANZANO DI PUGLIA,FG,2021-09-01 12:58:35
266,417076004,ANZI,PZ,2021-09-01 12:58:35
267,412058007,ANZIO,RM,2021-09-01 12:58:35
268,401103002,ANZOLA D'OSSOLA,VB,2021-09-01 12:58:35
269,408037001,ANZOLA DELL'EMILIA,BO,2021-09-01 12:58:35
270,402007003,AOSTA,AO,2021-09-01 12:58:35
271,411041002,APECCHIO,PS,2021-09-01 12:58:35
272,415062003,APICE,BN,2021-09-01 12:58:35
273,411043002,APIRO,MC,2021-09-01 12:58:35
274,415062004,APOLLOSA,BN,2021-09-01 12:58:35
275,403013010,APPIANO GENTILE,CO,2021-09-01 12:58:35
276,404021004,APPIANO SULLA STRADA DEL VINO,BZ,2021-09-01 12:58:35
277,411043003,APPIGNANO,MC,2021-09-01 12:58:35
278,411044005,APPIGNANO DEL TRONTO,AP,2021-09-01 12:58:35
279,403014004,APRICA,SO,2021-09-01 12:58:35
280,407008002,APRICALE,IM,2021-09-01 12:58:35
281,416071004,APRICENA,FG,2021-09-01 12:58:35
282,418078012,APRIGLIANO,CS,2021-09-01 12:58:35
283,412059001,APRILIA,LT,2021-09-01 12:58:35
284,415065008,AQUARA,SA,2021-09-01 12:58:35
285,407008003,AQUILA D'ARROSCIA,IM,2021-09-01 12:58:35
286,406030004,AQUILEIA,UD,2021-09-01 12:58:35
287,415064004,AQUILONIA,AV,2021-09-01 12:58:35
288,412060007,AQUINO,FR,2021-09-01 12:58:35
289,416075006,ARADEO,LE,2021-09-01 12:58:35
290,419084003,ARAGONA,AG,2021-09-01 12:58:35
291,401005004,ARAMENGO,AT,2021-09-01 12:58:35
292,406093002,ARBA,PN,2021-09-01 12:58:35
293,420095006,ARBOREA,OR,2021-09-01 12:58:35
294,401002006,ARBORIO,VC,2021-09-01 12:58:35
295,420092001,ARBUS,CA,2021-09-01 12:58:35
296,405026002,ARCADE,TV,2021-09-01 12:58:35
297,412060008,ARCE,FR,2021-09-01 12:58:35
298,403016011,ARCENE,BG,2021-09-01 12:58:35
299,411042003,ARCEVIA,AN,2021-09-01 12:58:35
300,413069002,ARCHI,CH,2021-09-01 12:58:35
301,409053001,ARCIDOSSO,GR,2021-09-01 12:58:35
302,412058008,ARCINAZZO ROMANO,RM,2021-09-01 12:58:35
303,403012004,ARCISATE,VA,2021-09-01 12:58:35
304,404022006,ARCO,TN,2021-09-01 12:58:35
305,407011002,ARCOLA,SP,2021-09-01 12:58:35
306,405023004,ARCOLE,VR,2021-09-01 12:58:35
307,403015007,ARCONATE,MI,2021-09-01 12:58:35
308,403108004,ARCORE,MB,2021-09-01 12:58:35
309,405024006,ARCUGNANO,VI,2021-09-01 12:58:35
310,420090005,ARDARA,SS,2021-09-01 12:58:35
311,420095007,ARDAULI,OR,2021-09-01 12:58:35
312,412058117,ARDEA,RM,2021-09-01 12:58:35
313,403014005,ARDENNO,SO,2021-09-01 12:58:35
314,403016012,ARDESIO,BG,2021-09-01 12:58:35
315,418080005,ARDORE,RC,2021-09-01 12:58:35
316,418102002,ARENA,VV,2021-09-01 12:58:35
317,403018005,ARENA PO,PV,2021-09-01 12:58:35
318,407010001,ARENZANO,GE,2021-09-01 12:58:35
319,403015009,ARESE,MI,2021-09-01 12:58:35
320,409051002,AREZZO,AR,2021-09-01 12:58:35
321,403013011,ARGEGNO,CO,2021-09-01 12:58:35
322,408037002,ARGELATO,BO,2021-09-01 12:58:35
323,408038001,ARGENTA,FE,2021-09-01 12:58:35
324,401004006,ARGENTERA,CN,2021-09-01 12:58:35
325,401004007,ARGUELLO,CN,2021-09-01 12:58:35
326,418079007,ARGUSTO,CZ,2021-09-01 12:58:35
327,413069003,ARI,CH,2021-09-01 12:58:35
328,415064005,ARIANO IRPINO,AV,2021-09-01 12:58:35
329,405029002,ARIANO NEL POLESINE,RO,2021-09-01 12:58:35
330,412058009,ARICCIA,RM,2021-09-01 12:58:35
331,413069004,ARIELLI,CH,2021-09-01 12:58:35
332,415061004,ARIENZO,CE,2021-09-01 12:58:35
333,401001012,ARIGNANO,TO,2021-09-01 12:58:35
334,420091001,ARITZO,NU,2021-09-01 12:58:35
335,401103003,ARIZZANO,VB,2021-09-01 12:58:35
336,412056002,ARLENA DI CASTRO,VT,2021-09-01 12:58:35
337,403015010,ARLUNO,MI,2021-09-01 12:58:35
338,401003006,ARMENO,NO,2021-09-01 12:58:35
339,417076005,ARMENTO,PZ,2021-09-01 12:58:35
340,407008004,ARMO,IM,2021-09-01 12:58:35
341,420092002,ARMUNGIA,CA,2021-09-01 12:58:35
342,402007004,ARNAD,AO,2021-09-01 12:58:36
343,412060009,ARNARA,FR,2021-09-01 12:58:36
344,407009007,ARNASCO,SV,2021-09-01 12:58:36
345,416075007,ARNESANO,LE,2021-09-01 12:58:36
346,401103004,AROLA,VB,2021-09-01 12:58:36
347,401003008,ARONA,NO,2021-09-01 12:58:36
348,403013012,AROSIO,CO,2021-09-01 12:58:36
349,415062005,ARPAIA,BN,2021-09-01 12:58:36
350,415062006,ARPAISE,BN,2021-09-01 12:58:36
351,412060010,ARPINO,FR,2021-09-01 12:58:36
352,405028005,ARQUA' PETRARCA,PD,2021-09-01 12:58:36
353,405029003,ARQUA' POLESINE,RO,2021-09-01 12:58:36
354,411044006,ARQUATA DEL TRONTO,AP,2021-09-01 12:58:36
355,401006009,ARQUATA SCRIVIA,AL,2021-09-01 12:58:36
356,405028006,ARRE,PD,2021-09-01 12:58:36
357,410055005,ARRONE,TR,2021-09-01 12:58:36
358,403012005,ARSAGO SEPRIO,VA,2021-09-01 12:58:36
359,405025004,ARSIE',BL,2021-09-01 12:58:36
360,405024007,ARSIERO,VI,2021-09-01 12:58:36
361,413067003,ARSITA,TE,2021-09-01 12:58:36
362,412058010,ARSOLI,RM,2021-09-01 12:58:36
363,406030005,ARTA TERME,UD,2021-09-01 12:58:36
364,406030006,ARTEGNA,UD,2021-09-01 12:58:36
365,412058011,ARTENA,RM,2021-09-01 12:58:36
366,403017007,ARTOGNE,BS,2021-09-01 12:58:36
367,402007005,ARVIER,AO,2021-09-01 12:58:36
368,420090006,ARZACHENA,SS,2021-09-01 12:58:36
369,403016013,ARZAGO D'ADDA,BG,2021-09-01 12:58:36
370,420091002,ARZANA,NU,2021-09-01 12:58:36
371,415063005,ARZANO,NA,2021-09-01 12:58:36
372,405028007,ARZERGRANDE,PD,2021-09-01 12:58:36
373,405024008,ARZIGNANO,VI,2021-09-01 12:58:36
374,415065009,ASCEA,SA,2021-09-01 12:58:36
375,409052002,ASCIANO,SI,2021-09-01 12:58:36
376,411044007,ASCOLI PICENO,AP,2021-09-01 12:58:36
377,416071005,ASCOLI SATRIANO,FG,2021-09-01 12:58:36
378,412057004,ASCREA,RI,2021-09-01 12:58:36
379,405024009,ASIAGO,VI,2021-09-01 12:58:36
380,405024010,ASIGLIANO VENETO,VI,2021-09-01 12:58:36
381,401002007,ASIGLIANO VERCELLESE,VC,2021-09-01 12:58:36
382,403020002,ASOLA,MN,2021-09-01 12:58:36
383,405026003,ASOLO,TV,2021-09-01 12:58:36
384,403015011,ASSAGO,MI,2021-09-01 12:58:36
385,420092003,ASSEMINI,CA,2021-09-01 12:58:36
386,410054001,ASSISI,PG,2021-09-01 12:58:36
387,403013013,ASSO,CO,2021-09-01 12:58:36
388,420095008,ASSOLO,OR,2021-09-01 12:58:36
389,419086003,ASSORO,EN,2021-09-01 12:58:36
390,401005005,ASTI,AT,2021-09-01 12:58:36
391,420095009,ASUNI,OR,2021-09-01 12:58:36
392,413066005,ATELETA,AQ,2021-09-01 12:58:36
393,417076006,ATELLA,PZ,2021-09-01 12:58:36
394,415065010,ATENA LUCANA,SA,2021-09-01 12:58:36
395,413069005,ATESSA,CH,2021-09-01 12:58:36
396,412060011,ATINA,FR,2021-09-01 12:58:36
397,415065011,ATRANI,SA,2021-09-01 12:58:36
398,413067004,ATRI,TE,2021-09-01 12:58:36
399,415064006,ATRIPALDA,AV,2021-09-01 12:58:36
400,410055006,ATTIGLIANO,TR,2021-09-01 12:58:36
401,406030007,ATTIMIS,UD,2021-09-01 12:58:36
402,420091003,ATZARA,NU,2021-09-01 12:58:36
403,411041003,AUDITORE,PS,2021-09-01 12:58:36
404,419089001,AUGUSTA,SR,2021-09-01 12:58:36
405,415065012,AULETTA,SA,2021-09-01 12:58:36
406,409045001,AULLA,MS,2021-09-01 12:58:36
407,401103005,AURANO,VB,2021-09-01 12:58:36
408,407008005,AURIGO,IM,2021-09-01 12:58:36
409,405025005,AURONZO DI CADORE,BL,2021-09-01 12:58:36
410,412060012,AUSONIA,FR,2021-09-01 12:58:36
411,420091004,AUSTIS,NU,2021-09-01 12:58:36
412,407010002,AVEGNO,GE,2021-09-01 12:58:36
413,404021005,AVELENGO,BZ,2021-09-01 12:58:36
414,415064007,AVELLA,AV,2021-09-01 12:58:36
415,415064008,AVELLINO,AV,2021-09-01 12:58:36
416,403016014,AVERARA,BG,2021-09-01 12:58:36
417,415061005,AVERSA,CE,2021-09-01 12:58:36
418,416073001,AVETRANA,TA,2021-09-01 12:58:36
419,413066006,AVEZZANO,AQ,2021-09-01 12:58:36
420,406093004,AVIANO,PN,2021-09-01 12:58:36
421,403016015,AVIATICO,BG,2021-09-01 12:58:36
422,401001013,AVIGLIANA,TO,2021-09-01 12:58:36
423,417076007,AVIGLIANO,PZ,2021-09-01 12:58:36
424,410055033,AVIGLIANO UMBRO,TR,2021-09-01 12:58:36
425,404022007,AVIO,TN,2021-09-01 12:58:36
426,402007006,AVISE,AO,2021-09-01 12:58:36
427,419089002,AVOLA,SR,2021-09-01 12:58:36
428,401006010,AVOLASCA,AL,2021-09-01 12:58:36
429,402007007,AYAS,AO,2021-09-01 12:58:36
430,402007008,AYMAVILLES,AO,2021-09-01 12:58:36
431,401001014,AZEGLIO,TO,2021-09-01 12:58:36
432,403019004,AZZANELLO,CR,2021-09-01 12:58:36
433,401005006,AZZANO D'ASTI,AT,2021-09-01 12:58:36
434,406093005,AZZANO DECIMO,PN,2021-09-01 12:58:36
435,403017008,AZZANO MELLA,BS,2021-09-01 12:58:36
436,403016016,AZZANO SAN PAOLO,BG,2021-09-01 12:58:36
437,403012006,AZZATE,VA,2021-09-01 12:58:36
438,403012007,AZZIO,VA,2021-09-01 12:58:36
439,403016017,AZZONE,BG,2021-09-01 12:58:36
440,401103006,BACENO,VB,2021-09-01 12:58:36
441,415063006,BACOLI,NA,2021-09-01 12:58:36
442,407008006,BADALUCCO,IM,2021-09-01 12:58:36
443,420090081,BADESI,SS,2021-09-01 12:58:36
444,404021006,BADIA,BZ,2021-09-01 12:58:36
445,405023005,BADIA CALAVENA,VR,2021-09-01 12:58:36
446,403018006,BADIA PAVESE,PV,2021-09-01 12:58:36
447,405029004,BADIA POLESINE,RO,2021-09-01 12:58:36
448,409051003,BADIA TEDALDA,AR,2021-09-01 12:58:36
449,418079008,BADOLATO,CZ,2021-09-01 12:58:36
450,418080006,BAGALADI,RC,2021-09-01 12:58:36
451,419082006,BAGHERIA,PA,2021-09-01 12:58:36
452,408039002,BAGNACAVALLO,RA,2021-09-01 12:58:36
453,418080007,BAGNARA CALABRA,RC,2021-09-01 12:58:36
454,408039003,BAGNARA DI ROMAGNA,RA,2021-09-01 12:58:36
455,403018007,BAGNARIA,PV,2021-09-01 12:58:36
456,406030008,BAGNARIA ARSA,UD,2021-09-01 12:58:36
457,401004008,BAGNASCO,CN,2021-09-01 12:58:36
458,403016018,BAGNATICA,BG,2021-09-01 12:58:37
459,409046002,BAGNI DI LUCCA,LU,2021-09-01 12:58:37
460,409048001,BAGNO A RIPOLI,FI,2021-09-01 12:58:37
461,408040001,BAGNO DI ROMAGNA,FO,2021-09-01 12:58:37
462,414094003,BAGNOLI DEL TRIGNO,IS,2021-09-01 12:58:37
463,405028008,BAGNOLI DI SOPRA,PD,2021-09-01 12:58:37
464,415064009,BAGNOLI IRPINO,AV,2021-09-01 12:58:37
465,403019005,BAGNOLO CREMASCO,CR,2021-09-01 12:58:37
466,416075008,BAGNOLO DEL SALENTO,LE,2021-09-01 12:58:37
467,405029005,BAGNOLO DI PO,RO,2021-09-01 12:58:37
468,408035002,BAGNOLO IN PIANO,RE,2021-09-01 12:58:37
469,403017009,BAGNOLO MELLA,BS,2021-09-01 12:58:37
470,401004009,BAGNOLO PIEMONTE,CN,2021-09-01 12:58:37
471,403020003,BAGNOLO SAN VITO,MN,2021-09-01 12:58:37
472,409045002,BAGNONE,MS,2021-09-01 12:58:37
473,412056003,BAGNOREGIO,VT,2021-09-01 12:58:37
474,403017010,BAGOLINO,BS,2021-09-01 12:58:37
475,415061006,BAIA E LATINA,CE,2021-09-01 12:58:37
476,415064010,BAIANO,AV,2021-09-01 12:58:37
477,401001015,BAIRO,TO,2021-09-01 12:58:37
478,408035003,BAISO,RE,2021-09-01 12:58:37
479,407008007,BAJARDO,IM,2021-09-01 12:58:37
480,401001016,BALANGERO,TO,2021-09-01 12:58:37
481,401005007,BALDICHIERI D'ASTI,AT,2021-09-01 12:58:37
482,401001017,BALDISSERO CANAVESE,TO,2021-09-01 12:58:37
483,401004010,BALDISSERO D'ALBA,CN,2021-09-01 12:58:37
484,401001018,BALDISSERO TORINESE,TO,2021-09-01 12:58:37
485,419082007,BALESTRATE,PA,2021-09-01 12:58:37
486,407009008,BALESTRINO,SV,2021-09-01 12:58:37
487,403097004,BALLABIO,LC,2021-09-01 12:58:37
488,420092004,BALLAO,CA,2021-09-01 12:58:37
489,401001019,BALME,TO,2021-09-01 12:58:37
490,401002008,BALMUCCIA,VC,2021-09-01 12:58:37
491,401002009,BALOCCO,VC,2021-09-01 12:58:37
492,413066007,BALSORANO,AQ,2021-09-01 12:58:37
493,417076008,BALVANO,PZ,2021-09-01 12:58:37
494,401006011,BALZOLA,AL,2021-09-01 12:58:37
495,420090007,BANARI,SS,2021-09-01 12:58:37
496,401001020,BANCHETTE,TO,2021-09-01 12:58:37
497,401103007,BANNIO ANZINO,VB,2021-09-01 12:58:37
498,417076009,BANZI,PZ,2021-09-01 12:58:37
499,405028009,BAONE,PD,2021-09-01 12:58:37
500,420095010,BARADILI,OR,2021-09-01 12:58:37
501,417076010,BARAGIANO,PZ,2021-09-01 12:58:37
502,414070002,BARANELLO,CB,2021-09-01 12:58:37
503,415063007,BARANO D'ISCHIA,NA,2021-09-01 12:58:37
504,403015250,BARANZATE,MI,2021-09-01 12:58:37
505,403012008,BARASSO,VA,2021-09-01 12:58:37
506,420095011,BARATILI SAN PIETRO,OR,2021-09-01 12:58:37
507,401001021,BARBANIA,TO,2021-09-01 12:58:37
508,411042004,BARBARA,AN,2021-09-01 12:58:37
509,412056004,BARBARANO ROMANO,VT,2021-09-01 12:58:37
510,405024011,BARBARANO VICENTINO,VI,2021-09-01 12:58:37
511,401004011,BARBARESCO,CN,2021-09-01 12:58:37
512,403017011,BARBARIGA,BS,2021-09-01 12:58:37
513,403016019,BARBATA,BG,2021-09-01 12:58:37
514,409048002,BARBERINO DI MUGELLO,FI,2021-09-01 12:58:37
515,409048003,BARBERINO VAL D'ELSA,FI,2021-09-01 12:58:37
516,403018008,BARBIANELLO,PV,2021-09-01 12:58:37
517,404021007,BARBIANO,BZ,2021-09-01 12:58:37
518,405028010,BARBONA,PD,2021-09-01 12:58:37
519,419083005,BARCELLONA POZZO DI GOTTO,ME,2021-09-01 12:58:37
520,406093006,BARCIS,PN,2021-09-01 12:58:37
521,402007009,BARD,AO,2021-09-01 12:58:37
522,403012009,BARDELLO,VA,2021-09-01 12:58:37
523,408034002,BARDI,PR,2021-09-01 12:58:37
524,407009009,BARDINETO,SV,2021-09-01 12:58:37
525,405023006,BARDOLINO,VR,2021-09-01 12:58:37
526,401001022,BARDONECCHIA,TO,2021-09-01 12:58:37
527,403015012,BAREGGIO,MI,2021-09-01 12:58:37
528,401003012,BARENGO,NO,2021-09-01 12:58:37
529,420095012,BARESSA,OR,2021-09-01 12:58:37
530,413066008,BARETE,AQ,2021-09-01 12:58:37
531,409046003,BARGA,LU,2021-09-01 12:58:37
532,407010003,BARGAGLI,GE,2021-09-01 12:58:37
533,401004012,BARGE,CN,2021-09-01 12:58:37
534,403017012,BARGHE,BS,2021-09-01 12:58:37
535,416072006,BARI,BA,2021-09-01 12:58:37
536,420091005,BARI SARDO,NU,2021-09-01 12:58:37
537,403016020,BARIANO,BG,2021-09-01 12:58:37
538,408037003,BARICELLA,BO,2021-09-01 12:58:37
539,417076011,BARILE,PZ,2021-09-01 12:58:37
540,413066009,BARISCIANO,AQ,2021-09-01 12:58:37
541,403108005,BARLASSINA,MB,2021-09-01 12:58:37
542,416110002,BARLETTA,BT,2021-09-01 12:58:37
543,403013015,BARNI,CO,2021-09-01 12:58:37
544,401004013,BAROLO,CN,2021-09-01 12:58:37
545,401001023,BARONE CANAVESE,TO,2021-09-01 12:58:37
546,415065013,BARONISSI,SA,2021-09-01 12:58:37
547,419086004,BARRAFRANCA,EN,2021-09-01 12:58:37
548,420092005,BARRALI,CA,2021-09-01 12:58:37
549,413066010,BARREA,AQ,2021-09-01 12:58:37
550,420092006,BARUMINI,CA,2021-09-01 12:58:37
551,403097005,BARZAGO,LC,2021-09-01 12:58:37
552,403016021,BARZANA,BG,2021-09-01 12:58:37
553,403097006,BARZANO',LC,2021-09-01 12:58:37
554,403097007,BARZIO,LC,2021-09-01 12:58:37
555,401006012,BASALUZZO,AL,2021-09-01 12:58:37
556,403018009,BASCAPE',PV,2021-09-01 12:58:37
557,410055007,BASCHI,TR,2021-09-01 12:58:37
558,413067005,BASCIANO,TE,2021-09-01 12:58:37
559,404022009,BASELGA DI PINE',TN,2021-09-01 12:58:37
560,415062007,BASELICE,BN,2021-09-01 12:58:37
561,403015014,BASIANO,MI,2021-09-01 12:58:37
562,419083006,BASICO',ME,2021-09-01 12:58:37
563,403015015,BASIGLIO,MI,2021-09-01 12:58:37
564,406030009,BASILIANO,UD,2021-09-01 12:58:37
565,403017013,BASSANO BRESCIANO,BS,2021-09-01 12:58:37
566,405024012,BASSANO DEL GRAPPA,VI,2021-09-01 12:58:37
567,412056006,BASSANO IN TEVERINA,VT,2021-09-01 12:58:37
568,412056005,BASSANO ROMANO,VT,2021-09-01 12:58:37
569,412059002,BASSIANO,LT,2021-09-01 12:58:37
570,401006013,BASSIGNANA,AL,2021-09-01 12:58:37
571,401004014,BASTIA MONDOVI',CN,2021-09-01 12:58:37
572,410054002,BASTIA UMBRA,PG,2021-09-01 12:58:37
573,403018011,BASTIDA PANCARANA,PV,2021-09-01 12:58:37
574,408036001,BASTIGLIA,MO,2021-09-01 12:58:37
575,405028011,BATTAGLIA TERME,PD,2021-09-01 12:58:37
576,401004015,BATTIFOLLO,CN,2021-09-01 12:58:37
577,415065014,BATTIPAGLIA,SA,2021-09-01 12:58:38
578,403018012,BATTUDA,PV,2021-09-01 12:58:38
579,419082008,BAUCINA,PA,2021-09-01 12:58:38
580,420095013,BAULADU,OR,2021-09-01 12:58:38
581,420091006,BAUNEI,NU,2021-09-01 12:58:38
582,401103008,BAVENO,VB,2021-09-01 12:58:38
583,403012010,BEDERO VALCUVIA,VA,2021-09-01 12:58:38
584,403017014,BEDIZZOLE,BS,2021-09-01 12:58:38
585,404022011,BEDOLLO,TN,2021-09-01 12:58:38
586,408034003,BEDONIA,PR,2021-09-01 12:58:38
587,403016022,BEDULITA,BG,2021-09-01 12:58:38
588,401103009,BEE,VB,2021-09-01 12:58:38
589,401001024,BEINASCO,TO,2021-09-01 12:58:38
590,401004016,BEINETTE,CN,2021-09-01 12:58:38
591,418079009,BELCASTRO,CZ,2021-09-01 12:58:38
592,405023007,BELFIORE,VR,2021-09-01 12:58:38
593,411041005,BELFORTE ALL'ISAURO,PS,2021-09-01 12:58:38
594,411043004,BELFORTE DEL CHIENTI,MC,2021-09-01 12:58:38
595,401006014,BELFORTE MONFERRATO,AL,2021-09-01 12:58:38
596,403018013,BELGIOIOSO,PV,2021-09-01 12:58:38
597,401103010,BELGIRATE,VB,2021-09-01 12:58:38
598,417076012,BELLA,PZ,2021-09-01 12:58:38
599,403013250,BELLAGIO,CO,2021-09-01 12:58:38
600,403097008,BELLANO,LC,2021-09-01 12:58:38
601,413067006,BELLANTE,TE,2021-09-01 12:58:38
602,408099001,BELLARIA-IGEA MARINA,RN,2021-09-01 12:58:38
603,412058012,BELLEGRA,RM,2021-09-01 12:58:38
604,401004017,BELLINO,CN,2021-09-01 12:58:38
605,403015016,BELLINZAGO LOMBARDO,MI,2021-09-01 12:58:38
606,401003016,BELLINZAGO NOVARESE,NO,2021-09-01 12:58:38
607,415065158,BELLIZZI,SA,2021-09-01 12:58:38
608,415061007,BELLONA,CE,2021-09-01 12:58:38
609,415065015,BELLOSGUARDO,SA,2021-09-01 12:58:38
610,405025006,BELLUNO,BL,2021-09-01 12:58:38
611,403108006,BELLUSCO,MB,2021-09-01 12:58:38
612,418078013,BELMONTE CALABRO,CS,2021-09-01 12:58:38
613,412060013,BELMONTE CASTELLO,FR,2021-09-01 12:58:38
614,414094004,BELMONTE DEL SANNIO,IS,2021-09-01 12:58:38
615,412057005,BELMONTE IN SABINA,RI,2021-09-01 12:58:38
616,419082009,BELMONTE MEZZAGNO,PA,2021-09-01 12:58:38
617,411109003,BELMONTE PICENO,FM,2021-09-01 12:58:38
618,419087007,BELPASSO,CT,2021-09-01 12:58:38
619,418078014,BELSITO,CS,2021-09-01 12:58:38
620,418101001,BELVEDERE DI SPINELLO,KR,2021-09-01 12:58:38
621,401004018,BELVEDERE LANGHE,CN,2021-09-01 12:58:38
622,418078015,BELVEDERE MARITTIMO,CS,2021-09-01 12:58:38
623,411042005,BELVEDERE OSTRENSE,AN,2021-09-01 12:58:38
624,401005008,BELVEGLIO,AT,2021-09-01 12:58:38
625,420091007,BELVI,NU,2021-09-01 12:58:38
626,403014006,BEMA,SO,2021-09-01 12:58:38
627,403013021,BENE LARIO,CO,2021-09-01 12:58:38
628,401004019,BENE VAGIENNA,CN,2021-09-01 12:58:38
629,418080008,BENESTARE,RC,2021-09-01 12:58:38
630,420090008,BENETUTTI,SS,2021-09-01 12:58:38
631,401004020,BENEVELLO,CN,2021-09-01 12:58:38
632,415062008,BENEVENTO,BN,2021-09-01 12:58:38
633,401096003,BENNA,BI,2021-09-01 12:58:38
634,408037005,BENTIVOGLIO,BO,2021-09-01 12:58:38
635,403016023,BERBENNO,BG,2021-09-01 12:58:38
636,403014007,BERBENNO DI VALTELLINA,SO,2021-09-01 12:58:38
637,408034004,BERCETO,PR,2021-09-01 12:58:38
638,420090009,BERCHIDDA,SS,2021-09-01 12:58:38
639,403013022,BEREGAZZO CON FIGLIARO,CO,2021-09-01 12:58:38
640,403018014,BEREGUARDO,PV,2021-09-01 12:58:38
641,401006015,BERGAMASCO,AL,2021-09-01 12:58:38
642,403016024,BERGAMO,BG,2021-09-01 12:58:38
643,405029006,BERGANTINO,RO,2021-09-01 12:58:38
644,407009010,BERGEGGI,SV,2021-09-01 12:58:38
645,401004021,BERGOLO,CN,2021-09-01 12:58:38
646,403017015,BERLINGO,BS,2021-09-01 12:58:38
647,417077003,BERNALDA,MT,2021-09-01 12:58:38
648,403108007,BERNAREGGIO,MB,2021-09-01 12:58:38
649,403015019,BERNATE TICINO,MI,2021-09-01 12:58:38
650,401004022,BERNEZZO,CN,2021-09-01 12:58:38
651,408038002,BERRA,FE,2021-09-01 12:58:38
652,408040003,BERTINORO,FO,2021-09-01 12:58:38
653,406030010,BERTIOLO,UD,2021-09-01 12:58:38
654,403098002,BERTONICO,LO,2021-09-01 12:58:38
655,401005009,BERZANO DI SAN PIETRO,AT,2021-09-01 12:58:38
656,401006016,BERZANO DI TORTONA,AL,2021-09-01 12:58:38
657,403017016,BERZO DEMO,BS,2021-09-01 12:58:38
658,403017017,BERZO INFERIORE,BS,2021-09-01 12:58:38
659,403016025,BERZO SAN FERMO,BG,2021-09-01 12:58:38
660,403108008,BESANA IN BRIANZA,MB,2021-09-01 12:58:38
661,403012011,BESANO,VA,2021-09-01 12:58:38
662,403015022,BESATE,MI,2021-09-01 12:58:38
663,404022013,BESENELLO,TN,2021-09-01 12:58:38
664,408033003,BESENZONE,PC,2021-09-01 12:58:38
665,403012012,BESNATE,VA,2021-09-01 12:58:38
666,403012013,BESOZZO,VA,2021-09-01 12:58:38
667,420090010,BESSUDE,SS,2021-09-01 12:58:38
668,408033004,BETTOLA,PC,2021-09-01 12:58:38
669,410054003,BETTONA,PG,2021-09-01 12:58:38
670,401103011,BEURA-CARDEZZA,VB,2021-09-01 12:58:38
671,410054004,BEVAGNA,PG,2021-09-01 12:58:38
672,407011003,BEVERINO,SP,2021-09-01 12:58:38
673,405023008,BEVILACQUA,VR,2021-09-01 12:58:38
674,419087008,BIANCAVILLA,CT,2021-09-01 12:58:38
675,418078016,BIANCHI,CS,2021-09-01 12:58:38
676,418080009,BIANCO,RC,2021-09-01 12:58:38
677,401003018,BIANDRATE,NO,2021-09-01 12:58:38
678,403012014,BIANDRONNO,VA,2021-09-01 12:58:38
679,403016026,BIANZANO,BG,2021-09-01 12:58:38
680,401002011,BIANZE',VC,2021-09-01 12:58:38
681,403014008,BIANZONE,SO,2021-09-01 12:58:38
682,403108009,BIASSONO,MB,2021-09-01 12:58:38
683,408035004,BIBBIANO,RE,2021-09-01 12:58:38
684,409051004,BIBBIENA,AR,2021-09-01 12:58:38
685,409049001,BIBBONA,LI,2021-09-01 12:58:38
686,401001025,BIBIANA,TO,2021-09-01 12:58:38
687,416071006,BICCARI,FG,2021-09-01 12:58:38
688,406030011,BICINICCO,UD,2021-09-01 12:58:38
689,420095014,BIDONI',OR,2021-09-01 12:58:38
690,401096004,BIELLA,BI,2021-09-01 12:58:38
691,403017018,BIENNO,BS,2021-09-01 12:58:38
692,404022015,BIENO,TN,2021-09-01 12:58:38
693,409050001,BIENTINA,PI,2021-09-01 12:58:38
694,403020004,BIGARELLO,MN,2021-09-01 12:58:38
695,403013023,BINAGO,CO,2021-09-01 12:58:38
696,403015024,BINASCO,MI,2021-09-01 12:58:39
697,416072008,BINETTO,BA,2021-09-01 12:58:39
698,401096005,BIOGLIO,BI,2021-09-01 12:58:39
699,402007010,BIONAZ,AO,2021-09-01 12:58:39
700,403017019,BIONE,BS,2021-09-01 12:58:39
701,420091008,BIRORI,NU,2021-09-01 12:58:39
702,415064011,BISACCIA,AV,2021-09-01 12:58:39
703,419082010,BISACQUINO,PA,2021-09-01 12:58:39
704,416110003,BISCEGLIE,BT,2021-09-01 12:58:39
705,413066011,BISEGNA,AQ,2021-09-01 12:58:39
706,413067007,BISENTI,TE,2021-09-01 12:58:39
707,418078017,BISIGNANO,CS,2021-09-01 12:58:39
708,401006017,BISTAGNO,AL,2021-09-01 12:58:39
709,403012015,BISUSCHIO,VA,2021-09-01 12:58:39
710,416072010,BITETTO,BA,2021-09-01 12:58:39
711,416072011,BITONTO,BA,2021-09-01 12:58:39
712,416072012,BITRITTO,BA,2021-09-01 12:58:39
713,420091009,BITTI,NU,2021-09-01 12:58:39
714,419084004,BIVONA,AG,2021-09-01 12:58:39
715,418080010,BIVONGI,RC,2021-09-01 12:58:39
716,403013024,BIZZARONE,CO,2021-09-01 12:58:39
717,404022017,BLEGGIO SUPERIORE,TN,2021-09-01 12:58:39
718,403016027,BLELLO,BG,2021-09-01 12:58:39
719,412056007,BLERA,VT,2021-09-01 12:58:39
720,403013025,BLESSAGNO,CO,2021-09-01 12:58:39
721,403013026,BLEVIO,CO,2021-09-01 12:58:39
722,419082082,BLUFI,PA,2021-09-01 12:58:39
723,405028012,BOARA PISANI,PD,2021-09-01 12:58:39
724,408033005,BOBBIO,PC,2021-09-01 12:58:39
725,401001026,BOBBIO PELLICE,TO,2021-09-01 12:58:39
726,401003019,BOCA,NO,2021-09-01 12:58:39
727,418078018,BOCCHIGLIERO,CS,2021-09-01 12:58:39
728,401002014,BOCCIOLETO,VC,2021-09-01 12:58:39
729,404022018,BOCENAGO,TN,2021-09-01 12:58:39
730,403012016,BODIO LOMNAGO,VA,2021-09-01 12:58:39
731,403098003,BOFFALORA D'ADDA,LO,2021-09-01 12:58:39
732,403015026,BOFFALORA SOPRA TICINO,MI,2021-09-01 12:58:39
733,407010004,BOGLIASCO,GE,2021-09-01 12:58:39
734,401103012,BOGNANCO,VB,2021-09-01 12:58:39
735,401003021,BOGOGNO,NO,2021-09-01 12:58:39
736,407009011,BOISSANO,SV,2021-09-01 12:58:39
737,414070003,BOJANO,CB,2021-09-01 12:58:39
738,407011004,BOLANO,SP,2021-09-01 12:58:39
739,403016028,BOLGARE,BG,2021-09-01 12:58:39
740,403015027,BOLLATE,MI,2021-09-01 12:58:39
741,401001027,BOLLENGO,TO,2021-09-01 12:58:39
742,408037006,BOLOGNA,BO,2021-09-01 12:58:39
743,413068003,BOLOGNANO,PE,2021-09-01 12:58:39
744,419082011,BOLOGNETTA,PA,2021-09-01 12:58:39
745,411043005,BOLOGNOLA,MC,2021-09-01 12:58:39
746,420091010,BOLOTANA,NU,2021-09-01 12:58:39
747,412056008,BOLSENA,VT,2021-09-01 12:58:39
748,403016029,BOLTIERE,BG,2021-09-01 12:58:39
749,404021008,BOLZANO,BZ,2021-09-01 12:58:39
750,401003022,BOLZANO NOVARESE,NO,2021-09-01 12:58:39
751,405024013,BOLZANO VICENTINO,VI,2021-09-01 12:58:39
752,412056009,BOMARZO,VT,2021-09-01 12:58:39
753,413069006,BOMBA,CH,2021-09-01 12:58:39
754,419085002,BOMPENSIERE,CL,2021-09-01 12:58:39
755,419082012,BOMPIETRO,PA,2021-09-01 12:58:39
756,408036002,BOMPORTO,MO,2021-09-01 12:58:39
757,420095015,BONARCADO,OR,2021-09-01 12:58:39
758,407011005,BONASSOLA,SP,2021-09-01 12:58:39
759,403016031,BONATE SOTTO,BG,2026-09-19 13:22:54
760,403016030,BONATE SOPRA,BG,2021-09-01 12:58:39
761,405023009,BONAVIGO,VR,2021-09-01 12:58:39
762,408038003,BONDENO,FE,2021-09-01 12:58:39
763,404022021,BONDONE,TN,2021-09-01 12:58:39
764,415062009,BONEA,BN,2021-09-01 12:58:39
765,414070004,BONEFRO,CB,2021-09-01 12:58:39
766,403019006,BONEMERSE,CR,2021-09-01 12:58:39
767,418078019,BONIFATI,CS,2021-09-01 12:58:39
768,415064012,BONITO,AV,2021-09-01 12:58:39
769,420090011,BONNANARO,SS,2021-09-01 12:58:39
770,420090012,BONO,SS,2021-09-01 12:58:39
771,420090013,BONORVA,SS,2021-09-01 12:58:39
772,401004023,BONVICINO,CN,2021-09-01 12:58:39
773,412057006,BORBONA,RI,2021-09-01 12:58:39
774,405025007,BORCA DI CADORE,BL,2021-09-01 12:58:39
775,406030012,BORDANO,UD,2021-09-01 12:58:39
776,407008008,BORDIGHERA,IM,2021-09-01 12:58:39
777,403019007,BORDOLANO,CR,2021-09-01 12:58:39
778,408034005,BORE,PR,2021-09-01 12:58:39
779,408035005,BORETTO,RE,2021-09-01 12:58:39
780,403018015,BORGARELLO,PV,2021-09-01 12:58:39
781,401001028,BORGARO TORINESE,TO,2021-09-01 12:58:39
782,419082013,BORGETTO,PA,2021-09-01 12:58:39
783,407008009,BORGHETTO D'ARROSCIA,IM,2021-09-01 12:58:39
784,401006018,BORGHETTO DI BORBERA,AL,2021-09-01 12:58:39
785,407011006,BORGHETTO DI VARA,SP,2021-09-01 12:58:39
786,403098004,BORGHETTO LODIGIANO,LO,2021-09-01 12:58:39
787,407009012,BORGHETTO SANTO SPIRITO,SV,2021-09-01 12:58:39
788,408040004,BORGHI,FO,2021-09-01 12:58:39
789,418079011,BORGIA,CZ,2021-09-01 12:58:39
790,401001029,BORGIALLO,TO,2021-09-01 12:58:39
791,407009013,BORGIO-VEREZZI,SV,2021-09-01 12:58:39
792,409046004,BORGO A MOZZANO,LU,2021-09-01 12:58:39
793,404022238,BORGO CHIESE,TN,2021-09-01 12:58:39
794,401002015,BORGO D'ALE,VC,2021-09-01 12:58:39
795,403016032,BORGO DI TERZO,BG,2021-09-01 12:58:39
796,404022239,BORGO LARES,TN,2021-09-01 12:58:39
797,411041006,BORGO PACE,PS,2021-09-01 12:58:39
798,403018016,BORGO PRIOLO,PV,2021-09-01 12:58:39
799,401004025,BORGO SAN DALMAZZO,CN,2021-09-01 12:58:39
800,403017020,BORGO SAN GIACOMO,BS,2021-09-01 12:58:39
801,403098005,BORGO SAN GIOVANNI,LO,2021-09-01 12:58:39
802,409048004,BORGO SAN LORENZO,FI,2021-09-01 12:58:39
803,401006020,BORGO SAN MARTINO,AL,2021-09-01 12:58:39
804,403018018,BORGO SAN SIRO,PV,2021-09-01 12:58:39
805,401003025,BORGO TICINO,NO,2021-09-01 12:58:39
806,408037007,BORGO TOSSIGNANO,BO,2021-09-01 12:58:39
807,408034006,BORGO VAL DI TARO,PR,2021-09-01 12:58:39
808,404022022,BORGO VALSUGANA,TN,2021-09-01 12:58:39
809,412057008,BORGO VELINO,RI,2021-09-01 12:58:39
810,401002017,BORGO VERCELLI,VC,2021-09-01 12:58:39
811,403020071,BORGO VIRGILIO,MN,2021-09-01 12:58:39
812,401001030,BORGOFRANCO D'IVREA,TO,2021-09-01 12:58:40
813,403020006,BORGOFRANCO SUL PO,MN,2021-09-01 12:58:40
814,401003023,BORGOLAVEZZARO,NO,2021-09-01 12:58:40
815,401004024,BORGOMALE,CN,2021-09-01 12:58:40
816,401003024,BORGOMANERO,NO,2021-09-01 12:58:40
817,407008010,BORGOMARO,IM,2021-09-01 12:58:40
818,401001031,BORGOMASINO,TO,2021-09-01 12:58:40
819,401103078,BORGOMEZZAVALLE,VB,2021-09-01 12:58:40
820,401001032,BORGONE SUSA,TO,2026-09-19 13:22:54
821,408033006,BORGONOVO VAL TIDONE,PC,2021-09-01 12:58:40
822,401006019,BORGORATTO ALESSANDRINO,AL,2021-09-01 12:58:40
823,403018017,BORGORATTO MORMOROLO,PV,2021-09-01 12:58:40
824,405028013,BORGORICCO,PD,2021-09-01 12:58:40
825,412057007,BORGOROSE,RI,2021-09-01 12:58:40
826,403017021,BORGOSATOLLO,BS,2021-09-01 12:58:40
827,401002016,BORGOSESIA,VC,2021-09-01 12:58:40
828,407009014,BORMIDA,SV,2021-09-01 12:58:40
829,403014009,BORMIO,SO,2021-09-01 12:58:40
830,403018019,BORNASCO,PV,2021-09-01 12:58:40
831,403017022,BORNO,BS,2021-09-01 12:58:40
832,420095016,BORONEDDU,OR,2021-09-01 12:58:40
833,420091011,BORORE,NU,2021-09-01 12:58:40
834,413069007,BORRELLO,CH,2021-09-01 12:58:40
835,401096006,BORRIANA,BI,2021-09-01 12:58:40
836,405026004,BORSO DEL GRAPPA,TV,2021-09-01 12:58:40
837,420091012,BORTIGALI,NU,2021-09-01 12:58:40
838,420090014,BORTIGIADAS,SS,2021-09-01 12:58:40
839,420090015,BORUTTA,SS,2021-09-01 12:58:40
840,407010005,BORZONASCA,GE,2021-09-01 12:58:40
841,420091013,BOSA,NU,2021-09-01 12:58:40
842,405029007,BOSARO,RO,2021-09-01 12:58:40
843,405023010,BOSCHI SANT'ANNA,VR,2021-09-01 12:58:40
844,405023011,BOSCO CHIESANUOVA,VR,2021-09-01 12:58:40
845,401006021,BOSCO MARENGO,AL,2021-09-01 12:58:40
846,401001033,BOSCONERO,TO,2021-09-01 12:58:40
847,415063008,BOSCOREALE,NA,2021-09-01 12:58:40
848,415063009,BOSCOTRECASE,NA,2021-09-01 12:58:40
849,401004026,BOSIA,CN,2021-09-01 12:58:40
850,401006022,BOSIO,AL,2021-09-01 12:58:40
851,403097009,BOSISIO PARINI,LC,2021-09-01 12:58:40
852,403018020,BOSNASCO,PV,2021-09-01 12:58:40
853,403016033,BOSSICO,BG,2021-09-01 12:58:40
854,401004027,BOSSOLASCO,CN,2021-09-01 12:58:40
855,418079012,BOTRICELLO,CZ,2021-09-01 12:58:40
856,416075009,BOTRUGNO,LE,2021-09-01 12:58:40
857,403016034,BOTTANUCO,BG,2021-09-01 12:58:40
858,403017023,BOTTICINO,BS,2021-09-01 12:58:40
859,420090016,BOTTIDDA,SS,2021-09-01 12:58:40
860,418080011,BOVA,RC,2021-09-01 12:58:40
861,418080013,BOVA MARINA,RC,2021-09-01 12:58:40
862,418080012,BOVALINO,RC,2021-09-01 12:58:40
863,403017024,BOVEGNO,BS,2021-09-01 12:58:40
864,401004028,BOVES,CN,2021-09-01 12:58:40
865,403017025,BOVEZZO,BS,2021-09-01 12:58:40
866,412060014,BOVILLE ERNICA,FR,2021-09-01 12:58:40
867,416071007,BOVINO,FG,2021-09-01 12:58:40
868,403108010,BOVISIO-MASCIAGO,MB,2021-09-01 12:58:40
869,405028014,BOVOLENTA,PD,2021-09-01 12:58:40
870,405023012,BOVOLONE,VR,2021-09-01 12:58:40
871,401006023,BOZZOLE,AL,2021-09-01 12:58:40
872,403020007,BOZZOLO,MN,2021-09-01 12:58:40
873,401004029,BRA,CN,2021-09-01 12:58:40
874,403016035,BRACCA,BG,2021-09-01 12:58:40
875,412058013,BRACCIANO,RM,2021-09-01 12:58:40
876,415065016,BRACIGLIANO,SA,2021-09-01 12:58:40
877,404021009,BRAIES,BZ,2021-09-01 12:58:40
878,403018021,BRALLO DI PREGOLA,PV,2021-09-01 12:58:40
879,418080014,BRANCALEONE,RC,2021-09-01 12:58:40
880,403017026,BRANDICO,BS,2021-09-01 12:58:40
881,401001034,BRANDIZZO,TO,2021-09-01 12:58:40
882,403016036,BRANZI,BG,2021-09-01 12:58:40
883,403017027,BRAONE,BS,2021-09-01 12:58:40
884,403012017,BREBBIA,VA,2021-09-01 12:58:40
885,405026005,BREDA DI PIAVE,TV,2021-09-01 12:58:40
886,403012018,BREGANO,VA,2021-09-01 12:58:40
887,405024014,BREGANZE,VI,2021-09-01 12:58:40
888,403013028,BREGNANO,CO,2021-09-01 12:58:40
889,401002019,BREIA,VC,2021-09-01 12:58:40
890,403016037,BREMBATE,BG,2021-09-01 12:58:40
891,403016038,BREMBATE DI SOPRA,BG,2021-09-01 12:58:40
892,403098006,BREMBIO,LO,2021-09-01 12:58:40
893,403018022,BREME,PV,2021-09-01 12:58:40
894,405024015,BRENDOLA,VI,2021-09-01 12:58:40
895,403013029,BRENNA,CO,2021-09-01 12:58:40
896,404021010,BRENNERO,BZ,2021-09-01 12:58:40
897,403017028,BRENO,BS,2021-09-01 12:58:40
898,403012019,BRENTA,VA,2021-09-01 12:58:40
899,405023013,BRENTINO BELLUNO,VR,2021-09-01 12:58:40
900,404022025,BRENTONICO,TN,2021-09-01 12:58:40
901,405023914,BRENZONE SUL GARDA,VR,2021-09-01 12:58:40
902,408035006,BRESCELLO,RE,2021-09-01 12:58:40
903,403017029,BRESCIA,BS,2021-09-01 12:58:40
904,404022026,BRESIMO,TN,2021-09-01 12:58:40
905,403018023,BRESSANA BOTTARONE,PV,2021-09-01 12:58:40
906,404021011,BRESSANONE,BZ,2021-09-01 12:58:40
907,405024016,BRESSANVIDO,VI,2021-09-01 12:58:40
908,403015032,BRESSO,MI,2021-09-01 12:58:40
909,404022027,BREZ,TN,2021-09-01 12:58:40
910,403012020,BREZZO DI BEDERO,VA,2021-09-01 12:58:40
911,401004030,BRIAGLIA,CN,2021-09-01 12:58:40
912,418102003,BRIATICO,VV,2021-09-01 12:58:40
913,401001035,BRICHERASIO,TO,2021-09-01 12:58:40
914,403013030,BRIENNO,CO,2021-09-01 12:58:40
915,417076013,BRIENZA,PZ,2021-09-01 12:58:40
916,401004031,BRIGA ALTA,CN,2021-09-01 12:58:40
917,401003026,BRIGA NOVARESE,NO,2021-09-01 12:58:40
918,403016040,BRIGNANO GERA D'ADDA,BG,2021-09-01 12:58:40
919,401006024,BRIGNANO-FRASCATA,AL,2021-09-01 12:58:40
920,416074001,BRINDISI,BR,2021-09-01 12:58:40
921,417076014,BRINDISI DI MONTAGNA,PZ,2021-09-01 12:58:40
922,403012021,BRINZIO,VA,2021-09-01 12:58:40
923,401003027,BRIONA,NO,2021-09-01 12:58:40
924,403017030,BRIONE,BS,2021-09-01 12:58:40
925,403108011,BRIOSCO,MB,2021-09-01 12:58:40
926,408039004,BRISIGHELLA,RA,2021-09-01 12:58:40
927,403012022,BRISSAGO-VALTRAVAGLIA,VA,2021-09-01 12:58:40
928,402007011,BRISSOGNE,AO,2021-09-01 12:58:40
929,413068004,BRITTOLI,PE,2021-09-01 12:58:40
930,403097010,BRIVIO,LC,2021-09-01 12:58:40
931,412060015,BROCCOSTELLA,FR,2021-09-01 12:58:41
932,405024017,BROGLIANO,VI,2021-09-01 12:58:41
933,418102004,BROGNATURO,VV,2021-09-01 12:58:41
934,419083007,BROLO,ME,2021-09-01 12:58:41
935,401004032,BRONDELLO,CN,2021-09-01 12:58:41
936,403018024,BRONI,PV,2021-09-01 12:58:41
937,419087009,BRONTE,CT,2021-09-01 12:58:41
938,404021012,BRONZOLO,BZ,2021-09-01 12:58:41
939,401004033,BROSSASCO,CN,2021-09-01 12:58:41
940,401001036,BROSSO,TO,2021-09-01 12:58:41
941,401103013,BROVELLO-CARPUGNINO,VB,2021-09-01 12:58:41
942,401001037,BROZOLO,TO,2021-09-01 12:58:41
943,403108012,BRUGHERIO,MB,2021-09-01 12:58:41
944,405028015,BRUGINE,PD,2021-09-01 12:58:41
945,407011007,BRUGNATO,SP,2021-09-01 12:58:41
946,406093007,BRUGNERA,PN,2021-09-01 12:58:41
947,401001038,BRUINO,TO,2021-09-01 12:58:41
948,403016041,BRUMANO,BG,2021-09-01 12:58:41
949,403013032,BRUNATE,CO,2021-09-01 12:58:41
950,403012023,BRUNELLO,VA,2021-09-01 12:58:41
951,404021013,BRUNICO,BZ,2021-09-01 12:58:41
952,401005010,BRUNO,AT,2021-09-01 12:58:41
953,403016042,BRUSAPORTO,BG,2021-09-01 12:58:41
954,401001039,BRUSASCO,TO,2021-09-01 12:58:41
955,415063010,BRUSCIANO,NA,2021-09-01 12:58:41
956,403012024,BRUSIMPIANO,VA,2021-09-01 12:58:41
957,401096007,BRUSNENGO,BI,2021-09-01 12:58:41
958,402007012,BRUSSON,AO,2021-09-01 12:58:41
959,401001040,BRUZOLO,TO,2021-09-01 12:58:41
960,418080015,BRUZZANO ZEFFIRIO,RC,2021-09-01 12:58:41
961,403015035,BUBBIANO,MI,2021-09-01 12:58:41
962,401005011,BUBBIO,AT,2021-09-01 12:58:41
963,419089003,BUCCHERI,SR,2021-09-01 12:58:41
964,413069008,BUCCHIANICO,CH,2021-09-01 12:58:41
965,415062010,BUCCIANO,BN,2021-09-01 12:58:41
966,403015036,BUCCINASCO,MI,2021-09-01 12:58:41
967,415065017,BUCCINO,SA,2021-09-01 12:58:41
968,409051005,BUCINE,AR,2021-09-01 12:58:41
969,420090017,BUDDUSO',SS,2021-09-01 12:58:41
970,406093008,BUDOIA,PN,2021-09-01 12:58:41
971,420091014,BUDONI,NU,2021-09-01 12:58:41
972,408037008,BUDRIO,BO,2021-09-01 12:58:41
973,420092007,BUGGERRU,CA,2021-09-01 12:58:41
974,409047003,BUGGIANO,PT,2021-09-01 12:58:41
975,403014010,BUGLIO IN MONTE,SO,2021-09-01 12:58:41
976,413066012,BUGNARA,AQ,2021-09-01 12:58:41
977,403012025,BUGUGGIATE,VA,2021-09-01 12:58:41
978,406030013,BUJA,UD,2021-09-01 12:58:41
979,403097011,BULCIAGO,LC,2021-09-01 12:58:41
980,403013034,BULGAROGRASSO,CO,2021-09-01 12:58:41
981,420090018,BULTEI,SS,2021-09-01 12:58:41
982,420090019,BULZI,SS,2021-09-01 12:58:41
983,415065018,BUONABITACOLO,SA,2021-09-01 12:58:41
984,415062011,BUONALBERGO,BN,2021-09-01 12:58:41
985,409052003,BUONCONVENTO,SI,2021-09-01 12:58:41
986,418078020,BUONVICINO,CS,2021-09-01 12:58:41
987,403108013,BURAGO DI MOLGORA,MB,2021-09-01 12:58:41
988,420092008,BURCEI,CA,2021-09-01 12:58:41
989,419084005,BURGIO,AG,2021-09-01 12:58:41
990,420090020,BURGOS,SS,2021-09-01 12:58:41
991,401001041,BURIASCO,TO,2021-09-01 12:58:41
992,401001042,BUROLO,TO,2021-09-01 12:58:41
993,401002021,BURONZO,VC,2021-09-01 12:58:41
994,420095017,BUSACHI,OR,2021-09-01 12:58:41
995,407010006,BUSALLA,GE,2021-09-01 12:58:41
996,401001043,BUSANO,TO,2021-09-01 12:58:41
997,401004034,BUSCA,CN,2021-09-01 12:58:41
998,403015038,BUSCATE,MI,2021-09-01 12:58:41
999,419089004,BUSCEMI,SR,2021-09-01 12:58:41
1000,419081002,BUSETO PALIZZOLO,TP,2021-09-01 12:58:41
1001,403108051,BUSNAGO,MB,2021-09-01 12:58:41
1002,403015040,BUSSERO,MI,2021-09-01 12:58:41
1003,408034007,BUSSETO,PR,2021-09-01 12:58:41
1004,413068005,BUSSI SUL TIRINO,PE,2021-09-01 12:58:41
1005,414070005,BUSSO,CB,2021-09-01 12:58:41
1006,405023015,BUSSOLENGO,VR,2021-09-01 12:58:41
1007,401001044,BUSSOLENO,TO,2021-09-01 12:58:41
1008,403012026,BUSTO ARSIZIO,VA,2021-09-01 12:58:41
1009,403015041,BUSTO GAROLFO,MI,2021-09-01 12:58:41
1010,419085003,BUTERA,CL,2021-09-01 12:58:41
1011,409050002,BUTI,PI,2021-09-01 12:58:41
1012,405023016,BUTTAPIETRA,VR,2021-09-01 12:58:41
1013,401001045,BUTTIGLIERA ALTA,TO,2021-09-01 12:58:41
1014,401005012,BUTTIGLIERA D'ASTI,AT,2021-09-01 12:58:41
1015,406030014,BUTTRIO,UD,2021-09-01 12:58:41
1016,403019008,CA' D'ANDREA,CR,2021-09-01 12:58:41
1017,401006025,CABELLA LIGURE,AL,2021-09-01 12:58:41
1018,403013035,CABIATE,CO,2021-09-01 12:58:41
1019,420095018,CABRAS,OR,2021-09-01 12:58:41
1020,419082014,CACCAMO,PA,2021-09-01 12:58:41
1021,418101002,CACCURI,KR,2021-09-01 12:58:41
1022,403012027,CADEGLIANO-VICONAGO,VA,2021-09-01 12:58:41
1023,408035008,CADELBOSCO DI SOPRA,RE,2021-09-01 12:58:41
1024,408033007,CADEO,PC,2021-09-01 12:58:41
1025,404022929,CADERZONE TERME,TN,2021-09-01 12:58:41
1026,405028016,CADONEGHE,PD,2021-09-01 12:58:41
1027,403013036,CADORAGO,CO,2021-09-01 12:58:41
1028,403012028,CADREZZATE,VA,2021-09-01 12:58:41
1029,405026006,CAERANO DI SAN MARCO,TV,2021-09-01 12:58:41
1030,401001046,CAFASSE,TO,2021-09-01 12:58:41
1031,415065019,CAGGIANO,SA,2021-09-01 12:58:41
1032,411041007,CAGLI,PS,2021-09-01 12:58:41
1033,420092009,CAGLIARI,CA,2021-09-01 12:58:41
1034,403013037,CAGLIO,CO,2021-09-01 12:58:41
1035,413066013,CAGNANO AMITERNO,AQ,2021-09-01 12:58:41
1036,416071008,CAGNANO VARANO,FG,2021-09-01 12:58:41
1037,403013038,CAGNO,CO,2021-09-01 12:58:41
1038,404022030,CAGNO',TN,2021-09-01 12:58:41
1039,415061008,CAIANELLO,CE,2021-09-01 12:58:41
1040,415061009,CAIAZZO,CE,2021-09-01 12:58:41
1041,404021014,CAINES,BZ,2021-09-01 12:58:41
1042,403017031,CAINO,BS,2021-09-01 12:58:41
1043,403014011,CAIOLO,SO,2021-09-01 12:58:41
1044,415064013,CAIRANO,AV,2021-09-01 12:58:41
1045,403012029,CAIRATE,VA,2021-09-01 12:58:41
1046,407009015,CAIRO MONTENOTTE,SV,2021-09-01 12:58:41
1047,415063011,CAIVANO,NA,2021-09-01 12:58:41
1048,415064014,CALABRITTO,AV,2021-09-01 12:58:41
1049,405025008,CALALZO DI CADORE,BL,2021-09-01 12:58:41
1050,401005013,CALAMANDRANA,AT,2021-09-01 12:58:41
1051,419084006,CALAMONACI,AG,2021-09-01 12:58:41
1052,420090021,CALANGIANUS,SS,2021-09-01 12:58:41
1053,418080016,CALANNA,RC,2021-09-01 12:58:42
1054,401103014,CALASCA-CASTIGLIONE,VB,2021-09-01 12:58:42
1055,419086005,CALASCIBETTA,EN,2021-09-01 12:58:42
1056,413066014,CALASCIO,AQ,2021-09-01 12:58:42
1057,420092010,CALASETTA,CA,2021-09-01 12:58:42
1058,419087010,CALATABIANO,CT,2021-09-01 12:58:42
1059,419081903,CALATAFIMI SEGESTA,TP,2021-09-01 12:58:42
1060,412056010,CALCATA,VT,2021-09-01 12:58:42
1061,404022032,CALCERANICA AL LAGO,TN,2021-09-01 12:58:42
1062,409050003,CALCI,PI,2021-09-01 12:58:42
1063,417077004,CALCIANO,MT,2021-09-01 12:58:42
1064,409050004,CALCINAIA,PI,2021-09-01 12:58:42
1065,403016043,CALCINATE,BG,2021-09-01 12:58:42
1066,403017032,CALCINATO,BS,2021-09-01 12:58:42
1067,403016044,CALCIO,BG,2021-09-01 12:58:42
1068,403097012,CALCO,LC,2021-09-01 12:58:42
1069,404021015,CALDARO SULLA STRADA DEL VINO,BZ,2021-09-01 12:58:42
1070,411043006,CALDAROLA,MC,2021-09-01 12:58:42
1071,408037009,CALDERARA DI RENO,BO,2021-09-01 12:58:42
1072,404022033,CALDES,TN,2021-09-01 12:58:42
1073,405023017,CALDIERO,VR,2021-09-01 12:58:42
1074,405024018,CALDOGNO,VI,2021-09-01 12:58:42
1075,404022034,CALDONAZZO,TN,2021-09-01 12:58:42
1076,408033008,CALENDASCO,PC,2021-09-01 12:58:42
1077,409048005,CALENZANO,FI,2021-09-01 12:58:42
1078,408034008,CALESTANO,PR,2021-09-01 12:58:42
1079,407011008,CALICE AL CORNOVIGLIO,SP,2021-09-01 12:58:42
1080,407009016,CALICE LIGURE,SV,2021-09-01 12:58:42
1081,416075010,CALIMERA,LE,2021-09-01 12:58:42
1082,415064015,CALITRI,AV,2021-09-01 12:58:42
1083,407009017,CALIZZANO,SV,2021-09-01 12:58:42
1084,401096008,CALLABIANA,BI,2021-09-01 12:58:42
1085,401005014,CALLIANO,AT,2021-09-01 12:58:42
1086,404022035,CALLIANO,TN,2021-09-01 12:58:42
1087,403097013,CALOLZIOCORTE,LC,2021-09-01 12:58:42
1088,418078021,CALOPEZZATI,CS,2021-09-01 12:58:42
1089,401005015,CALOSSO,AT,2021-09-01 12:58:42
1090,418078022,CALOVETO,CS,2021-09-01 12:58:42
1091,419084007,CALTABELLOTTA,AG,2021-09-01 12:58:42
1092,419087011,CALTAGIRONE,CT,2021-09-01 12:58:42
1093,419085004,CALTANISSETTA,CL,2021-09-01 12:58:42
1094,419082015,CALTAVUTURO,PA,2021-09-01 12:58:42
1095,401003030,CALTIGNAGA,NO,2021-09-01 12:58:42
1096,405029008,CALTO,RO,2021-09-01 12:58:42
1097,405024019,CALTRANO,VI,2021-09-01 12:58:42
1098,403016046,CALUSCO D'ADDA,BG,2021-09-01 12:58:42
1099,401001047,CALUSO,TO,2021-09-01 12:58:42
1100,403017033,CALVAGESE DELLA RIVIERA,BS,2021-09-01 12:58:42
1101,415065020,CALVANICO,SA,2021-09-01 12:58:42
1102,403019009,CALVATONE,CR,2021-09-01 12:58:42
1103,417076015,CALVELLO,PZ,2021-09-01 12:58:42
1104,405024020,CALVENE,VI,2021-09-01 12:58:42
1105,403016047,CALVENZANO,BG,2021-09-01 12:58:42
1106,417076016,CALVERA,PZ,2021-09-01 12:58:42
1107,415062012,CALVI,BN,2021-09-01 12:58:42
1108,410055008,CALVI DELL'UMBRIA,TR,2021-09-01 12:58:42
1109,415061010,CALVI RISORTA,CE,2021-09-01 12:58:42
1110,403018025,CALVIGNANO,PV,2021-09-01 12:58:42
1111,403015042,CALVIGNASCO,MI,2021-09-01 12:58:42
1112,403017034,CALVISANO,BS,2021-09-01 12:58:42
1113,415063012,CALVIZZANO,NA,2021-09-01 12:58:42
1114,401006026,CAMAGNA MONFERRATO,AL,2021-09-01 12:58:42
1115,409046005,CAMAIORE,LU,2021-09-01 12:58:42
1116,403098007,CAMAIRAGO,LO,2021-09-01 12:58:42
1117,401096009,CAMANDONA,BI,2021-09-01 12:58:42
1118,419084008,CAMASTRA,AG,2021-09-01 12:58:42
1119,403015044,CAMBIAGO,MI,2021-09-01 12:58:42
1120,401001048,CAMBIANO,TO,2021-09-01 12:58:42
1121,401103015,CAMBIASCA,VB,2021-09-01 12:58:42
1122,401096010,CAMBURZANO,BI,2021-09-01 12:58:42
1123,401004035,CAMERANA,CN,2021-09-01 12:58:42
1124,411042006,CAMERANO,AN,2021-09-01 12:58:42
1125,401005016,CAMERANO CASASCO,AT,2021-09-01 12:58:42
1126,403016048,CAMERATA CORNELLO,BG,2021-09-01 12:58:42
1127,412058014,CAMERATA NUOVA,RM,2021-09-01 12:58:42
1128,411042007,CAMERATA PICENA,AN,2021-09-01 12:58:42
1129,401003032,CAMERI,NO,2021-09-01 12:58:42
1130,411043007,CAMERINO,MC,2021-09-01 12:58:42
1131,415065021,CAMEROTA,SA,2021-09-01 12:58:42
1132,415061011,CAMIGLIANO,CE,2021-09-01 12:58:42
1133,408033009,CAMINATA,PC,2021-09-01 12:58:42
1134,418080017,CAMINI,RC,2021-09-01 12:58:42
1135,401006027,CAMINO,AL,2021-09-01 12:58:42
1136,406030015,CAMINO AL TAGLIAMENTO,UD,2021-09-01 12:58:42
1137,403019010,CAMISANO,CR,2021-09-01 12:58:42
1138,405024021,CAMISANO VICENTINO,VI,2021-09-01 12:58:42
1139,419084009,CAMMARATA,AG,2021-09-01 12:58:42
1140,401004036,CAMO,CN,2021-09-01 12:58:42
1141,407010007,CAMOGLI,GE,2021-09-01 12:58:42
1142,415065022,CAMPAGNA,SA,2021-09-01 12:58:42
1143,405027002,CAMPAGNA LUPIA,VE,2021-09-01 12:58:42
1144,412058015,CAMPAGNANO DI ROMA,RM,2021-09-01 12:58:42
1145,409053002,CAMPAGNATICO,GR,2021-09-01 12:58:42
1146,403019011,CAMPAGNOLA CREMASCA,CR,2021-09-01 12:58:42
1147,408035009,CAMPAGNOLA EMILIA,RE,2021-09-01 12:58:42
1148,418078023,CAMPANA,CS,2021-09-01 12:58:42
1149,403108014,CAMPARADA,MB,2021-09-01 12:58:42
1150,408035010,CAMPEGINE,RE,2021-09-01 12:58:42
1151,410054005,CAMPELLO SUL CLITUNNO,PG,2021-09-01 12:58:42
1152,401002025,CAMPERTOGNO,VC,2021-09-01 12:58:42
1153,409048006,CAMPI BISENZIO,FI,2021-09-01 12:58:42
1154,416075011,CAMPI SALENTINA,LE,2021-09-01 12:58:42
1155,401096086,CAMPIGLIA CERVO,BI,2021-09-01 12:58:42
1156,405024022,CAMPIGLIA DEI BERICI,VI,2021-09-01 12:58:42
1157,409049002,CAMPIGLIA MARITTIMA,LI,2021-09-01 12:58:42
1158,401001049,CAMPIGLIONE FENILE,TO,2021-09-01 12:58:42
1159,403013040,CAMPIONE D'ITALIA,CO,2021-09-01 12:58:42
1160,404022036,CAMPITELLO DI FASSA,TN,2021-09-01 12:58:42
1161,413067008,CAMPLI,TE,2021-09-01 12:58:42
1162,418080018,CAMPO CALABRO,RC,2021-09-01 12:58:42
1163,413066015,CAMPO DI GIOVE,AQ,2021-09-01 12:58:42
1164,404021016,CAMPO DI TRENS,BZ,2021-09-01 12:58:42
1165,407010008,CAMPO LIGURE,GE,2021-09-01 12:58:42
1166,409049003,CAMPO NELL'ELBA,LI,2021-09-01 12:58:42
1167,405028020,CAMPO SAN MARTINO,PD,2021-09-01 12:58:42
1168,404021017,CAMPO TURES,BZ,2021-09-01 12:58:42
1169,414070006,CAMPOBASSO,CB,2021-09-01 12:58:42
1170,419084010,CAMPOBELLO DI LICATA,AG,2021-09-01 12:58:42
1171,419081004,CAMPOBELLO DI MAZARA,TP,2021-09-01 12:58:42
1172,414070007,CAMPOCHIARO,CB,2021-09-01 12:58:42
1173,405028017,CAMPODARSEGO,PD,2021-09-01 12:58:43
1174,404022037,CAMPODENNO,TN,2021-09-01 12:58:43
1175,412059003,CAMPODIMELE,LT,2021-09-01 12:58:43
1176,414070008,CAMPODIPIETRA,CB,2021-09-01 12:58:43
1177,403014012,CAMPODOLCINO,SO,2021-09-01 12:58:43
1178,405028018,CAMPODORO,PD,2021-09-01 12:58:43
1179,419082016,CAMPOFELICE DI FITALIA,PA,2021-09-01 12:58:43
1180,419082017,CAMPOFELICE DI ROCCELLA,PA,2021-09-01 12:58:43
1181,411109004,CAMPOFILONE,FM,2021-09-01 12:58:43
1182,419082018,CAMPOFIORITO,PA,2021-09-01 12:58:43
1183,406030016,CAMPOFORMIDO,UD,2021-09-01 12:58:43
1184,419085005,CAMPOFRANCO,CL,2021-09-01 12:58:43
1185,408036003,CAMPOGALLIANO,MO,2021-09-01 12:58:43
1186,415062013,CAMPOLATTARO,BN,2021-09-01 12:58:43
1187,412060016,CAMPOLI APPENNINO,FR,2021-09-01 12:58:43
1188,415062014,CAMPOLI DEL MONTE TABURNO,BN,2021-09-01 12:58:43
1189,414070009,CAMPOLIETO,CB,2021-09-01 12:58:43
1190,405027003,CAMPOLONGO MAGGIORE,VE,2021-09-01 12:58:43
1191,405024023,CAMPOLONGO SUL BRENTA,VI,2021-09-01 12:58:43
1192,406030138,CAMPOLONGO TAPOGLIANO,UD,2021-09-01 12:58:43
1193,417076017,CAMPOMAGGIORE,PZ,2021-09-01 12:58:43
1194,414070010,CAMPOMARINO,CB,2021-09-01 12:58:43
1195,407010009,CAMPOMORONE,GE,2021-09-01 12:58:43
1196,405027004,CAMPONOGARA,VE,2021-09-01 12:58:43
1197,415065023,CAMPORA,SA,2021-09-01 12:58:43
1198,419082019,CAMPOREALE,PA,2021-09-01 12:58:43
1199,409046006,CAMPORGIANO,LU,2021-09-01 12:58:43
1200,407008011,CAMPOROSSO,IM,2021-09-01 12:58:43
1201,411043008,CAMPOROTONDO DI FIASTRONE,MC,2021-09-01 12:58:43
1202,419087012,CAMPOROTONDO ETNEO,CT,2021-09-01 12:58:43
1203,405028019,CAMPOSAMPIERO,PD,2021-09-01 12:58:43
1204,415063013,CAMPOSANO,NA,2021-09-01 12:58:43
1205,408036004,CAMPOSANTO,MO,2021-09-01 12:58:43
1206,403018026,CAMPOSPINOSO,PV,2021-09-01 12:58:43
1207,413066016,CAMPOTOSTO,AQ,2021-09-01 12:58:43
1208,408037010,CAMUGNANO,BO,2021-09-01 12:58:43
1209,404022038,CANAL SAN BOVO,TN,2021-09-01 12:58:43
1210,401004037,CANALE,CN,2021-09-01 12:58:43
1211,405025023,CANALE D'AGORDO,BL,2021-09-01 12:58:43
1212,412058016,CANALE MONTERANO,RM,2021-09-01 12:58:43
1213,405029009,CANARO,RO,2021-09-01 12:58:43
1214,404022039,CANAZEI,TN,2021-09-01 12:58:43
1215,417076018,CANCELLARA,PZ,2021-09-01 12:58:43
1216,415061012,CANCELLO ED ARNONE,CE,2021-09-01 12:58:43
1217,405029010,CANDA,RO,2021-09-01 12:58:43
1218,416071009,CANDELA,FG,2021-09-01 12:58:43
1219,401096012,CANDELO,BI,2021-09-01 12:58:43
1220,401001050,CANDIA CANAVESE,TO,2021-09-01 12:58:43
1221,403018027,CANDIA LOMELLINA,PV,2021-09-01 12:58:43
1222,405028021,CANDIANA,PD,2021-09-01 12:58:43
1223,415064016,CANDIDA,AV,2021-09-01 12:58:43
1224,418080019,CANDIDONI,RC,2021-09-01 12:58:43
1225,401001051,CANDIOLO,TO,2021-09-01 12:58:43
1226,403015046,CANEGRATE,MI,2021-09-01 12:58:43
1227,401005017,CANELLI,AT,2021-09-01 12:58:43
1228,412056011,CANEPINA,VT,2021-09-01 12:58:43
1229,406093009,CANEVA,PN,2021-09-01 12:58:43
1230,403018028,CANEVINO,PV,2021-09-01 12:58:43
1231,419084011,CANICATTI',AG,2021-09-01 12:58:43
1232,419089005,CANICATTINI BAGNI,SR,2021-09-01 12:58:43
1233,412056012,CANINO,VT,2021-09-01 12:58:43
1234,401001052,CANISCHIO,TO,2021-09-01 12:58:43
1235,413066017,CANISTRO,AQ,2021-09-01 12:58:43
1236,418078024,CANNA,CS,2021-09-01 12:58:43
1237,415065024,CANNALONGA,SA,2021-09-01 12:58:43
1238,410054006,CANNARA,PG,2021-09-01 12:58:43
1239,401103016,CANNERO RIVIERA,VB,2021-09-01 12:58:43
1240,403018029,CANNETO PAVESE,PV,2021-09-01 12:58:43
1241,403020008,CANNETO SULL'OGLIO,MN,2021-09-01 12:58:43
1242,401103017,CANNOBIO,VB,2021-09-01 12:58:43
1243,416075012,CANNOLE,LE,2021-09-01 12:58:43
1244,418080020,CANOLO,RC,2021-09-01 12:58:43
1245,403016049,CANONICA D'ADDA,BG,2021-09-01 12:58:43
1246,416110004,CANOSA DI PUGLIA,BT,2021-09-01 12:58:43
1247,413069010,CANOSA SANNITA,CH,2021-09-01 12:58:43
1248,401004038,CANOSIO,CN,2021-09-01 12:58:43
1249,408035502,CANOSSA,RE,2021-09-01 12:58:43
1250,413066018,CANSANO,AQ,2021-09-01 12:58:43
1251,409100001,CANTAGALLO,PO,2021-09-01 12:58:43
1252,412057009,CANTALICE,RI,2021-09-01 12:58:43
1253,401001053,CANTALUPA,TO,2021-09-01 12:58:43
1254,412057010,CANTALUPO IN SABINA,RI,2021-09-01 12:58:43
1255,401006028,CANTALUPO LIGURE,AL,2021-09-01 12:58:43
1256,414094005,CANTALUPO NEL SANNIO,IS,2021-09-01 12:58:43
1257,401005018,CANTARANA,AT,2021-09-01 12:58:43
1258,403012030,CANTELLO,VA,2021-09-01 12:58:43
1259,412058017,CANTERANO,RM,2021-09-01 12:58:43
1260,411041008,CANTIANO,PS,2021-09-01 12:58:43
1261,401001054,CANTOIRA,TO,2021-09-01 12:58:43
1262,403013041,CANTU',CO,2021-09-01 12:58:43
1263,413067009,CANZANO,TE,2021-09-01 12:58:43
1264,403013042,CANZO,CO,2021-09-01 12:58:43
1265,405027005,CAORLE,VE,2021-09-01 12:58:43
1266,408033010,CAORSO,PC,2021-09-01 12:58:43
1267,415065025,CAPACCIO,SA,2021-09-01 12:58:43
1268,419082020,CAPACI,PA,2021-09-01 12:58:43
1269,409053003,CAPALBIO,GR,2021-09-01 12:58:43
1270,409050005,CAPANNOLI,PI,2021-09-01 12:58:43
1271,409046007,CAPANNORI,LU,2021-09-01 12:58:43
1272,412058018,CAPENA,RM,2021-09-01 12:58:43
1273,403019012,CAPERGNANICA,CR,2021-09-01 12:58:43
1274,413066019,CAPESTRANO,AQ,2021-09-01 12:58:43
1275,403013043,CAPIAGO INTIMIANO,CO,2021-09-01 12:58:43
1276,418102005,CAPISTRANO,VV,2021-09-01 12:58:43
1277,413066020,CAPISTRELLO,AQ,2021-09-01 12:58:43
1278,413066021,CAPITIGNANO,AQ,2021-09-01 12:58:43
1279,419083008,CAPIZZI,ME,2021-09-01 12:58:43
1280,403016050,CAPIZZONE,BG,2021-09-01 12:58:43
1281,419083009,CAPO D'ORLANDO,ME,2021-09-01 12:58:43
1282,403017035,CAPO DI PONTE,BS,2021-09-01 12:58:43
1283,412056013,CAPODIMONTE,VT,2021-09-01 12:58:43
1284,415061013,CAPODRISE,CE,2021-09-01 12:58:43
1285,409049004,CAPOLIVERI,LI,2021-09-01 12:58:43
1286,409051006,CAPOLONA,AR,2021-09-01 12:58:43
1287,403108052,CAPONAGO,MB,2021-09-01 12:58:43
1288,413066022,CAPORCIANO,AQ,2021-09-01 12:58:43
1289,415064017,CAPOSELE,AV,2021-09-01 12:58:43
1290,420092011,CAPOTERRA,CA,2021-09-01 12:58:43
1291,403017036,CAPOVALLE,BS,2021-09-01 12:58:43
1292,413066023,CAPPADOCIA,AQ,2021-09-01 12:58:44
1293,403019013,CAPPELLA CANTONE,CR,2021-09-01 12:58:44
1294,403019014,CAPPELLA DE' PICENARDI,CR,2021-09-01 12:58:44
1295,405026007,CAPPELLA MAGGIORE,TV,2021-09-01 12:58:44
1296,413068006,CAPPELLE SUL TAVO,PE,2021-09-01 12:58:44
1297,414094006,CAPRACOTTA,IS,2021-09-01 12:58:44
1298,409048008,CAPRAIA E LIMITE,FI,2021-09-01 12:58:44
1299,409049005,CAPRAIA ISOLA,LI,2021-09-01 12:58:44
1300,403019015,CAPRALBA,CR,2021-09-01 12:58:44
1301,412056014,CAPRANICA,VT,2021-09-01 12:58:44
1302,412058019,CAPRANICA PRENESTINA,RM,2021-09-01 12:58:44
1303,416075013,CAPRARICA DI LECCE,LE,2021-09-01 12:58:44
1304,412056015,CAPRAROLA,VT,2021-09-01 12:58:44
1305,401004039,CAPRAUNA,CN,2021-09-01 12:58:44
1306,409051007,CAPRESE MICHELANGELO,AR,2021-09-01 12:58:44
1307,401103018,CAPREZZO,VB,2021-09-01 12:58:44
1308,415063014,CAPRI,NA,2021-09-01 12:58:44
1309,419083010,CAPRI LEONE,ME,2021-09-01 12:58:44
1310,404022040,CAPRIANA,TN,2021-09-01 12:58:44
1311,403017037,CAPRIANO DEL COLLE,BS,2021-09-01 12:58:44
1312,401006029,CAPRIATA D'ORBA,AL,2021-09-01 12:58:44
1313,403016051,CAPRIATE SAN GERVASIO,BG,2021-09-01 12:58:44
1314,415061014,CAPRIATI A VOLTURNO,CE,2021-09-01 12:58:44
1315,401001055,CAPRIE,TO,2021-09-01 12:58:44
1316,415064018,CAPRIGLIA IRPINA,AV,2021-09-01 12:58:44
1317,401005019,CAPRIGLIO,AT,2021-09-01 12:58:44
1318,401096013,CAPRILE,BI,2021-09-01 12:58:44
1319,403016052,CAPRINO BERGAMASCO,BG,2021-09-01 12:58:44
1320,405023018,CAPRINO VERONESE,VR,2021-09-01 12:58:44
1321,403017038,CAPRIOLO,BS,2021-09-01 12:58:44
1322,406031001,CAPRIVA DEL FRIULI,GO,2021-09-01 12:58:44
1323,415061015,CAPUA,CE,2021-09-01 12:58:44
1324,416072014,CAPURSO,BA,2021-09-01 12:58:44
1325,418080021,CARAFFA DEL BIANCO,RC,2021-09-01 12:58:44
1326,418079017,CARAFFA DI CATANZARO,CZ,2021-09-01 12:58:44
1327,401004040,CARAGLIO,CN,2021-09-01 12:58:44
1328,401004041,CARAMAGNA PIEMONTE,CN,2021-09-01 12:58:44
1329,413068007,CARAMANICO TERME,PE,2021-09-01 12:58:44
1330,404022041,CARANO,TN,2021-09-01 12:58:44
1331,416071010,CARAPELLE,FG,2021-09-01 12:58:44
1332,413066024,CARAPELLE CALVISIO,AQ,2021-09-01 12:58:44
1333,407010010,CARASCO,GE,2021-09-01 12:58:44
1334,411044010,CARASSAI,AP,2021-09-01 12:58:44
1335,403108015,CARATE BRIANZA,MB,2021-09-01 12:58:44
1336,403013044,CARATE URIO,CO,2021-09-01 12:58:44
1337,403016053,CARAVAGGIO,BG,2021-09-01 12:58:44
1338,403012031,CARAVATE,VA,2021-09-01 12:58:44
1339,401001056,CARAVINO,TO,2021-09-01 12:58:44
1340,407008012,CARAVONICA,IM,2021-09-01 12:58:44
1341,412056016,CARBOGNANO,VT,2021-09-01 12:58:44
1342,403018030,CARBONARA AL TICINO,PV,2021-09-01 12:58:44
1343,415063015,CARBONARA DI NOLA,NA,2021-09-01 12:58:44
1344,403020009,CARBONARA DI PO,MN,2021-09-01 12:58:44
1345,401006030,CARBONARA SCRIVIA,AL,2021-09-01 12:58:44
1346,403013045,CARBONATE,CO,2021-09-01 12:58:44
1347,417076019,CARBONE,PZ,2021-09-01 12:58:44
1348,405026008,CARBONERA,TV,2021-09-01 12:58:44
1349,420092012,CARBONIA,CA,2021-09-01 12:58:44
1350,407009018,CARCARE,SV,2021-09-01 12:58:44
1351,405028022,CARCERI,PD,2021-09-01 12:58:44
1352,401002029,CARCOFORO,VC,2021-09-01 12:58:44
1353,403012032,CARDANO AL CAMPO,VA,2021-09-01 12:58:44
1354,401004042,CARDE',CN,2021-09-01 12:58:44
1355,420091103,CARDEDU,NU,2021-09-01 12:58:44
1356,418080022,CARDETO,RC,2021-09-01 12:58:44
1357,418079018,CARDINALE,CZ,2021-09-01 12:58:44
1358,415063016,CARDITO,NA,2021-09-01 12:58:44
1359,409046008,CAREGGINE,LU,2021-09-01 12:58:44
1360,401001057,CAREMA,TO,2021-09-01 12:58:44
1361,403097014,CARENNO,LC,2021-09-01 12:58:44
1362,401006031,CARENTINO,AL,2021-09-01 12:58:44
1363,418080023,CARERI,RC,2021-09-01 12:58:44
1364,401002030,CARESANA,VC,2021-09-01 12:58:44
1365,401002031,CARESANABLOT,VC,2021-09-01 12:58:44
1366,401006032,CAREZZANO,AL,2021-09-01 12:58:44
1367,418101003,CARFIZZI,KR,2021-09-01 12:58:44
1368,420090022,CARGEGHE,SS,2021-09-01 12:58:44
1369,418078025,CARIATI,CS,2021-09-01 12:58:44
1370,415064019,CARIFE,AV,2021-09-01 12:58:44
1371,401001058,CARIGNANO,TO,2021-09-01 12:58:44
1372,403013046,CARIMATE,CO,2021-09-01 12:58:44
1373,415061016,CARINARO,CE,2021-09-01 12:58:44
1374,419082021,CARINI,PA,2021-09-01 12:58:44
1375,415061017,CARINOLA,CE,2021-09-01 12:58:44
1376,401002032,CARISIO,VC,2021-09-01 12:58:44
1377,404022042,CARISOLO,TN,2021-09-01 12:58:44
1378,416071011,CARLANTINO,FG,2021-09-01 12:58:44
1379,403013047,CARLAZZO,CO,2021-09-01 12:58:44
1380,419089006,CARLENTINI,SR,2021-09-01 12:58:44
1381,406030018,CARLINO,UD,2021-09-01 12:58:44
1382,420092013,CARLOFORTE,CA,2021-09-01 12:58:44
1383,418079020,CARLOPOLI,CZ,2021-09-01 12:58:44
1384,401001059,CARMAGNOLA,TO,2021-09-01 12:58:44
1385,416075014,CARMIANO,LE,2021-09-01 12:58:44
1386,409100002,CARMIGNANO,PO,2021-09-01 12:58:44
1387,405028023,CARMIGNANO DI BRENTA,PD,2021-09-01 12:58:44
1388,403012033,CARNAGO,VA,2021-09-01 12:58:44
1389,403108016,CARNATE,MB,2021-09-01 12:58:44
1390,403016055,CAROBBIO DEGLI ANGELI,BG,2021-09-01 12:58:44
1391,418078026,CAROLEI,CS,2021-09-01 12:58:44
1392,403016056,CARONA,BG,2021-09-01 12:58:44
1393,419083011,CARONIA,ME,2021-09-01 12:58:44
1394,403012034,CARONNO PERTUSELLA,VA,2021-09-01 12:58:44
1395,403012035,CARONNO VARESINO,VA,2021-09-01 12:58:44
1396,416073002,CAROSINO,TA,2021-09-01 12:58:44
1397,416074002,CAROVIGNO,BR,2021-09-01 12:58:44
1398,414094007,CAROVILLI,IS,2021-09-01 12:58:44
1399,408033011,CARPANETO PIACENTINO,PC,2021-09-01 12:58:44
1400,418078027,CARPANZANO,CS,2021-09-01 12:58:44
1401,407008013,CARPASIO,IM,2021-09-01 12:58:44
1402,411041009,CARPEGNA,PS,2021-09-01 12:58:44
1403,403017039,CARPENEDOLO,BS,2021-09-01 12:58:44
1404,401006033,CARPENETO,AL,2021-09-01 12:58:44
1405,408036005,CARPI,MO,2021-09-01 12:58:44
1406,403015050,CARPIANO,MI,2021-09-01 12:58:44
1407,416075015,CARPIGNANO SALENTINO,LE,2021-09-01 12:58:44
1408,401003036,CARPIGNANO SESIA,NO,2021-09-01 12:58:44
1409,408035011,CARPINETI,RE,2021-09-01 12:58:44
1410,413068008,CARPINETO DELLA NORA,PE,2021-09-01 12:58:44
1411,412058020,CARPINETO ROMANO,RM,2021-09-01 12:58:44
1412,413069011,CARPINETO SINELLO,CH,2021-09-01 12:58:44
1413,416071012,CARPINO,FG,2021-09-01 12:58:44
1414,414094008,CARPINONE,IS,2021-09-01 12:58:44
1415,409045003,CARRARA,MS,2021-09-01 12:58:44
1416,405024024,CARRE',VI,2021-09-01 12:58:44
1417,401006034,CARREGA LIGURE,AL,2021-09-01 12:58:44
1418,407011009,CARRO,SP,2021-09-01 12:58:44
1419,407011010,CARRODANO,SP,2021-09-01 12:58:44
1420,401006035,CARROSIO,AL,2021-09-01 12:58:44
1421,401004043,CARRU',CN,2021-09-01 12:58:44
1422,413066025,CARSOLI,AQ,2021-09-01 12:58:44
1423,405024025,CARTIGLIANO,VI,2021-09-01 12:58:45
1424,401004044,CARTIGNANO,CN,2021-09-01 12:58:45
1425,411041010,CARTOCETO,PS,2021-09-01 12:58:45
1426,401006036,CARTOSIO,AL,2021-09-01 12:58:45
1427,405028026,CARTURA,PD,2021-09-01 12:58:45
1428,403015051,CARUGATE,MI,2021-09-01 12:58:45
1429,403013048,CARUGO,CO,2021-09-01 12:58:45
1430,413069012,CARUNCHIO,CH,2021-09-01 12:58:45
1431,403016057,CARVICO,BG,2021-09-01 12:58:45
1432,404022043,CARZANO,TN,2021-09-01 12:58:45
1433,418101004,CASABONA,KR,2021-09-01 12:58:45
1434,414070011,CASACALENDA,CB,2021-09-01 12:58:45
1435,413069013,CASACANDITELLA,CH,2021-09-01 12:58:45
1436,415061018,CASAGIOVE,CE,2021-09-01 12:58:45
1437,401006037,CASAL CERMELLI,AL,2021-09-01 12:58:45
1438,415061019,CASAL DI PRINCIPE,CE,2021-09-01 12:58:45
1439,415065028,CASAL VELINO,SA,2021-09-01 12:58:45
1440,413069014,CASALANGUIDA,CH,2021-09-01 12:58:45
1441,412060017,CASALATTICO,FR,2021-09-01 12:58:45
1442,401003037,CASALBELTRAME,NO,2021-09-01 12:58:45
1443,413069015,CASALBORDINO,CH,2021-09-01 12:58:45
1444,415064020,CASALBORE,AV,2021-09-01 12:58:45
1445,401001060,CASALBORGONE,TO,2021-09-01 12:58:45
1446,415065026,CASALBUONO,SA,2021-09-01 12:58:45
1447,403019016,CASALBUTTANO ED UNITI,CR,2021-09-01 12:58:45
1448,414070012,CASALCIPRANO,CB,2021-09-01 12:58:45
1449,415062015,CASALDUNI,BN,2021-09-01 12:58:45
1450,401103019,CASALE CORTE CERRO,VB,2021-09-01 12:58:45
1451,403019017,CASALE CREMASCO-VIDOLASCO,CR,2021-09-01 12:58:45
1452,405028027,CASALE DI SCODOSIA,PD,2021-09-01 12:58:45
1453,403012036,CASALE LITTA,VA,2021-09-01 12:58:45
1454,409050006,CASALE MARITTIMO,PI,2021-09-01 12:58:45
1455,401006039,CASALE MONFERRATO,AL,2021-09-01 12:58:45
1456,405026009,CASALE SUL SILE,TV,2021-09-01 12:58:45
1457,408037011,CASALECCHIO DI RENO,BO,2021-09-01 12:58:45
1458,401006038,CASALEGGIO BOIRO,AL,2021-09-01 12:58:45
1459,401003039,CASALEGGIO NOVARA,NO,2021-09-01 12:58:45
1460,405023019,CASALEONE,VR,2021-09-01 12:58:45
1461,403019018,CASALETTO CEREDANO,CR,2021-09-01 12:58:45
1462,403019019,CASALETTO DI SOPRA,CR,2021-09-01 12:58:45
1463,403098008,CASALETTO LODIGIANO,LO,2021-09-01 12:58:45
1464,415065027,CASALETTO SPARTANO,SA,2021-09-01 12:58:45
1465,403019020,CASALETTO VAPRIO,CR,2021-09-01 12:58:45
1466,408037012,CASALFIUMANESE,BO,2021-09-01 12:58:45
1467,408035012,CASALGRANDE,RE,2021-09-01 12:58:45
1468,401004045,CASALGRASSO,CN,2021-09-01 12:58:45
1469,418078156,CASALI DEL MANCO,CS,2021-09-01 12:58:45
1470,413069016,CASALINCONTRADA,CH,2021-09-01 12:58:45
1471,401003040,CASALINO,NO,2021-09-01 12:58:45
1472,403019021,CASALMAGGIORE,CR,2021-09-01 12:58:45
1473,403098009,CASALMAIOCCO,LO,2021-09-01 12:58:45
1474,403019022,CASALMORANO,CR,2021-09-01 12:58:45
1475,403020010,CASALMORO,MN,2021-09-01 12:58:45
1476,401006040,CASALNOCETO,AL,2021-09-01 12:58:45
1477,415063017,CASALNUOVO DI NAPOLI,NA,2021-09-01 12:58:45
1478,416071013,CASALNUOVO MONTEROTARO,FG,2021-09-01 12:58:45
1479,403020011,CASALOLDO,MN,2021-09-01 12:58:45
1480,403098010,CASALPUSTERLENGO,LO,2021-09-01 12:58:45
1481,403020012,CASALROMANO,MN,2021-09-01 12:58:45
1482,405028028,CASALSERUGO,PD,2021-09-01 12:58:45
1483,415061020,CASALUCE,CE,2021-09-01 12:58:45
1484,416071014,CASALVECCHIO DI PUGLIA,FG,2021-09-01 12:58:45
1485,419083012,CASALVECCHIO SICULO,ME,2021-09-01 12:58:45
1486,412060018,CASALVIERI,FR,2021-09-01 12:58:45
1487,401003041,CASALVOLONE,NO,2021-09-01 12:58:45
1488,403012037,CASALZUIGNO,VA,2021-09-01 12:58:45
1489,415063018,CASAMARCIANO,NA,2021-09-01 12:58:45
1490,416072015,CASAMASSIMA,BA,2021-09-01 12:58:45
1491,415063019,CASAMICCIOLA TERME,NA,2021-09-01 12:58:45
1492,415063020,CASANDRINO,NA,2021-09-01 12:58:45
1493,401002033,CASANOVA ELVO,VC,2021-09-01 12:58:45
1494,407009019,CASANOVA LERRONE,SV,2021-09-01 12:58:45
1495,403018031,CASANOVA LONATI,PV,2021-09-01 12:58:45
1496,412058021,CASAPE,RM,2021-09-01 12:58:45
1497,415061103,CASAPESENNA,CE,2021-09-01 12:58:45
1498,401096014,CASAPINTA,BI,2021-09-01 12:58:45
1499,412057011,CASAPROTA,RI,2021-09-01 12:58:45
1500,415061021,CASAPULLA,CE,2021-09-01 12:58:45
1501,416075016,CASARANO,LE,2021-09-01 12:58:45
1502,403097015,CASARGO,LC,2021-09-01 12:58:45
1503,403015055,CASARILE,MI,2021-09-01 12:58:45
1504,406093010,CASARSA DELLA DELIZIA,PN,2021-09-01 12:58:45
1505,407010011,CASARZA LIGURE,GE,2021-09-01 12:58:45
1506,401006041,CASASCO,AL,2021-09-01 12:58:45
1507,403013050,CASASCO D'INTELVI,CO,2021-09-01 12:58:45
1508,403097016,CASATENOVO,LC,2021-09-01 12:58:45
1509,403018032,CASATISMA,PV,2021-09-01 12:58:45
1510,415063021,CASAVATORE,NA,2021-09-01 12:58:45
1511,403016058,CASAZZA,BG,2021-09-01 12:58:45
1512,410054007,CASCIA,PG,2021-09-01 12:58:45
1513,403012038,CASCIAGO,VA,2021-09-01 12:58:45
1514,409050040,CASCIANA TERME LARI,PI,2021-09-01 12:58:45
1515,409050008,CASCINA,PI,2021-09-01 12:58:45
1516,401001061,CASCINETTE D'IVREA,TO,2021-09-01 12:58:45
1517,403018033,CASEI GEROLA,PV,2021-09-01 12:58:45
1518,401001062,CASELETTE,TO,2021-09-01 12:58:45
1519,407010012,CASELLA,GE,2021-09-01 12:58:45
1520,415065029,CASELLE IN PITTARI,SA,2021-09-01 12:58:45
1521,403098011,CASELLE LANDI,LO,2021-09-01 12:58:45
1522,403098012,CASELLE LURANI,LO,2021-09-01 12:58:45
1523,401001063,CASELLE TORINESE,TO,2021-09-01 12:58:45
1524,415061022,CASERTA,CE,2021-09-01 12:58:45
1525,405026010,CASIER,TV,2021-09-01 12:58:45
1526,418080024,CASIGNANA,RC,2021-09-01 12:58:45
1527,408035013,CASINA,RE,2021-09-01 12:58:45
1528,403016059,CASIRATE D'ADDA,BG,2021-09-01 12:58:45
1529,403013052,CASLINO D'ERBA,CO,2021-09-01 12:58:45
1530,403013053,CASNATE CON BERNATE,CO,2021-09-01 12:58:45
1531,403016060,CASNIGO,BG,2021-09-01 12:58:45
1532,415063022,CASOLA DI NAPOLI,NA,2021-09-01 12:58:45
1533,409045004,CASOLA IN LUNIGIANA,MS,2021-09-01 12:58:45
1534,408039005,CASOLA VALSENIO,RA,2021-09-01 12:58:45
1535,409052004,CASOLE D'ELSA,SI,2021-09-01 12:58:45
1536,413069017,CASOLI,CH,2021-09-01 12:58:45
1537,403018034,CASORATE PRIMO,PV,2021-09-01 12:58:45
1538,403012039,CASORATE SEMPIONE,VA,2021-09-01 12:58:45
1539,403015058,CASOREZZO,MI,2021-09-01 12:58:45
1540,415063023,CASORIA,NA,2021-09-01 12:58:45
1541,401005020,CASORZO,AT,2021-09-01 12:58:45
1542,412057012,CASPERIA,RI,2021-09-01 12:58:46
1543,403014013,CASPOGGIO,SO,2021-09-01 12:58:46
1544,406030019,CASSACCO,UD,2021-09-01 12:58:46
1545,403097017,CASSAGO BRIANZA,LC,2021-09-01 12:58:46
1546,418078029,CASSANO ALL'IONIO,CS,2021-09-01 12:58:46
1547,403015059,CASSANO D'ADDA,MI,2021-09-01 12:58:46
1548,416072016,CASSANO DELLE MURGE,BA,2021-09-01 12:58:46
1549,415064021,CASSANO IRPINO,AV,2021-09-01 12:58:46
1550,403012040,CASSANO MAGNAGO,VA,2021-09-01 12:58:46
1551,401006042,CASSANO SPINOLA,AL,2021-09-01 12:58:46
1552,403012041,CASSANO VALCUVIA,VA,2021-09-01 12:58:46
1553,419089007,CASSARO,SR,2021-09-01 12:58:46
1554,403016061,CASSIGLIO,BG,2021-09-01 12:58:46
1555,403015060,CASSINA DE' PECCHI,MI,2021-09-01 12:58:46
1556,403013055,CASSINA RIZZARDI,CO,2021-09-01 12:58:46
1557,403097018,CASSINA VALSASSINA,LC,2021-09-01 12:58:46
1558,401005021,CASSINASCO,AT,2021-09-01 12:58:46
1559,401006043,CASSINE,AL,2021-09-01 12:58:46
1560,401006044,CASSINELLE,AL,2021-09-01 12:58:46
1561,403015061,CASSINETTA DI LUGAGNANO,MI,2021-09-01 12:58:46
1562,412060019,CASSINO,FR,2021-09-01 12:58:46
1563,405024026,CASSOLA,VI,2021-09-01 12:58:46
1564,403018035,CASSOLNOVO,PV,2021-09-01 12:58:46
1565,405023020,CASTAGNARO,VR,2021-09-01 12:58:46
1566,409049006,CASTAGNETO CARDUCCI,LI,2021-09-01 12:58:46
1567,401001064,CASTAGNETO PO,TO,2021-09-01 12:58:46
1568,401004046,CASTAGNITO,CN,2021-09-01 12:58:46
1569,401005022,CASTAGNOLE DELLE LANZE,AT,2021-09-01 12:58:46
1570,401005023,CASTAGNOLE MONFERRATO,AT,2021-09-01 12:58:46
1571,401001065,CASTAGNOLE PIEMONTE,TO,2021-09-01 12:58:46
1572,403018036,CASTANA,PV,2021-09-01 12:58:46
1573,403015062,CASTANO PRIMO,MI,2021-09-01 12:58:46
1574,403018037,CASTEGGIO,PV,2021-09-01 12:58:46
1575,403017040,CASTEGNATO,BS,2021-09-01 12:58:46
1576,405024027,CASTEGNERO,VI,2021-09-01 12:58:46
1577,415064022,CASTEL BARONIA,AV,2021-09-01 12:58:46
1578,401005024,CASTEL BOGLIONE,AT,2021-09-01 12:58:46
1579,408039006,CASTEL BOLOGNESE,RA,2021-09-01 12:58:46
1580,415061023,CASTEL CAMPAGNANO,CE,2021-09-01 12:58:46
1581,413067010,CASTEL CASTAGNA,TE,2021-09-01 12:58:46
1582,404022045,CASTEL CONDINO,TN,2021-09-01 12:58:46
1583,408037013,CASTEL D'AIANO,BO,2021-09-01 12:58:46
1584,403020014,CASTEL D'ARIO,MN,2021-09-01 12:58:46
1585,405023021,CASTEL D'AZZANO,VR,2021-09-01 12:58:46
1586,414094009,CASTEL DEL GIUDICE,IS,2021-09-01 12:58:46
1587,413066026,CASTEL DEL MONTE,AQ,2021-09-01 12:58:46
1588,409053004,CASTEL DEL PIANO,GR,2021-09-01 12:58:46
1589,408037014,CASTEL DEL RIO,BO,2021-09-01 12:58:46
1590,408037015,CASTEL DI CASIO,BO,2021-09-01 12:58:46
1591,413066027,CASTEL DI IERI,AQ,2021-09-01 12:58:46
1592,419087013,CASTEL DI IUDICA,CT,2021-09-01 12:58:46
1593,411044011,CASTEL DI LAMA,AP,2021-09-01 12:58:46
1594,419083013,CASTEL DI LUCIO,ME,2021-09-01 12:58:46
1595,413066028,CASTEL DI SANGRO,AQ,2021-09-01 12:58:46
1596,415061024,CASTEL DI SASSO,CE,2021-09-01 12:58:46
1597,412057013,CASTEL DI TORA,RI,2021-09-01 12:58:46
1598,409051008,CASTEL FOCOGNANO,AR,2021-09-01 12:58:46
1599,413069018,CASTEL FRENTANO,CH,2021-09-01 12:58:46
1600,403019024,CASTEL GABBIANO,CR,2021-09-01 12:58:46
1601,412058022,CASTEL GANDOLFO,RM,2021-09-01 12:58:46
1602,410055009,CASTEL GIORGIO,TR,2021-09-01 12:58:46
1603,403020015,CASTEL GOFFREDO,MN,2021-09-01 12:58:46
1604,408037016,CASTEL GUELFO DI BOLOGNA,BO,2021-09-01 12:58:46
1605,404022240,CASTEL IVANO,TN,2021-09-01 12:58:46
1606,412058023,CASTEL MADAMA,RM,2021-09-01 12:58:46
1607,408037019,CASTEL MAGGIORE,BO,2021-09-01 12:58:46
1608,403017042,CASTEL MELLA,BS,2021-09-01 12:58:46
1609,415061026,CASTEL MORRONE,CE,2021-09-01 12:58:46
1610,410054008,CASTEL RITALDI,PG,2021-09-01 12:58:46
1611,401005032,CASTEL ROCCHERO,AT,2021-09-01 12:58:46
1612,403016063,CASTEL ROZZONE,BG,2021-09-01 12:58:46
1613,415065034,CASTEL SAN GIORGIO,SA,2021-09-01 12:58:46
1614,408033013,CASTEL SAN GIOVANNI,PC,2021-09-01 12:58:46
1615,415065035,CASTEL SAN LORENZO,SA,2021-09-01 12:58:46
1616,409051010,CASTEL SAN NICCOLO',AR,2021-09-01 12:58:46
1617,412058025,CASTEL SAN PIETRO ROMANO,RM,2021-09-01 12:58:46
1618,408037020,CASTEL SAN PIETRO TERME,BO,2021-09-01 12:58:46
1619,414094012,CASTEL SAN VINCENZO,IS,2021-09-01 12:58:46
1620,412057015,CASTEL SANT'ANGELO,RI,2021-09-01 12:58:46
1621,412056017,CASTEL SANT'ELIA,VT,2021-09-01 12:58:46
1622,410055010,CASTEL VISCARDO,TR,2021-09-01 12:58:46
1623,407008015,CASTEL VITTORIO,IM,2021-09-01 12:58:46
1624,415061027,CASTEL VOLTURNO,CE,2021-09-01 12:58:46
1625,405028029,CASTELBALDO,PD,2021-09-01 12:58:46
1626,403020013,CASTELBELFORTE,MN,2021-09-01 12:58:46
1627,411042008,CASTELBELLINO,AN,2021-09-01 12:58:46
1628,404021018,CASTELBELLO CIARDES,BZ,2021-09-01 12:58:46
1629,407009020,CASTELBIANCO,SV,2021-09-01 12:58:46
1630,414070013,CASTELBOTTACCIO,CB,2021-09-01 12:58:46
1631,419082022,CASTELBUONO,PA,2021-09-01 12:58:46
1632,415065030,CASTELCIVITA,SA,2021-09-01 12:58:46
1633,403017041,CASTELCOVATI,BS,2021-09-01 12:58:46
1634,405026011,CASTELCUCCO,TV,2021-09-01 12:58:46
1635,419082023,CASTELDACCIA,PA,2021-09-01 12:58:46
1636,408099021,CASTELDELCI,RN,2021-09-01 12:58:46
1637,401004047,CASTELDELFINO,CN,2021-09-01 12:58:46
1638,403019023,CASTELDIDONE,CR,2021-09-01 12:58:46
1639,411042010,CASTELFIDARDO,AN,2021-09-01 12:58:46
1640,409048010,CASTELFIORENTINO,FI,2021-09-01 12:58:46
1641,404022046,CASTELFONDO,TN,2021-09-01 12:58:46
1642,412059004,CASTELFORTE,LT,2021-09-01 12:58:46
1643,415064023,CASTELFRANCI,AV,2021-09-01 12:58:46
1644,409050009,CASTELFRANCO DI SOTTO,PI,2021-09-01 12:58:46
1645,408036006,CASTELFRANCO EMILIA,MO,2021-09-01 12:58:46
1646,415062016,CASTELFRANCO IN MISCANO,BN,2021-09-01 12:58:46
1647,409051040,CASTELFRANCO PIANDISCO',AR,2021-09-01 12:58:46
1648,405026012,CASTELFRANCO VENETO,TV,2021-09-01 12:58:46
1649,405024028,CASTELGOMBERTO,VI,2021-09-01 12:58:46
1650,417076021,CASTELGRANDE,PZ,2021-09-01 12:58:46
1651,405029011,CASTELGUGLIELMO,RO,2021-09-01 12:58:46
1652,413069019,CASTELGUIDONE,CH,2021-09-01 12:58:46
1653,401005025,CASTELL'ALFERO,AT,2021-09-01 12:58:46
1654,408033012,CASTELL'ARQUATO,PC,2021-09-01 12:58:46
1655,409053005,CASTELL'AZZARA,GR,2021-09-01 12:58:46
1656,419083014,CASTELL'UMBERTO,ME,2021-09-01 12:58:46
1657,415065031,CASTELLABATE,SA,2021-09-01 12:58:46
1658,413066029,CASTELLAFIUME,AQ,2021-09-01 12:58:46
1659,413067011,CASTELLALTO,TE,2021-09-01 12:58:46
1660,419081005,CASTELLAMMARE DEL GOLFO,TP,2021-09-01 12:58:46
1661,415063024,CASTELLAMMARE DI STABIA,NA,2021-09-01 12:58:47
1662,401001066,CASTELLAMONTE,TO,2021-09-01 12:58:47
1663,416072017,CASTELLANA GROTTE,BA,2021-09-01 12:58:47
1664,419082024,CASTELLANA SICULA,PA,2021-09-01 12:58:47
1665,416073003,CASTELLANETA,TA,2021-09-01 12:58:47
1666,401006045,CASTELLANIA,AL,2021-09-01 12:58:47
1667,403012042,CASTELLANZA,VA,2021-09-01 12:58:47
1668,401004048,CASTELLAR,CN,2021-09-01 12:58:47
1669,401006046,CASTELLAR GUIDOBONO,AL,2021-09-01 12:58:47
1670,408035014,CASTELLARANO,RE,2021-09-01 12:58:47
1671,407008014,CASTELLARO,IM,2021-09-01 12:58:47
1672,401006047,CASTELLAZZO BORMIDA,AL,2021-09-01 12:58:47
1673,401003042,CASTELLAZZO NOVARESE,NO,2021-09-01 12:58:47
1674,403019025,CASTELLEONE,CR,2021-09-01 12:58:47
1675,411042011,CASTELLEONE DI SUASA,AN,2021-09-01 12:58:47
1676,401005026,CASTELLERO,AT,2021-09-01 12:58:47
1677,401096015,CASTELLETTO CERVO,BI,2021-09-01 12:58:47
1678,401006048,CASTELLETTO D'ERRO,AL,2021-09-01 12:58:47
1679,401006049,CASTELLETTO D'ORBA,AL,2021-09-01 12:58:47
1680,403018038,CASTELLETTO DI BRANDUZZO,PV,2021-09-01 12:58:47
1681,401006050,CASTELLETTO MERLI,AL,2021-09-01 12:58:47
1682,401005027,CASTELLETTO MOLINA,AT,2021-09-01 12:58:47
1683,401006051,CASTELLETTO MONFERRATO,AL,2021-09-01 12:58:47
1684,401003043,CASTELLETTO SOPRA TICINO,NO,2021-09-01 12:58:47
1685,401004049,CASTELLETTO STURA,CN,2021-09-01 12:58:47
1686,401004050,CASTELLETTO UZZONE,CN,2021-09-01 12:58:47
1687,413067012,CASTELLI,TE,2021-09-01 12:58:47
1688,403016062,CASTELLI CALEPIO,BG,2021-09-01 12:58:47
1689,409052005,CASTELLINA IN CHIANTI,SI,2021-09-01 12:58:47
1690,409050010,CASTELLINA MARITTIMA,PI,2021-09-01 12:58:47
1691,401004951,CASTELLINALDO D'ALBA,CN,2021-09-01 12:58:47
1692,414070014,CASTELLINO DEL BIFERNO,CB,2021-09-01 12:58:47
1693,401004052,CASTELLINO TANARO,CN,2021-09-01 12:58:47
1694,412060020,CASTELLIRI,FR,2021-09-01 12:58:47
1695,403012043,CASTELLO CABIAGLIO,VA,2021-09-01 12:58:47
1696,403018039,CASTELLO D'AGOGNA,PV,2021-09-01 12:58:47
1697,408037017,CASTELLO D'ARGILE,BO,2021-09-01 12:58:47
1698,415061025,CASTELLO DEL MATESE,CE,2021-09-01 12:58:47
1699,403014014,CASTELLO DELL'ACQUA,SO,2021-09-01 12:58:47
1700,401005028,CASTELLO DI ANNONE,AT,2021-09-01 12:58:47
1701,403097019,CASTELLO DI BRIANZA,LC,2021-09-01 12:58:47
1702,415063025,CASTELLO DI CISTERNA,NA,2021-09-01 12:58:47
1703,405026013,CASTELLO DI GODEGO,TV,2021-09-01 12:58:47
1704,404022048,CASTELLO TESINO,TN,2021-09-01 12:58:47
1705,404022047,CASTELLO-MOLINA DI FIEMME,TN,2021-09-01 12:58:47
1706,403020016,CASTELLUCCHIO,MN,2021-09-01 12:58:47
1707,416071015,CASTELLUCCIO DE' SAURI,FG,2021-09-01 12:58:47
1708,417076022,CASTELLUCCIO INFERIORE,PZ,2021-09-01 12:58:47
1709,417076023,CASTELLUCCIO SUPERIORE,PZ,2021-09-01 12:58:47
1710,416071016,CASTELLUCCIO VALMAGGIORE,FG,2021-09-01 12:58:47
1711,401004053,CASTELMAGNO,CN,2021-09-01 12:58:47
1712,403013058,CASTELMARTE,CO,2021-09-01 12:58:47
1713,405029012,CASTELMASSA,RO,2021-09-01 12:58:47
1714,414070015,CASTELMAURO,CB,2021-09-01 12:58:47
1715,417076024,CASTELMEZZANO,PZ,2021-09-01 12:58:47
1716,419083015,CASTELMOLA,ME,2021-09-01 12:58:47
1717,403018040,CASTELNOVETTO,PV,2021-09-01 12:58:47
1718,405029013,CASTELNOVO BARIANO,RO,2021-09-01 12:58:47
1719,406093011,CASTELNOVO DEL FRIULI,PN,2021-09-01 12:58:47
1720,408035015,CASTELNOVO DI SOTTO,RE,2021-09-01 12:58:47
1721,408035016,CASTELNOVO NE' MONTI,RE,2021-09-01 12:58:47
1722,404022049,CASTELNUOVO,TN,2021-09-01 12:58:47
1723,401005029,CASTELNUOVO BELBO,AT,2021-09-01 12:58:47
1724,409052006,CASTELNUOVO BERARDENGA,SI,2021-09-01 12:58:47
1725,403098013,CASTELNUOVO BOCCA D'ADDA,LO,2021-09-01 12:58:47
1726,401006052,CASTELNUOVO BORMIDA,AL,2021-09-01 12:58:47
1727,403013059,CASTELNUOVO BOZZENTE,CO,2021-09-01 12:58:47
1728,401005030,CASTELNUOVO CALCEA,AT,2021-09-01 12:58:47
1729,415065032,CASTELNUOVO CILENTO,SA,2021-09-01 12:58:47
1730,405023520,CASTELNUOVO DEL GARDA,VR,2021-09-01 12:58:47
1731,416071017,CASTELNUOVO DELLA DAUNIA,FG,2021-09-01 12:58:47
1732,401004054,CASTELNUOVO DI CEVA,CN,2021-09-01 12:58:47
1733,415065033,CASTELNUOVO DI CONZA,SA,2021-09-01 12:58:47
1734,412057014,CASTELNUOVO DI FARFA,RI,2021-09-01 12:58:47
1735,409046009,CASTELNUOVO DI GARFAGNANA,LU,2021-09-01 12:58:47
1736,412058024,CASTELNUOVO DI PORTO,RM,2021-09-01 12:58:47
1737,409050011,CASTELNUOVO DI VAL DI CECINA,PI,2021-09-01 12:58:47
1738,401005031,CASTELNUOVO DON BOSCO,AT,2021-09-01 12:58:47
1739,407011011,CASTELNUOVO MAGRA,SP,2021-09-01 12:58:47
1740,401001067,CASTELNUOVO NIGRA,TO,2021-09-01 12:58:47
1741,412060021,CASTELNUOVO PARANO,FR,2021-09-01 12:58:47
1742,408036007,CASTELNUOVO RANGONE,MO,2021-09-01 12:58:47
1743,401006053,CASTELNUOVO SCRIVIA,AL,2021-09-01 12:58:47
1744,415062017,CASTELPAGANO,BN,2021-09-01 12:58:47
1745,414094010,CASTELPETROSO,IS,2021-09-01 12:58:47
1746,414094011,CASTELPIZZUTO,IS,2021-09-01 12:58:47
1747,411042012,CASTELPLANIO,AN,2021-09-01 12:58:47
1748,415062018,CASTELPOTO,BN,2021-09-01 12:58:47
1749,411043009,CASTELRAIMONDO,MC,2021-09-01 12:58:47
1750,404021019,CASTELROTTO,BZ,2021-09-01 12:58:47
1751,411043010,CASTELSANTANGELO SUL NERA,MC,2021-09-01 12:58:47
1752,417076025,CASTELSARACENO,PZ,2021-09-01 12:58:47
1753,420090023,CASTELSARDO,SS,2021-09-01 12:58:47
1754,403012044,CASTELSEPRIO,VA,2021-09-01 12:58:47
1755,418101005,CASTELSILANO,KR,2021-09-01 12:58:47
1756,401006054,CASTELSPINA,AL,2021-09-01 12:58:47
1757,419084012,CASTELTERMINI,AG,2021-09-01 12:58:47
1758,403012045,CASTELVECCANA,VA,2021-09-01 12:58:47
1759,413066030,CASTELVECCHIO CALVISIO,AQ,2021-09-01 12:58:47
1760,407009021,CASTELVECCHIO DI ROCCA BARBENA,SV,2021-09-01 12:58:47
1761,413066031,CASTELVECCHIO SUBEQUO,AQ,2021-09-01 12:58:47
1762,415062019,CASTELVENERE,BN,2021-09-01 12:58:47
1763,403019026,CASTELVERDE,CR,2021-09-01 12:58:47
1764,414094013,CASTELVERRINO,IS,2021-09-01 12:58:47
1765,415062020,CASTELVETERE IN VAL FORTORE,BN,2021-09-01 12:58:47
1766,415064024,CASTELVETERE SUL CALORE,AV,2021-09-01 12:58:47
1767,419081006,CASTELVETRANO,TP,2021-09-01 12:58:47
1768,408036008,CASTELVETRO DI MODENA,MO,2021-09-01 12:58:47
1769,408033014,CASTELVETRO PIACENTINO,PC,2021-09-01 12:58:47
1770,403019027,CASTELVISCONTI,CR,2021-09-01 12:58:47
1771,408037021,CASTENASO,BO,2021-09-01 12:58:47
1772,403017043,CASTENEDOLO,BS,2021-09-01 12:58:47
1773,420092106,CASTIADAS,CA,2021-09-01 12:58:47
1774,409051011,CASTIGLION FIBOCCHI,AR,2021-09-01 12:58:47
1775,409051012,CASTIGLION FIORENTINO,AR,2021-09-01 12:58:47
1776,413068009,CASTIGLIONE A CASAURIA,PE,2021-09-01 12:58:47
1777,407010013,CASTIGLIONE CHIAVARESE,GE,2021-09-01 12:58:47
1778,418078030,CASTIGLIONE COSENTINO,CS,2021-09-01 12:58:47
1779,403098014,CASTIGLIONE D'ADDA,LO,2021-09-01 12:58:47
1780,403013060,CASTIGLIONE D'INTELVI,CO,2021-09-01 12:58:47
1781,409052007,CASTIGLIONE D'ORCIA,SI,2021-09-01 12:58:48
1782,408037022,CASTIGLIONE DEI PEPOLI,BO,2021-09-01 12:58:48
1783,415065036,CASTIGLIONE DEL GENOVESI,SA,2021-09-01 12:58:48
1784,410054009,CASTIGLIONE DEL LAGO,PG,2021-09-01 12:58:48
1785,409053006,CASTIGLIONE DELLA PESCAIA,GR,2021-09-01 12:58:48
1786,403020017,CASTIGLIONE DELLE STIVIERE,MN,2021-09-01 12:58:48
1787,409046010,CASTIGLIONE DI GARFAGNANA,LU,2021-09-01 12:58:48
1788,419087014,CASTIGLIONE DI SICILIA,CT,2021-09-01 12:58:48
1789,401004055,CASTIGLIONE FALLETTO,CN,2021-09-01 12:58:48
1790,412056018,CASTIGLIONE IN TEVERINA,VT,2021-09-01 12:58:48
1791,413069020,CASTIGLIONE MESSER MARINO,CH,2021-09-01 12:58:48
1792,413067013,CASTIGLIONE MESSER RAIMONDO,TE,2021-09-01 12:58:48
1793,403012046,CASTIGLIONE OLONA,VA,2021-09-01 12:58:48
1794,401004056,CASTIGLIONE TINELLA,CN,2021-09-01 12:58:48
1795,401001068,CASTIGLIONE TORINESE,TO,2021-09-01 12:58:48
1796,411044012,CASTIGNANO,AP,2021-09-01 12:58:48
1797,413067014,CASTILENTI,TE,2021-09-01 12:58:48
1798,401004057,CASTINO,CN,2021-09-01 12:58:48
1799,403014015,CASTIONE ANDEVENNO,SO,2021-09-01 12:58:48
1800,403016064,CASTIONE DELLA PRESOLANA,BG,2021-09-01 12:58:48
1801,406030020,CASTIONS DI STRADA,UD,2021-09-01 12:58:48
1802,403098015,CASTIRAGA VIDARDO,LO,2021-09-01 12:58:48
1803,403017044,CASTO,BS,2021-09-01 12:58:48
1804,411044013,CASTORANO,AP,2021-09-01 12:58:48
1805,403017045,CASTREZZATO,BS,2021-09-01 12:58:48
1806,416075017,CASTRI DI LECCE,LE,2021-09-01 12:58:48
1807,416075018,CASTRIGNANO DE' GRECI,LE,2021-09-01 12:58:48
1808,416075019,CASTRIGNANO DEL CAPO,LE,2021-09-01 12:58:48
1809,403016065,CASTRO,BG,2021-09-01 12:58:48
1810,416075096,CASTRO,LE,2021-09-01 12:58:48
1811,412060023,CASTRO DEI VOLSCI,FR,2021-09-01 12:58:48
1812,408040005,CASTROCARO TERME E TERRA DEL SOLE,FO,2021-09-01 12:58:48
1813,412060022,CASTROCIELO,FR,2021-09-01 12:58:48
1814,419084013,CASTROFILIPPO,AG,2021-09-01 12:58:48
1815,418078031,CASTROLIBERO,CS,2021-09-01 12:58:48
1816,403012047,CASTRONNO,VA,2021-09-01 12:58:48
1817,419082025,CASTRONOVO DI SICILIA,PA,2021-09-01 12:58:48
1818,417076026,CASTRONUOVO DI SANT'ANDREA,PZ,2021-09-01 12:58:48
1819,414070016,CASTROPIGNANO,CB,2021-09-01 12:58:48
1820,419083016,CASTROREALE,ME,2021-09-01 12:58:48
1821,418078032,CASTROREGIO,CS,2021-09-01 12:58:48
1822,418078033,CASTROVILLARI,CS,2021-09-01 12:58:48
1823,419087015,CATANIA,CT,2021-09-01 12:58:48
1824,418079023,CATANZARO,CZ,2021-09-01 12:58:48
1825,419086006,CATENANUOVA,EN,2021-09-01 12:58:48
1826,413068010,CATIGNANO,PE,2021-09-01 12:58:48
1827,408099002,CATTOLICA,RN,2021-09-01 12:58:48
1828,419084014,CATTOLICA ERACLEA,AG,2021-09-01 12:58:48
1829,418080025,CAULONIA,RC,2021-09-01 12:58:48
1830,415062021,CAUTANO,BN,2021-09-01 12:58:48
1831,415065037,CAVA DE' TIRRENI,SA,2021-09-01 12:58:48
1832,403018041,CAVA MANARA,PV,2021-09-01 12:58:48
1833,403098016,CAVACURTA,LO,2021-09-01 12:58:48
1834,401096016,CAVAGLIA',BI,2021-09-01 12:58:48
1835,401003044,CAVAGLIETTO,NO,2021-09-01 12:58:48
1836,401003045,CAVAGLIO D'AGOGNA,NO,2021-09-01 12:58:48
1837,401103020,CAVAGLIO-SPOCCIA,VB,2021-09-01 12:58:48
1838,401001069,CAVAGNOLO,TO,2021-09-01 12:58:48
1839,405023023,CAVAION VERONESE,VR,2021-09-01 12:58:48
1840,404022050,CAVALESE,TN,2021-09-01 12:58:48
1841,401004058,CAVALLERLEONE,CN,2021-09-01 12:58:48
1842,401004059,CAVALLERMAGGIORE,CN,2021-09-01 12:58:48
1843,416075020,CAVALLINO,LE,2021-09-01 12:58:48
1844,405027044,CAVALLINO-TREPORTI,VE,2021-09-01 12:58:48
1845,401003047,CAVALLIRIO,NO,2021-09-01 12:58:48
1846,404022051,CAVARENO,TN,2021-09-01 12:58:48
1847,403013062,CAVARGNA,CO,2021-09-01 12:58:48
1848,403012048,CAVARIA CON PREMEZZO,VA,2021-09-01 12:58:48
1849,405027006,CAVARZERE,VE,2021-09-01 12:58:48
1850,405026014,CAVASO DEL TOMBA,TV,2021-09-01 12:58:48
1851,406093012,CAVASSO NUOVO,PN,2021-09-01 12:58:48
1852,401006055,CAVATORE,AL,2021-09-01 12:58:48
1853,406030021,CAVAZZO CARNICO,UD,2021-09-01 12:58:48
1854,412058026,CAVE,RM,2021-09-01 12:58:48
1855,404022052,CAVEDAGO,TN,2021-09-01 12:58:48
1856,404022053,CAVEDINE,TN,2021-09-01 12:58:48
1857,403098017,CAVENAGO D'ADDA,LO,2021-09-01 12:58:48
1858,403108017,CAVENAGO DI BRIANZA,MB,2021-09-01 12:58:48
1859,403016066,CAVERNAGO,BG,2021-09-01 12:58:48
1860,408036009,CAVEZZO,MO,2021-09-01 12:58:48
1861,404022054,CAVIZZANA,TN,2021-09-01 12:58:48
1862,401001070,CAVOUR,TO,2021-09-01 12:58:48
1863,408035017,CAVRIAGO,RE,2021-09-01 12:58:48
1864,403020018,CAVRIANA,MN,2021-09-01 12:58:48
1865,409051013,CAVRIGLIA,AR,2021-09-01 12:58:48
1866,403012049,CAZZAGO BRABBIA,VA,2021-09-01 12:58:48
1867,403017046,CAZZAGO SAN MARTINO,BS,2021-09-01 12:58:48
1868,405023024,CAZZANO DI TRAMIGNA,VR,2021-09-01 12:58:48
1869,403016067,CAZZANO SANT'ANDREA,BG,2021-09-01 12:58:48
1870,412060024,CECCANO,FR,2021-09-01 12:58:48
1871,403018042,CECIMA,PV,2021-09-01 12:58:48
1872,409049007,CECINA,LI,2021-09-01 12:58:48
1873,403017047,CEDEGOLO,BS,2021-09-01 12:58:48
1874,403014016,CEDRASCO,SO,2021-09-01 12:58:48
1875,419082026,CEFALA' DIANA,PA,2021-09-01 12:58:48
1876,419082027,CEFALU',PA,2021-09-01 12:58:48
1877,405027007,CEGGIA,VE,2021-09-01 12:58:48
1878,416074003,CEGLIE MESSAPICA,BR,2021-09-01 12:58:48
1879,413066032,CELANO,AQ,2021-09-01 12:58:48
1880,413069021,CELENZA SUL TRIGNO,CH,2021-09-01 12:58:48
1881,416071018,CELENZA VALFORTORE,FG,2021-09-01 12:58:48
1882,418078034,CELICO,CS,2021-09-01 12:58:48
1883,403019028,CELLA DATI,CR,2021-09-01 12:58:48
1884,401006056,CELLA MONTE,AL,2021-09-01 12:58:48
1885,416072018,CELLAMARE,BA,2021-09-01 12:58:48
1886,418078035,CELLARA,CS,2021-09-01 12:58:48
1887,401005033,CELLARENGO,AT,2021-09-01 12:58:48
1888,403017048,CELLATICA,BS,2021-09-01 12:58:48
1889,415065038,CELLE DI BULGHERIA,SA,2021-09-01 12:58:48
1890,401004060,CELLE DI MACRA,CN,2021-09-01 12:58:48
1891,416071019,CELLE DI SAN VITO,FG,2021-09-01 12:58:48
1892,401005034,CELLE ENOMONDO,AT,2021-09-01 12:58:48
1893,407009022,CELLE LIGURE,SV,2021-09-01 12:58:48
1894,412056019,CELLENO,VT,2021-09-01 12:58:48
1895,412056020,CELLERE,VT,2021-09-01 12:58:48
1896,413067015,CELLINO ATTANASIO,TE,2021-09-01 12:58:48
1897,416074004,CELLINO SAN MARCO,BR,2021-09-01 12:58:48
1898,401002038,CELLIO,VC,2021-09-01 12:58:48
1899,415061102,CELLOLE,CE,2021-09-01 12:58:48
1900,404022241,CEMBRA LISIGNAGO,TN,2021-09-01 12:58:48
1901,418079024,CENADI,CZ,2021-09-01 12:58:48
1902,403016068,CENATE SOPRA,BG,2021-09-01 12:58:49
1903,403016069,CENATE SOTTO,BG,2021-09-01 12:58:49
1904,405025010,CENCENIGHE AGORDINO,BL,2021-09-01 12:58:49
1905,403016070,CENE,BG,2021-09-01 12:58:49
1906,405029014,CENESELLI,RO,2021-09-01 12:58:49
1907,407009023,CENGIO,SV,2021-09-01 12:58:49
1908,401004061,CENTALLO,CN,2021-09-01 12:58:49
1909,408038004,CENTO,FE,2021-09-01 12:58:49
1910,415065039,CENTOLA,SA,2021-09-01 12:58:49
1911,418079025,CENTRACHE,CZ,2021-09-01 12:58:49
1912,419086007,CENTURIPE,EN,2021-09-01 12:58:49
1913,413068011,CEPAGATTI,PE,2021-09-01 12:58:49
1914,415062022,CEPPALONI,BN,2021-09-01 12:58:49
1915,401103021,CEPPO MORELLI,VB,2021-09-01 12:58:49
1916,412060025,CEPRANO,FR,2021-09-01 12:58:49
1917,419086008,CERAMI,EN,2021-09-01 12:58:49
1918,407010014,CERANESI,GE,2021-09-01 12:58:49
1919,401003049,CERANO,NO,2021-09-01 12:58:49
1920,403013063,CERANO D'INTELVI,CO,2021-09-01 12:58:49
1921,403018043,CERANOVA,PV,2021-09-01 12:58:49
1922,415065040,CERASO,SA,2021-09-01 12:58:49
1923,414070017,CERCEMAGGIORE,CB,2021-09-01 12:58:49
1924,401001071,CERCENASCO,TO,2021-09-01 12:58:49
1925,414070018,CERCEPICCOLA,CB,2021-09-01 12:58:49
1926,418078036,CERCHIARA DI CALABRIA,CS,2021-09-01 12:58:49
1927,413066033,CERCHIO,AQ,2021-09-01 12:58:49
1928,403014017,CERCINO,SO,2021-09-01 12:58:49
1929,406030022,CERCIVENTO,UD,2021-09-01 12:58:49
1930,415063026,CERCOLA,NA,2021-09-01 12:58:49
1931,419082028,CERDA,PA,2021-09-01 12:58:49
1932,405023025,CEREA,VR,2021-09-01 12:58:49
1933,405029015,CEREGNANO,RO,2021-09-01 12:58:49
1934,418101006,CERENZIA,KR,2021-09-01 12:58:49
1935,401001072,CERES,TO,2021-09-01 12:58:49
1936,403020019,CERESARA,MN,2021-09-01 12:58:49
1937,401006057,CERESETO,AL,2021-09-01 12:58:49
1938,401004062,CERESOLE ALBA,CN,2021-09-01 12:58:49
1939,401001073,CERESOLE REALE,TO,2021-09-01 12:58:49
1940,403016071,CERETE,BG,2021-09-01 12:58:49
1941,403018044,CERETTO LOMELLINA,PV,2021-09-01 12:58:49
1942,403018045,CERGNAGO,PV,2021-09-01 12:58:49
1943,407009024,CERIALE,SV,2021-09-01 12:58:49
1944,407008016,CERIANA,IM,2021-09-01 12:58:49
1945,403108018,CERIANO LAGHETTO,MB,2021-09-01 12:58:49
1946,408033015,CERIGNALE,PC,2021-09-01 12:58:49
1947,416071020,CERIGNOLA,FG,2021-09-01 12:58:49
1948,418078037,CERISANO,CS,2021-09-01 12:58:49
1949,403013064,CERMENATE,CO,2021-09-01 12:58:49
1950,404021020,CERMES,BZ,2021-09-01 12:58:49
1951,413067016,CERMIGNANO,TE,2021-09-01 12:58:49
1952,403013065,CERNOBBIO,CO,2021-09-01 12:58:49
1953,403097020,CERNUSCO LOMBARDONE,LC,2021-09-01 12:58:49
1954,403015070,CERNUSCO SUL NAVIGLIO,MI,2021-09-01 12:58:49
1955,401096017,CERRETO CASTELLO,BI,2021-09-01 12:58:49
1956,401005035,CERRETO D'ASTI,AT,2021-09-01 12:58:49
1957,411042013,CERRETO D'ESI,AN,2021-09-01 12:58:49
1958,410054010,CERRETO DI SPOLETO,PG,2021-09-01 12:58:49
1959,401006058,CERRETO GRUE,AL,2021-09-01 12:58:49
1960,409048011,CERRETO GUIDI,FI,2021-09-01 12:58:49
1961,412058027,CERRETO LAZIALE,RM,2021-09-01 12:58:49
1962,415062023,CERRETO SANNITA,BN,2021-09-01 12:58:49
1963,401004063,CERRETTO LANGHE,CN,2021-09-01 12:58:49
1964,401006059,CERRINA MONFERRATO,AL,2021-09-01 12:58:49
1965,401096018,CERRIONE,BI,2021-09-01 12:58:49
1966,403015071,CERRO AL LAMBRO,MI,2021-09-01 12:58:49
1967,414094014,CERRO AL VOLTURNO,IS,2021-09-01 12:58:49
1968,403015072,CERRO MAGGIORE,MI,2021-09-01 12:58:49
1969,401005036,CERRO TANARO,AT,2021-09-01 12:58:49
1970,405023026,CERRO VERONESE,VR,2021-09-01 12:58:49
1971,417076027,CERSOSIMO,PZ,2021-09-01 12:58:49
1972,409048012,CERTALDO,FI,2021-09-01 12:58:49
1973,403018046,CERTOSA DI PAVIA,PV,2021-09-01 12:58:49
1974,418079027,CERVA,CZ,2021-09-01 12:58:49
1975,412058028,CERVARA DI ROMA,RM,2021-09-01 12:58:49
1976,405028030,CERVARESE SANTA CROCE,PD,2021-09-01 12:58:49
1977,412060026,CERVARO,FR,2021-09-01 12:58:49
1978,401004064,CERVASCA,CN,2021-09-01 12:58:49
1979,401002041,CERVATTO,VC,2021-09-01 12:58:49
1980,403017049,CERVENO,BS,2021-09-01 12:58:49
1981,401004065,CERVERE,CN,2021-09-01 12:58:49
1982,403018047,CERVESINA,PV,2021-09-01 12:58:49
1983,412058029,CERVETERI,RM,2021-09-01 12:58:49
1984,408039007,CERVIA,RA,2021-09-01 12:58:49
1985,418078038,CERVICATI,CS,2021-09-01 12:58:49
1986,403098018,CERVIGNANO D'ADDA,LO,2021-09-01 12:58:49
1987,406030023,CERVIGNANO DEL FRIULI,UD,2021-09-01 12:58:49
1988,415064025,CERVINARA,AV,2021-09-01 12:58:49
1989,415061028,CERVINO,CE,2021-09-01 12:58:49
1990,407008017,CERVO,IM,2021-09-01 12:58:49
1991,418078039,CERZETO,CS,2021-09-01 12:58:49
1992,415061029,CESA,CE,2021-09-01 12:58:49
1993,403097021,CESANA BRIANZA,LC,2021-09-01 12:58:49
1994,401001074,CESANA TORINESE,TO,2021-09-01 12:58:49
1995,403015074,CESANO BOSCONE,MI,2021-09-01 12:58:49
1996,403108019,CESANO MADERNO,MB,2021-09-01 12:58:49
1997,401103022,CESARA,VB,2021-09-01 12:58:49
1998,419083017,CESARO',ME,2021-09-01 12:58:49
1999,403015076,CESATE,MI,2021-09-01 12:58:49
2000,408040007,CESENA,FO,2021-09-01 12:58:49
2001,408040008,CESENATICO,FO,2021-09-01 12:58:49
2002,415064026,CESINALI,AV,2021-09-01 12:58:49
2003,407008018,CESIO,IM,2021-09-01 12:58:49
2004,405025011,CESIOMAGGIORE,BL,2021-09-01 12:58:49
2005,405026015,CESSALTO,TV,2021-09-01 12:58:49
2006,418102006,CESSANITI,VV,2021-09-01 12:58:49
2007,411043011,CESSAPALOMBO,MC,2021-09-01 12:58:49
2008,401005037,CESSOLE,AT,2021-09-01 12:58:49
2009,415065041,CETARA,SA,2021-09-01 12:58:49
2010,403017050,CETO,BS,2021-09-01 12:58:49
2011,409052008,CETONA,SI,2021-09-01 12:58:49
2012,418078040,CETRARO,CS,2021-09-01 12:58:49
2013,401004066,CEVA,CN,2021-09-01 12:58:49
2014,403017051,CEVO,BS,2021-09-01 12:58:49
2015,402007013,CHALLAND-SAINT-ANSELME,AO,2021-09-01 12:58:49
2016,402007014,CHALLAND-SAINT-VICTOR,AO,2021-09-01 12:58:49
2017,402007015,CHAMBAVE,AO,2021-09-01 12:58:49
2018,402007016,CHAMOIS,AO,2021-09-01 12:58:49
2019,402007017,CHAMPDEPRAZ,AO,2021-09-01 12:58:49
2020,402007018,CHAMPORCHER,AO,2021-09-01 12:58:50
2021,402007019,CHARVENSOD,AO,2021-09-01 12:58:50
2022,402007020,CHATILLON,AO,2021-09-01 12:58:50
2023,401004067,CHERASCO,CN,2021-09-01 12:58:50
2024,420090024,CHEREMULE,SS,2021-09-01 12:58:50
2025,401001075,CHIALAMBERTO,TO,2021-09-01 12:58:50
2026,405024029,CHIAMPO,VI,2021-09-01 12:58:50
2027,415064027,CHIANCHE,AV,2021-09-01 12:58:50
2028,409052009,CHIANCIANO TERME,SI,2021-09-01 12:58:50
2029,409050012,CHIANNI,PI,2021-09-01 12:58:50
2030,401001076,CHIANOCCO,TO,2021-09-01 12:58:50
2031,419088002,CHIARAMONTE GULFI,RG,2021-09-01 12:58:50
2032,420090025,CHIARAMONTI,SS,2021-09-01 12:58:50
2033,405026016,CHIARANO,TV,2021-09-01 12:58:50
2034,411042014,CHIARAVALLE,AN,2021-09-01 12:58:50
2035,418079029,CHIARAVALLE CENTRALE,CZ,2021-09-01 12:58:50
2036,403017052,CHIARI,BS,2021-09-01 12:58:50
2037,417076028,CHIAROMONTE,PZ,2021-09-01 12:58:50
2038,414094015,CHIAUCI,IS,2021-09-01 12:58:50
2039,407010015,CHIAVARI,GE,2021-09-01 12:58:50
2040,403014018,CHIAVENNA,SO,2021-09-01 12:58:50
2041,401001077,CHIAVERANO,TO,2021-09-01 12:58:50
2042,404021021,CHIENES,BZ,2021-09-01 12:58:50
2043,401001078,CHIERI,TO,2021-09-01 12:58:50
2044,405025012,CHIES D'ALPAGO,BL,2021-09-01 12:58:50
2045,403014019,CHIESA IN VALMALENCO,SO,2021-09-01 12:58:50
2046,401001079,CHIESANUOVA,TO,2021-09-01 12:58:50
2047,409047022,CHIESINA UZZANESE,PT,2021-09-01 12:58:50
2048,413069022,CHIETI,CH,2021-09-01 12:58:50
2049,416071021,CHIEUTI,FG,2021-09-01 12:58:50
2050,403019029,CHIEVE,CR,2021-09-01 12:58:50
2051,403016072,CHIGNOLO D'ISOLA,BG,2021-09-01 12:58:50
2052,403018048,CHIGNOLO PO,PV,2021-09-01 12:58:50
2053,405027008,CHIOGGIA,VE,2021-09-01 12:58:50
2054,401001080,CHIOMONTE,TO,2021-09-01 12:58:50
2055,406093013,CHIONS,PN,2021-09-01 12:58:50
2056,406030024,CHIOPRIS VISCONE,UD,2021-09-01 12:58:50
2057,409051014,CHITIGNANO,AR,2021-09-01 12:58:50
2058,403016073,CHIUDUNO,BG,2021-09-01 12:58:50
2059,405024030,CHIUPPANO,VI,2021-09-01 12:58:50
2060,403014020,CHIURO,SO,2021-09-01 12:58:50
2061,404021022,CHIUSA,BZ,2021-09-01 12:58:50
2062,401004068,CHIUSA DI PESIO,CN,2021-09-01 12:58:50
2063,401001081,CHIUSA DI SAN MICHELE,TO,2021-09-01 12:58:50
2064,419082029,CHIUSA SCLAFANI,PA,2021-09-01 12:58:50
2065,406030025,CHIUSAFORTE,UD,2021-09-01 12:58:50
2066,407008019,CHIUSANICO,IM,2021-09-01 12:58:50
2067,401005038,CHIUSANO D'ASTI,AT,2021-09-01 12:58:50
2068,415064028,CHIUSANO DI SAN DOMENICO,AV,2021-09-01 12:58:50
2069,407008020,CHIUSAVECCHIA,IM,2021-09-01 12:58:50
2070,409052010,CHIUSDINO,SI,2021-09-01 12:58:50
2071,409052011,CHIUSI,SI,2021-09-01 12:58:50
2072,409051015,CHIUSI DELLA VERNA,AR,2021-09-01 12:58:50
2073,401001082,CHIVASSO,TO,2021-09-01 12:58:50
2074,412058118,CIAMPINO,RM,2021-09-01 12:58:50
2075,419084015,CIANCIANA,AG,2021-09-01 12:58:50
2076,405025013,CIBIANA DI CADORE,BL,2021-09-01 12:58:50
2077,407010016,CICAGNA,GE,2021-09-01 12:58:50
2078,418079030,CICALA,CZ,2021-09-01 12:58:50
2079,415063027,CICCIANO,NA,2021-09-01 12:58:50
2080,415065042,CICERALE,SA,2021-09-01 12:58:50
2081,412058030,CICILIANO,RM,2021-09-01 12:58:50
2082,403019030,CICOGNOLO,CR,2021-09-01 12:58:50
2083,401001083,CICONIO,TO,2021-09-01 12:58:50
2084,401002042,CIGLIANO,VC,2021-09-01 12:58:50
2085,401004069,CIGLIE',CN,2021-09-01 12:58:50
2086,403018049,CIGOGNOLA,PV,2021-09-01 12:58:50
2087,403017053,CIGOLE,BS,2021-09-01 12:58:50
2088,403018050,CILAVEGNA,PV,2021-09-01 12:58:50
2089,405026017,CIMADOLMO,TV,2021-09-01 12:58:50
2090,403017054,CIMBERGO,BS,2021-09-01 12:58:50
2091,418080026,CIMINA',RC,2021-09-01 12:58:50
2092,419082030,CIMINNA,PA,2021-09-01 12:58:50
2093,415063028,CIMITILE,NA,2021-09-01 12:58:50
2094,406093014,CIMOLAIS,PN,2021-09-01 12:58:50
2095,404022058,CIMONE,TN,2021-09-01 12:58:50
2096,401005039,CINAGLIO,AT,2021-09-01 12:58:50
2097,412058031,CINETO ROMANO,RM,2021-09-01 12:58:50
2098,403019031,CINGIA DE' BOTTI,CR,2021-09-01 12:58:50
2099,411043012,CINGOLI,MC,2021-09-01 12:58:50
2100,409053007,CINIGIANO,GR,2021-09-01 12:58:50
2101,403015077,CINISELLO BALSAMO,MI,2021-09-01 12:58:50
2102,419082031,CINISI,PA,2021-09-01 12:58:50
2103,403014021,CINO,SO,2021-09-01 12:58:50
2104,418080027,CINQUEFRONDI,RC,2021-09-01 12:58:50
2105,401001084,CINTANO,TO,2021-09-01 12:58:50
2106,404022059,CINTE TESINO,TN,2021-09-01 12:58:50
2107,405027009,CINTO CAOMAGGIORE,VE,2021-09-01 12:58:50
2108,405028031,CINTO EUGANEO,PD,2021-09-01 12:58:50
2109,401001085,CINZANO,TO,2021-09-01 12:58:50
2110,415061030,CIORLANO,CE,2021-09-01 12:58:50
2111,407008021,CIPRESSA,IM,2021-09-01 12:58:50
2112,415062024,CIRCELLO,BN,2021-09-01 12:58:50
2113,401001086,CIRIE',TO,2021-09-01 12:58:50
2114,417077005,CIRIGLIANO,MT,2021-09-01 12:58:50
2115,403013068,CIRIMIDO,CO,2021-09-01 12:58:50
2116,418101007,CIRO',KR,2021-09-01 12:58:50
2117,418101008,CIRO' MARINA,KR,2021-09-01 12:58:50
2118,404022060,CIS,TN,2021-09-01 12:58:50
2119,403016074,CISANO BERGAMASCO,BG,2021-09-01 12:58:50
2120,407009025,CISANO SUL NEVA,SV,2021-09-01 12:58:50
2121,403016075,CISERANO,BG,2021-09-01 12:58:50
2122,403012050,CISLAGO,VA,2021-09-01 12:58:50
2123,403015078,CISLIANO,MI,2021-09-01 12:58:50
2124,405024031,CISMON DEL GRAPPA,VI,2021-09-01 12:58:50
2125,405026018,CISON DI VALMARINO,TV,2021-09-01 12:58:50
2126,401004070,CISSONE,CN,2021-09-01 12:58:50
2127,401005040,CISTERNA D'ASTI,AT,2021-09-01 12:58:50
2128,412059005,CISTERNA DI LATINA,LT,2021-09-01 12:58:50
2129,416074005,CISTERNINO,BR,2021-09-01 12:58:50
2130,410054011,CITERNA,PG,2021-09-01 12:58:50
2131,410054012,CITTA' DELLA PIEVE,PG,2021-09-01 12:58:50
2132,410054013,CITTA' DI CASTELLO,PG,2021-09-01 12:58:50
2133,413068012,CITTA' SANT'ANGELO,PE,2021-09-01 12:58:50
2134,405028032,CITTADELLA,PD,2021-09-01 12:58:50
2135,412057016,CITTADUCALE,RI,2021-09-01 12:58:50
2136,418080028,CITTANOVA,RC,2021-09-01 12:58:50
2137,412057017,CITTAREALE,RI,2021-09-01 12:58:50
2138,403012051,CITTIGLIO,VA,2021-09-01 12:58:51
2139,403097022,CIVATE,LC,2021-09-01 12:58:51
2140,407008022,CIVEZZA,IM,2021-09-01 12:58:51
2141,404022061,CIVEZZANO,TN,2021-09-01 12:58:51
2142,401002043,CIVIASCO,VC,2021-09-01 12:58:51
2143,406030026,CIVIDALE DEL FRIULI,UD,2021-09-01 12:58:51
2144,403016076,CIVIDATE AL PIANO,BG,2021-09-01 12:58:51
2145,403017055,CIVIDATE CAMUNO,BS,2021-09-01 12:58:51
2146,418078041,CIVITA,CS,2021-09-01 12:58:51
2147,412056021,CIVITA CASTELLANA,VT,2021-09-01 12:58:51
2148,413066034,CIVITA D'ANTINO,AQ,2021-09-01 12:58:51
2149,414070019,CIVITACAMPOMARANO,CB,2021-09-01 12:58:51
2150,413069023,CIVITALUPARELLA,CH,2021-09-01 12:58:51
2151,414094016,CIVITANOVA DEL SANNIO,IS,2021-09-01 12:58:51
2152,411043013,CIVITANOVA MARCHE,MC,2021-09-01 12:58:51
2153,413068013,CIVITAQUANA,PE,2021-09-01 12:58:51
2154,412058032,CIVITAVECCHIA,RM,2021-09-01 12:58:51
2155,413066035,CIVITELLA ALFEDENA,AQ,2021-09-01 12:58:51
2156,413068014,CIVITELLA CASANOVA,PE,2021-09-01 12:58:51
2157,412056022,CIVITELLA D'AGLIANO,VT,2021-09-01 12:58:51
2158,413067017,CIVITELLA DEL TRONTO,TE,2021-09-01 12:58:51
2159,408040009,CIVITELLA DI ROMAGNA,FO,2021-09-01 12:58:51
2160,409051016,CIVITELLA IN VAL DI CHIANA,AR,2021-09-01 12:58:51
2161,413069024,CIVITELLA MESSER RAIMONDO,CH,2021-09-01 12:58:51
2162,409053008,CIVITELLA PAGANICO,GR,2021-09-01 12:58:51
2163,413066036,CIVITELLA ROVETO,AQ,2021-09-01 12:58:51
2164,412058033,CIVITELLA SAN PAOLO,RM,2021-09-01 12:58:51
2165,403014022,CIVO,SO,2021-09-01 12:58:51
2166,403013071,CLAINO CON OSTENO,CO,2021-09-01 12:58:51
2167,406093015,CLAUT,PN,2021-09-01 12:58:51
2168,406093016,CLAUZETTO,PN,2021-09-01 12:58:51
2169,401004071,CLAVESANA,CN,2021-09-01 12:58:51
2170,401001087,CLAVIERE,TO,2021-09-01 12:58:51
2171,404022062,CLES,TN,2021-09-01 12:58:51
2172,418078042,CLETO,CS,2021-09-01 12:58:51
2173,403012052,CLIVIO,VA,2021-09-01 12:58:51
2174,404022063,CLOZ,TN,2021-09-01 12:58:51
2175,403016077,CLUSONE,BG,2021-09-01 12:58:51
2176,401001088,COASSOLO TORINESE,TO,2021-09-01 12:58:51
2177,401001089,COAZZE,TO,2021-09-01 12:58:51
2178,401005041,COAZZOLO,AT,2021-09-01 12:58:51
2179,403017056,COCCAGLIO,BS,2021-09-01 12:58:51
2180,401005042,COCCONATO,AT,2021-09-01 12:58:51
2181,403012053,COCQUIO-TREVISAGO,VA,2021-09-01 12:58:51
2182,413066037,COCULLO,AQ,2021-09-01 12:58:51
2183,405028033,CODEVIGO,PD,2021-09-01 12:58:51
2184,403018051,CODEVILLA,PV,2021-09-01 12:58:51
2185,408038005,CODIGORO,FE,2021-09-01 12:58:51
2186,405026019,CODOGNE',TV,2021-09-01 12:58:51
2187,403098019,CODOGNO,LO,2021-09-01 12:58:51
2188,406030027,CODROIPO,UD,2021-09-01 12:58:51
2189,420090026,CODRONGIANOS,SS,2021-09-01 12:58:51
2190,401096019,COGGIOLA,BI,2021-09-01 12:58:51
2191,403108020,COGLIATE,MB,2021-09-01 12:58:51
2192,402007021,COGNE,AO,2021-09-01 12:58:51
2193,407010017,COGOLETO,GE,2021-09-01 12:58:51
2194,405024032,COGOLLO DEL CENGIO,VI,2021-09-01 12:58:51
2195,407010018,COGORNO,GE,2021-09-01 12:58:51
2196,401003051,COLAZZA,NO,2021-09-01 12:58:51
2197,403016078,COLERE,BG,2021-09-01 12:58:51
2198,412060027,COLFELICE,FR,2021-09-01 12:58:51
2199,408033016,COLI,PC,2021-09-01 12:58:51
2200,403097023,COLICO,LC,2021-09-01 12:58:51
2201,412057018,COLLALTO SABINO,RI,2021-09-01 12:58:51
2202,413066038,COLLARMELE,AQ,2021-09-01 12:58:51
2203,410054014,COLLAZZONE,PG,2021-09-01 12:58:51
2204,403097024,COLLE BRIANZA,LC,2021-09-01 12:58:51
2205,414070020,COLLE D'ANCHISE,CB,2021-09-01 12:58:51
2206,412057019,COLLE DI TORA,RI,2021-09-01 12:58:51
2207,409052012,COLLE DI VAL D'ELSA,SI,2021-09-01 12:58:51
2208,412060029,COLLE SAN MAGNO,FR,2021-09-01 12:58:51
2209,415062025,COLLE SANNITA,BN,2021-09-01 12:58:51
2210,405025014,COLLE SANTA LUCIA,BL,2021-09-01 12:58:51
2211,405026020,COLLE UMBERTO,TV,2021-09-01 12:58:51
2212,403017057,COLLEBEATO,BS,2021-09-01 12:58:51
2213,408034009,COLLECCHIO,PR,2021-09-01 12:58:51
2214,413068015,COLLECORVINO,PE,2021-09-01 12:58:51
2215,413067018,COLLEDARA,TE,2021-09-01 12:58:51
2216,413069025,COLLEDIMACINE,CH,2021-09-01 12:58:51
2217,413069026,COLLEDIMEZZO,CH,2021-09-01 12:58:51
2218,412058034,COLLEFERRO,RM,2021-09-01 12:58:51
2219,412057020,COLLEGIOVE,RI,2021-09-01 12:58:51
2220,401001090,COLLEGNO,TO,2021-09-01 12:58:51
2221,413066039,COLLELONGO,AQ,2021-09-01 12:58:51
2222,412060028,COLLEPARDO,FR,2021-09-01 12:58:51
2223,416075021,COLLEPASSO,LE,2021-09-01 12:58:51
2224,413066040,COLLEPIETRO,AQ,2021-09-01 12:58:51
2225,401001091,COLLERETTO CASTELNUOVO,TO,2021-09-01 12:58:51
2226,401001092,COLLERETTO GIACOSA,TO,2021-09-01 12:58:51
2227,409049008,COLLESALVETTI,LI,2021-09-01 12:58:51
2228,419082032,COLLESANO,PA,2021-09-01 12:58:51
2229,414070021,COLLETORTO,CB,2021-09-01 12:58:51
2230,412057021,COLLEVECCHIO,RI,2021-09-01 12:58:51
2231,414094017,COLLI A VOLTURNO,IS,2021-09-01 12:58:51
2232,411041069,COLLI AL METAURO,PS,2021-09-01 12:58:51
2233,411044014,COLLI DEL TRONTO,AP,2021-09-01 12:58:51
2234,412057022,COLLI SUL VELINO,RI,2021-09-01 12:58:51
2235,415065043,COLLIANO,SA,2021-09-01 12:58:51
2236,420092014,COLLINAS,CA,2021-09-01 12:58:51
2237,403017058,COLLIO,BS,2021-09-01 12:58:51
2238,401002045,COLLOBIANO,VC,2021-09-01 12:58:51
2239,406030028,COLLOREDO DI MONTE ALBANO,UD,2021-09-01 12:58:51
2240,411043014,COLMURANO,MC,2021-09-01 12:58:51
2241,417077006,COLOBRARO,MT,2021-09-01 12:58:51
2242,405023027,COLOGNA VENETA,VR,2021-09-01 12:58:51
2243,403017059,COLOGNE,BS,2021-09-01 12:58:51
2244,403016079,COLOGNO AL SERIO,BG,2021-09-01 12:58:51
2245,403015081,COLOGNO MONZESE,MI,2021-09-01 12:58:51
2246,405023028,COLOGNOLA AI COLLI,VR,2021-09-01 12:58:51
2247,412058035,COLONNA,RM,2021-09-01 12:58:51
2248,413067019,COLONNELLA,TE,2021-09-01 12:58:51
2249,403013074,COLONNO,CO,2021-09-01 12:58:51
2250,403014023,COLORINA,SO,2021-09-01 12:58:51
2251,408034010,COLORNO,PR,2021-09-01 12:58:51
2252,418078043,COLOSIMI,CS,2021-09-01 12:58:52
2253,403015082,COLTURANO,MI,2021-09-01 12:58:52
2254,403013251,COLVERDE,CO,2021-09-01 12:58:52
2255,403016080,COLZATE,BG,2021-09-01 12:58:52
2256,403012054,COMABBIO,VA,2021-09-01 12:58:52
2257,408038006,COMACCHIO,FE,2021-09-01 12:58:52
2258,409045005,COMANO,MS,2021-09-01 12:58:52
2259,404022228,COMANO TERME,TN,2021-09-01 12:58:52
2260,403098020,COMAZZO,LO,2021-09-01 12:58:52
2261,406030029,COMEGLIANS,UD,2021-09-01 12:58:52
2262,405025015,COMELICO SUPERIORE,BL,2021-09-01 12:58:52
2263,403012055,COMERIO,VA,2021-09-01 12:58:52
2264,403017060,COMEZZANO-CIZZAGO,BS,2021-09-01 12:58:52
2265,401003052,COMIGNAGO,NO,2021-09-01 12:58:52
2266,419088003,COMISO,RG,2021-09-01 12:58:52
2267,419084016,COMITINI,AG,2021-09-01 12:58:52
2268,415063029,COMIZIANO,NA,2021-09-01 12:58:52
2269,403020020,COMMESSAGGIO,MN,2021-09-01 12:58:52
2270,404022064,COMMEZZADURA,TN,2021-09-01 12:58:52
2271,403013075,COMO,CO,2021-09-01 12:58:52
2272,408034011,COMPIANO,PR,2021-09-01 12:58:52
2273,403016081,COMUN NUOVO,BG,2021-09-01 12:58:52
2274,411044015,COMUNANZA,AP,2021-09-01 12:58:52
2275,405027010,CONA,VE,2021-09-01 12:58:52
2276,414094018,CONCA CASALE,IS,2021-09-01 12:58:52
2277,415065044,CONCA DEI MARINI,SA,2021-09-01 12:58:52
2278,415061031,CONCA DELLA CAMPANIA,CE,2021-09-01 12:58:52
2279,405023029,CONCAMARISE,VR,2021-09-01 12:58:52
2280,412057023,CONCERVIANO,RI,2021-09-01 12:58:52
2281,403017061,CONCESIO,BS,2021-09-01 12:58:52
2282,405024033,CONCO,VI,2021-09-01 12:58:52
2283,405027011,CONCORDIA SAGITTARIA,VE,2021-09-01 12:58:52
2284,408036010,CONCORDIA SULLA SECCHIA,MO,2021-09-01 12:58:52
2285,403108021,CONCOREZZO,MB,2021-09-01 12:58:52
2286,418080029,CONDOFURI,RC,2021-09-01 12:58:52
2287,401001093,CONDOVE,TO,2021-09-01 12:58:52
2288,419083018,CONDRO',ME,2021-09-01 12:58:52
2289,405026021,CONEGLIANO,TV,2021-09-01 12:58:52
2290,403018052,CONFIENZA,PV,2021-09-01 12:58:52
2291,412057024,CONFIGNI,RI,2021-09-01 12:58:52
2292,418079033,CONFLENTI,CZ,2021-09-01 12:58:52
2293,401006060,CONIOLO,AL,2021-09-01 12:58:52
2294,408039008,CONSELICE,RA,2021-09-01 12:58:52
2295,405028034,CONSELVE,PD,2021-09-01 12:58:52
2296,404022242,CONTA',TN,2021-09-01 12:58:52
2297,419082033,CONTESSA ENTELLINA,PA,2021-09-01 12:58:52
2298,412057025,CONTIGLIANO,RI,2021-09-01 12:58:52
2299,415064029,CONTRADA,AV,2021-09-01 12:58:52
2300,413067020,CONTROGUERRA,TE,2021-09-01 12:58:52
2301,415065045,CONTRONE,SA,2021-09-01 12:58:52
2302,415065046,CONTURSI,SA,2021-09-01 12:58:52
2303,416072019,CONVERSANO,BA,2021-09-01 12:58:52
2304,415064030,CONZA DELLA CAMPANIA,AV,2021-09-01 12:58:52
2305,401006061,CONZANO,AL,2021-09-01 12:58:52
2306,416075022,COPERTINO,LE,2021-09-01 12:58:52
2307,403018053,COPIANO,PV,2021-09-01 12:58:52
2308,408038007,COPPARO,FE,2021-09-01 12:58:52
2309,403018054,CORANA,PV,2021-09-01 12:58:52
2310,416072020,CORATO,BA,2021-09-01 12:58:52
2311,415065047,CORBARA,SA,2021-09-01 12:58:52
2312,403015085,CORBETTA,MI,2021-09-01 12:58:52
2313,405029017,CORBOLA,RO,2021-09-01 12:58:52
2314,412056023,CORCHIANO,VT,2021-09-01 12:58:52
2315,410054015,CORCIANO,PG,2021-09-01 12:58:52
2316,406093017,CORDENONS,PN,2021-09-01 12:58:52
2317,405026022,CORDIGNANO,TV,2021-09-01 12:58:52
2318,406093018,CORDOVADO,PN,2021-09-01 12:58:52
2319,409046011,COREGLIA ANTELMINELLI,LU,2021-09-01 12:58:52
2320,407010019,COREGLIA LIGURE,GE,2021-09-01 12:58:52
2321,412060030,CORENO AUSONIO,FR,2021-09-01 12:58:52
2322,413066041,CORFINIO,AQ,2021-09-01 12:58:52
2323,412059006,CORI,LT,2021-09-01 12:58:52
2324,408099003,CORIANO,RN,2021-09-01 12:58:52
2325,418078044,CORIGLIANO CALABRO,CS,2021-09-01 12:58:52
2326,416075023,CORIGLIANO D'OTRANTO,LE,2021-09-01 12:58:52
2327,411042015,CORINALDO,AN,2021-09-01 12:58:52
2328,401001094,CORIO,TO,2021-09-01 12:58:52
2329,419082034,CORLEONE,PA,2021-09-01 12:58:52
2330,415065048,CORLETO MONFORTE,SA,2021-09-01 12:58:52
2331,417076029,CORLETO PERTICARA,PZ,2021-09-01 12:58:52
2332,403015086,CORMANO,MI,2021-09-01 12:58:52
2333,406031002,CORMONS,GO,2021-09-01 12:58:52
2334,403016082,CORNA IMAGNA,BG,2021-09-01 12:58:52
2335,403016249,CORNALBA,BG,2021-09-01 12:58:52
2336,403018191,CORNALE E BASTIDA,PV,2021-09-01 12:58:52
2337,403015087,CORNAREDO,MI,2021-09-01 12:58:52
2338,403108053,CORNATE D'ADDA,MB,2021-09-01 12:58:52
2339,404021023,CORNEDO ALL'ISARCO,BZ,2021-09-01 12:58:52
2340,405024034,CORNEDO VICENTINO,VI,2021-09-01 12:58:52
2341,403098021,CORNEGLIANO LAUDENSE,LO,2021-09-01 12:58:52
2342,401004072,CORNELIANO D'ALBA,CN,2021-09-01 12:58:52
2343,408034012,CORNIGLIO,PR,2021-09-01 12:58:52
2344,406030030,CORNO DI ROSAZZO,UD,2021-09-01 12:58:52
2345,403098022,CORNO GIOVINE,LO,2021-09-01 12:58:52
2346,403098023,CORNOVECCHIO,LO,2021-09-01 12:58:52
2347,405026023,CORNUDA,TV,2021-09-01 12:58:52
2348,408035020,CORREGGIO,RE,2021-09-01 12:58:52
2349,403108022,CORREZZANA,MB,2021-09-01 12:58:52
2350,405028035,CORREZZOLA,PD,2021-09-01 12:58:52
2351,403013077,CORRIDO,CO,2021-09-01 12:58:52
2352,411043015,CORRIDONIA,MC,2021-09-01 12:58:52
2353,413067021,CORROPOLI,TE,2021-09-01 12:58:52
2354,416075024,CORSANO,LE,2021-09-01 12:58:52
2355,403015093,CORSICO,MI,2021-09-01 12:58:52
2356,401005044,CORSIONE,AT,2021-09-01 12:58:52
2357,404021024,CORTACCIA SULLA STRADA DEL VINO,BZ,2021-09-01 12:58:52
2358,418079034,CORTALE,CZ,2021-09-01 12:58:52
2359,401005045,CORTANDONE,AT,2021-09-01 12:58:52
2360,401005046,CORTANZE,AT,2021-09-01 12:58:52
2361,401005047,CORTAZZONE,AT,2021-09-01 12:58:52
2362,408033017,CORTE BRUGNATELLA,PC,2021-09-01 12:58:52
2363,403019032,CORTE DE' CORTESI CON CIGNONE,CR,2021-09-01 12:58:52
2364,403019033,CORTE DE' FRATI,CR,2021-09-01 12:58:52
2365,403017062,CORTE FRANCA,BS,2021-09-01 12:58:52
2366,403098024,CORTE PALASIO,LO,2021-09-01 12:58:52
2367,408033018,CORTEMAGGIORE,PC,2021-09-01 12:58:52
2368,401004073,CORTEMILIA,CN,2021-09-01 12:58:52
2369,403017063,CORTENO GOLGI,BS,2021-09-01 12:58:52
2370,403097025,CORTENOVA,LC,2021-09-01 12:58:52
2371,403016083,CORTENUOVA,BG,2021-09-01 12:58:53
2372,403018192,CORTEOLONA E GENZONE,PV,2021-09-01 12:58:53
2373,401005048,CORTIGLIONE,AT,2021-09-01 12:58:53
2374,405025016,CORTINA D'AMPEZZO,BL,2021-09-01 12:58:53
2375,404021025,CORTINA SULLA STRADA DEL VINO,BZ,2021-09-01 12:58:53
2376,413067022,CORTINO,TE,2021-09-01 12:58:53
2377,409051017,CORTONA,AR,2021-09-01 12:58:53
2378,413068016,CORVARA,PE,2021-09-01 12:58:53
2379,404021026,CORVARA IN BADIA,BZ,2021-09-01 12:58:53
2380,403018057,CORVINO SAN QUIRICO,PV,2021-09-01 12:58:53
2381,403017064,CORZANO,BS,2021-09-01 12:58:53
2382,406030031,COSEANO,UD,2021-09-01 12:58:53
2383,418078045,COSENZA,CS,2021-09-01 12:58:53
2384,407008023,COSIO D'ARROSCIA,IM,2021-09-01 12:58:53
2385,403014024,COSIO VALTELLINO,SO,2021-09-01 12:58:53
2386,418080030,COSOLETO,RC,2021-09-01 12:58:53
2387,401004074,COSSANO BELBO,CN,2021-09-01 12:58:53
2388,401001095,COSSANO CANAVESE,TO,2021-09-01 12:58:53
2389,401096020,COSSATO,BI,2021-09-01 12:58:53
2390,407009026,COSSERIA,SV,2021-09-01 12:58:53
2391,411044016,COSSIGNANO,AP,2021-09-01 12:58:53
2392,401103023,COSSOGNO,VB,2021-09-01 12:58:53
2393,420090027,COSSOINE,SS,2021-09-01 12:58:53
2394,401005049,COSSOMBRATO,AT,2021-09-01 12:58:53
2395,403018058,COSTA DE' NOBILI,PV,2021-09-01 12:58:53
2396,403016084,COSTA DI MEZZATE,BG,2021-09-01 12:58:53
2397,405029018,COSTA DI ROVIGO,RO,2021-09-01 12:58:53
2398,403097026,COSTA MASNAGA,LC,2021-09-01 12:58:53
2399,403016247,COSTA SERINA,BG,2021-09-01 12:58:53
2400,403016085,COSTA VALLE IMAGNA,BG,2021-09-01 12:58:53
2401,401006062,COSTA VESCOVATO,AL,2021-09-01 12:58:53
2402,403016086,COSTA VOLPINO,BG,2021-09-01 12:58:53
2403,405024035,COSTABISSARA,VI,2021-09-01 12:58:53
2404,410054016,COSTACCIARO,PG,2021-09-01 12:58:53
2405,401002047,COSTANZANA,VC,2021-09-01 12:58:53
2406,407008024,COSTARAINERA,IM,2021-09-01 12:58:53
2407,405023030,COSTERMANO,VR,2021-09-01 12:58:53
2408,401005050,COSTIGLIOLE D'ASTI,AT,2021-09-01 12:58:53
2409,401004075,COSTIGLIOLE SALUZZO,CN,2021-09-01 12:58:53
2410,408039009,COTIGNOLA,RA,2021-09-01 12:58:53
2411,418101009,COTRONEI,KR,2021-09-01 12:58:53
2412,412057026,COTTANELLO,RI,2021-09-01 12:58:53
2413,402007022,COURMAYEUR,AO,2021-09-01 12:58:53
2414,403016087,COVO,BG,2021-09-01 12:58:53
2415,403018059,COZZO,PV,2021-09-01 12:58:53
2416,417077007,CRACO,MT,2021-09-01 12:58:53
2417,403097027,CRANDOLA VALSASSINA,LC,2021-09-01 12:58:53
2418,401002048,CRAVAGLIANA,VC,2021-09-01 12:58:53
2419,401004076,CRAVANZANA,CN,2021-09-01 12:58:53
2420,401103024,CRAVEGGIA,VB,2021-09-01 12:58:53
2421,405024036,CREAZZO,VI,2021-09-01 12:58:53
2422,413069027,CRECCHIO,CH,2021-09-01 12:58:53
2423,403016088,CREDARO,BG,2021-09-01 12:58:53
2424,403019034,CREDERA RUBBIANO,CR,2021-09-01 12:58:53
2425,403019035,CREMA,CR,2021-09-01 12:58:53
2426,403097028,CREMELLA,LC,2021-09-01 12:58:53
2427,403012056,CREMENAGA,VA,2021-09-01 12:58:53
2428,403097029,CREMENO,LC,2021-09-01 12:58:53
2429,403013083,CREMIA,CO,2021-09-01 12:58:53
2430,401006063,CREMOLINO,AL,2021-09-01 12:58:53
2431,403019036,CREMONA,CR,2021-09-01 12:58:53
2432,403019037,CREMOSANO,CR,2021-09-01 12:58:53
2433,401002049,CRESCENTINO,VC,2021-09-01 12:58:53
2434,405024037,CRESPADORO,VI,2021-09-01 12:58:53
2435,405026024,CRESPANO DEL GRAPPA,TV,2021-09-01 12:58:53
2436,403098025,CRESPIATICA,LO,2021-09-01 12:58:53
2437,409050041,CRESPINA LORENZANA,PI,2021-09-01 12:58:53
2438,405029019,CRESPINO,RO,2021-09-01 12:58:53
2439,401003055,CRESSA,NO,2021-09-01 12:58:53
2440,401096021,CREVACUORE,BI,2021-09-01 12:58:53
2441,408037024,CREVALCORE,BO,2021-09-01 12:58:53
2442,401103025,CREVOLADOSSOLA,VB,2021-09-01 12:58:53
2443,415063030,CRISPANO,NA,2021-09-01 12:58:53
2444,416073004,CRISPIANO,TA,2021-09-01 12:58:53
2445,401004077,CRISSOLO,CN,2021-09-01 12:58:53
2446,407010020,CROCEFIESCHI,GE,2021-09-01 12:58:53
2447,405026025,CROCETTA DEL MONTELLO,TV,2021-09-01 12:58:53
2448,401103026,CRODO,VB,2021-09-01 12:58:53
2449,413067023,CROGNALETO,TE,2021-09-01 12:58:53
2450,418078046,CROPALATI,CS,2021-09-01 12:58:53
2451,418079036,CROPANI,CZ,2021-09-01 12:58:53
2452,418078047,CROSIA,CS,2021-09-01 12:58:53
2453,403012057,CROSIO DELLA VALLE,VA,2021-09-01 12:58:53
2454,418101010,CROTONE,KR,2021-09-01 12:58:53
2455,403019038,CROTTA D'ADDA,CR,2021-09-01 12:58:53
2456,401002052,CROVA,VC,2021-09-01 12:58:53
2457,404022068,CROVIANA,TN,2021-09-01 12:58:53
2458,418101011,CRUCOLI,KR,2021-09-01 12:58:53
2459,403012058,CUASSO AL MONTE,VA,2021-09-01 12:58:53
2460,401006064,CUCCARO MONFERRATO,AL,2021-09-01 12:58:53
2461,415065049,CUCCARO VETERE,SA,2021-09-01 12:58:53
2462,403013084,CUCCIAGO,CO,2021-09-01 12:58:53
2463,401001096,CUCEGLIO,TO,2021-09-01 12:58:53
2464,403015096,CUGGIONO,MI,2021-09-01 12:58:53
2465,403012059,CUGLIATE-FABIASCO,VA,2021-09-01 12:58:53
2466,420095019,CUGLIERI,OR,2021-09-01 12:58:53
2467,413068017,CUGNOLI,PE,2021-09-01 12:58:53
2468,401001097,CUMIANA,TO,2021-09-01 12:58:53
2469,403019039,CUMIGNANO SUL NAVIGLIO,CR,2021-09-01 12:58:53
2470,403012060,CUNARDO,VA,2021-09-01 12:58:53
2471,401004078,CUNEO,CN,2021-09-01 12:58:53
2472,401005051,CUNICO,AT,2021-09-01 12:58:53
2473,401001098,CUORGNE',TO,2021-09-01 12:58:53
2474,413069028,CUPELLO,CH,2021-09-01 12:58:53
2475,411044017,CUPRA MARITTIMA,AP,2021-09-01 12:58:53
2476,411042016,CUPRAMONTANA,AN,2021-09-01 12:58:53
2477,403018060,CURA CARPIGNANO,PV,2021-09-01 12:58:53
2478,420095077,CURCURIS,OR,2021-09-01 12:58:53
2479,401003058,CUREGGIO,NO,2021-09-01 12:58:53
2480,403012061,CURIGLIA CON MONTEVIASCO,VA,2021-09-01 12:58:53
2481,418079039,CURINGA,CZ,2021-09-01 12:58:53
2482,401096023,CURINO,BI,2021-09-01 12:58:53
2483,403016089,CURNO,BG,2021-09-01 12:58:53
2484,404021027,CURON VENOSTA,BZ,2021-09-01 12:58:53
2485,416075025,CURSI,LE,2021-09-01 12:58:53
2486,401103027,CURSOLO-ORASSO,VB,2021-09-01 12:58:53
2487,405028036,CURTAROLO,PD,2021-09-01 12:58:53
2488,403020021,CURTATONE,MN,2021-09-01 12:58:53
2489,415061032,CURTI,CE,2021-09-01 12:58:53
2490,403015097,CUSAGO,MI,2021-09-01 12:58:53
2491,403015098,CUSANO MILANINO,MI,2021-09-01 12:58:53
2492,415062026,CUSANO MUTRI,BN,2021-09-01 12:58:53
2493,403013085,CUSINO,CO,2021-09-01 12:58:53
2494,403016090,CUSIO,BG,2021-09-01 12:58:53
2495,419081007,CUSTONACI,TP,2021-09-01 12:58:53
2496,418101012,CUTRO,KR,2021-09-01 12:58:53
2497,416075026,CUTROFIANO,LE,2021-09-01 12:58:53
2498,403012062,CUVEGLIO,VA,2021-09-01 12:58:53
2499,403012063,CUVIO,VA,2021-09-01 12:58:54
2500,404022070,DAIANO,TN,2021-09-01 12:58:54
2501,403015099,DAIRAGO,MI,2021-09-01 12:58:54
2502,403016091,DALMINE,BG,2021-09-01 12:58:54
2503,404022071,DAMBEL,TN,2021-09-01 12:58:54
2504,405025017,DANTA DI CADORE,BL,2021-09-01 12:58:54
2505,403017065,DARFO BOARIO TERME,BS,2021-09-01 12:58:54
2506,418102007,DASA',VV,2021-09-01 12:58:54
2507,407010021,DAVAGNA,GE,2021-09-01 12:58:54
2508,403012064,DAVERIO,VA,2021-09-01 12:58:54
2509,418079042,DAVOLI,CZ,2021-09-01 12:58:54
2510,403014025,DAZIO,SO,2021-09-01 12:58:54
2511,420092015,DECIMOMANNU,CA,2021-09-01 12:58:54
2512,420092016,DECIMOPUTZU,CA,2021-09-01 12:58:54
2513,418079043,DECOLLATURA,CZ,2021-09-01 12:58:54
2514,407009027,DEGO,SV,2021-09-01 12:58:54
2515,407011012,DEIVA MARINA,SP,2021-09-01 12:58:54
2516,403014026,DELEBIO,SO,2021-09-01 12:58:54
2517,419085006,DELIA,CL,2021-09-01 12:58:54
2518,418080031,DELIANUOVA,RC,2021-09-01 12:58:54
2519,416071022,DELICETO,FG,2021-09-01 12:58:54
2520,403017066,DELLO,BS,2021-09-01 12:58:54
2521,401004079,DEMONTE,CN,2021-09-01 12:58:54
2522,401006065,DENICE,AL,2021-09-01 12:58:54
2523,404022074,DENNO,TN,2021-09-01 12:58:54
2524,401006066,DERNICE,AL,2021-09-01 12:58:54
2525,403019040,DEROVERE,CR,2021-09-01 12:58:54
2526,410054017,DERUTA,PG,2021-09-01 12:58:54
2527,403097030,DERVIO,LC,2021-09-01 12:58:54
2528,401002054,DESANA,VC,2021-09-01 12:58:54
2529,403017067,DESENZANO DEL GARDA,BS,2021-09-01 12:58:54
2530,403108023,DESIO,MB,2021-09-01 12:58:54
2531,420091016,DESULO,NU,2021-09-01 12:58:54
2532,418078048,DIAMANTE,CS,2021-09-01 12:58:54
2533,407008025,DIANO ARENTINO,IM,2021-09-01 12:58:54
2534,407008026,DIANO CASTELLO,IM,2021-09-01 12:58:54
2535,401004080,DIANO D'ALBA,CN,2021-09-01 12:58:54
2536,407008027,DIANO MARINA,IM,2021-09-01 12:58:54
2537,407008028,DIANO SAN PIETRO,IM,2021-09-01 12:58:54
2538,409048013,DICOMANO,FI,2021-09-01 12:58:54
2539,406030032,DIGNANO,UD,2021-09-01 12:58:54
2540,404022233,DIMARO FOLGARIDA,TN,2021-09-01 12:58:54
2541,418102008,DINAMI,VV,2021-09-01 12:58:54
2542,418078049,DIPIGNANO,CS,2021-09-01 12:58:54
2543,416075027,DISO,LE,2021-09-01 12:58:54
2544,401003060,DIVIGNANO,NO,2021-09-01 12:58:54
2545,403013087,DIZZASCO,CO,2021-09-01 12:58:54
2546,404021028,DOBBIACO,BZ,2021-09-01 12:58:54
2547,406031003,DOBERDO' DEL LAGO,GO,2021-09-01 12:58:54
2548,401004081,DOGLIANI,CN,2021-09-01 12:58:54
2549,413069029,DOGLIOLA,CH,2021-09-01 12:58:54
2550,406030033,DOGNA,UD,2021-09-01 12:58:54
2551,405023031,DOLCE',VR,2021-09-01 12:58:54
2552,407008029,DOLCEACQUA,IM,2021-09-01 12:58:54
2553,407008030,DOLCEDO,IM,2021-09-01 12:58:54
2554,406031004,DOLEGNA DEL COLLIO,GO,2021-09-01 12:58:54
2555,420092017,DOLIANOVA,CA,2021-09-01 12:58:54
2556,405027012,DOLO,VE,2021-09-01 12:58:54
2557,403097031,DOLZAGO,LC,2021-09-01 12:58:54
2558,418078050,DOMANICO,CS,2021-09-01 12:58:54
2559,403013089,DOMASO,CO,2021-09-01 12:58:54
2560,405025018,DOMEGGE DI CADORE,BL,2021-09-01 12:58:54
2561,415064031,DOMICELLA,AV,2021-09-01 12:58:54
2562,401103028,DOMODOSSOLA,VB,2021-09-01 12:58:54
2563,420092018,DOMUS DE MARIA,CA,2021-09-01 12:58:54
2564,420092019,DOMUSNOVAS,CA,2021-09-01 12:58:54
2565,401096024,DONATO,BI,2021-09-01 12:58:54
2566,403013090,DONGO,CO,2021-09-01 12:58:54
2567,402007023,DONNAS,AO,2021-09-01 12:58:54
2568,420092020,DONORI,CA,2021-09-01 12:58:54
2569,420091017,DORGALI,NU,2021-09-01 12:58:54
2570,403097032,DORIO,LC,2021-09-01 12:58:54
2571,401003062,DORMELLETTO,NO,2021-09-01 12:58:54
2572,403018061,DORNO,PV,2021-09-01 12:58:54
2573,401096025,DORZANO,BI,2021-09-01 12:58:54
2574,403020022,DOSOLO,MN,2021-09-01 12:58:54
2575,403016092,DOSSENA,BG,2021-09-01 12:58:54
2576,403013092,DOSSO DEL LIRO,CO,2021-09-01 12:58:54
2577,402007024,DOUES,AO,2021-09-01 12:58:54
2578,408040011,DOVADOLA,FO,2021-09-01 12:58:54
2579,403019041,DOVERA,CR,2021-09-01 12:58:54
2580,408037025,DOZZA,BO,2021-09-01 12:58:54
2581,415061033,DRAGONI,CE,2021-09-01 12:58:54
2582,418102009,DRAPIA,VV,2021-09-01 12:58:54
2583,404022078,DRENA,TN,2021-09-01 12:58:54
2584,406030034,DRENCHIA,UD,2021-09-01 12:58:54
2585,403015101,DRESANO,MI,2021-09-01 12:58:54
2586,403019042,DRIZZONA,CR,2021-09-01 12:58:54
2587,404022079,DRO,TN,2026-09-19 13:22:54
2588,401004082,DRONERO,CN,2021-09-01 12:58:54
2589,401001099,DRUENTO,TO,2021-09-01 12:58:54
2590,401103029,DRUOGNO,VB,2021-09-01 12:58:54
2591,420091018,DUALCHI,NU,2021-09-01 12:58:54
2592,403014027,DUBINO,SO,2021-09-01 12:58:54
2593,405028106,DUE CARRARE,PD,2021-09-01 12:58:54
2594,405024038,DUEVILLE,VI,2021-09-01 12:58:54
2595,415062027,DUGENTA,BN,2021-09-01 12:58:54
2596,406032001,DUINO AURISINA,TS,2021-09-01 12:58:54
2597,403012065,DUMENZA,VA,2021-09-01 12:58:54
2598,403012066,DUNO,VA,2021-09-01 12:58:54
2599,415062028,DURAZZANO,BN,2021-09-01 12:58:54
2600,414070022,DURONIA,CB,2021-09-01 12:58:54
2601,401005052,DUSINO SAN MICHELE,AT,2021-09-01 12:58:54
2602,415065050,EBOLI,SA,2021-09-01 12:58:54
2603,403017068,EDOLO,BS,2021-09-01 12:58:54
2604,404021029,EGNA,BZ,2021-09-01 12:58:54
2605,413068018,ELICE,PE,2021-09-01 12:58:54
2606,420091019,ELINI,NU,2021-09-01 12:58:54
2607,403097033,ELLO,LC,2021-09-01 12:58:54
2608,420092108,ELMAS,CA,2021-09-01 12:58:54
2609,401004083,ELVA,CN,2021-09-01 12:58:54
2610,402007025,EMARESE,AO,2021-09-01 12:58:54
2611,409048014,EMPOLI,FI,2021-09-01 12:58:54
2612,403016093,ENDINE GAIANO,BG,2021-09-01 12:58:54
2613,405024039,ENEGO,VI,2021-09-01 12:58:54
2614,406030035,ENEMONZO,UD,2021-09-01 12:58:54
2615,419086009,ENNA,EN,2021-09-01 12:58:54
2616,401004084,ENTRACQUE,CN,2021-09-01 12:58:54
2617,403016094,ENTRATICO,BG,2021-09-01 12:58:54
2618,401004085,ENVIE,CN,2021-09-01 12:58:55
2619,417076030,EPISCOPIA,PZ,2021-09-01 12:58:55
2620,405027013,ERACLEA,VE,2021-09-01 12:58:55
2621,403013095,ERBA,CO,2021-09-01 12:58:55
2622,405023032,ERBE',VR,2021-09-01 12:58:55
2623,405023033,ERBEZZO,VR,2021-09-01 12:58:55
2624,403017069,ERBUSCO,BS,2021-09-01 12:58:55
2625,416074006,ERCHIE,BR,2021-09-01 12:58:55
2626,415063064,ERCOLANO,NA,2021-09-01 12:58:55
2627,419081008,ERICE,TP,2021-09-01 12:58:55
2628,407009028,ERLI,SV,2021-09-01 12:58:55
2629,406093019,ERTO E CASSO,PN,2021-09-01 12:58:55
2630,420090088,ERULA,SS,2021-09-01 12:58:55
2631,403097034,ERVE,LC,2021-09-01 12:58:55
2632,411043016,ESANATOGLIA,MC,2021-09-01 12:58:55
2633,420091020,ESCALAPLANO,NU,2021-09-01 12:58:55
2634,420091021,ESCOLCA,NU,2021-09-01 12:58:55
2635,403017070,ESINE,BS,2021-09-01 12:58:55
2636,403097035,ESINO LARIO,LC,2021-09-01 12:58:55
2637,412060031,ESPERIA,FR,2021-09-01 12:58:55
2638,420090028,ESPORLATU,SS,2021-09-01 12:58:55
2639,405028037,ESTE,PD,2021-09-01 12:58:55
2640,420091022,ESTERZILI,NU,2021-09-01 12:58:55
2641,402007026,ETROUBLES,AO,2021-09-01 12:58:55
2642,403013097,EUPILIO,CO,2021-09-01 12:58:55
2643,401001100,EXILLES,TO,2021-09-01 12:58:55
2644,401006067,FABBRICA CURONE,AL,2021-09-01 12:58:55
2645,409046036,FABBRICHE DI VERGEMOLI,LU,2021-09-01 12:58:55
2646,408035021,FABBRICO,RE,2021-09-01 12:58:55
2647,411042017,FABRIANO,AN,2021-09-01 12:58:55
2648,412056024,FABRICA DI ROMA,VT,2021-09-01 12:58:55
2649,418102010,FABRIZIA,VV,2021-09-01 12:58:55
2650,410055011,FABRO,TR,2021-09-01 12:58:55
2651,406030036,FAEDIS,UD,2021-09-01 12:58:55
2652,404022080,FAEDO,TN,2021-09-01 12:58:55
2653,403014028,FAEDO VALTELLINO,SO,2021-09-01 12:58:55
2654,408039010,FAENZA,RA,2021-09-01 12:58:55
2655,416071023,FAETO,FG,2021-09-01 12:58:55
2656,406030037,FAGAGNA,UD,2021-09-01 12:58:55
2657,403013098,FAGGETO LARIO,CO,2021-09-01 12:58:55
2658,416073005,FAGGIANO,TA,2021-09-01 12:58:55
2659,413066042,FAGNANO ALTO,AQ,2021-09-01 12:58:55
2660,418078051,FAGNANO CASTELLO,CS,2021-09-01 12:58:55
2661,403012067,FAGNANO OLONA,VA,2021-09-01 12:58:55
2662,404022081,FAI DELLA PAGANELLA,TN,2021-09-01 12:58:55
2663,415062029,FAICCHIO,BN,2021-09-01 12:58:55
2664,405025019,FALCADE,BL,2021-09-01 12:58:55
2665,415061101,FALCIANO DEL MASSICO,CE,2021-09-01 12:58:55
2666,418078052,FALCONARA ALBANESE,CS,2021-09-01 12:58:55
2667,411042018,FALCONARA MARITTIMA,AN,2021-09-01 12:58:55
2668,419083019,FALCONE,ME,2021-09-01 12:58:55
2669,412056025,FALERIA,VT,2021-09-01 12:58:55
2670,418079047,FALERNA,CZ,2021-09-01 12:58:55
2671,411109005,FALERONE,FM,2021-09-01 12:58:55
2672,413069104,FALLO,CH,2021-09-01 12:58:55
2673,401103030,FALMENTA,VB,2021-09-01 12:58:55
2674,403013099,FALOPPIO,CO,2021-09-01 12:58:55
2675,412060032,FALVATERRA,FR,2021-09-01 12:58:55
2676,404021030,FALZES,BZ,2021-09-01 12:58:55
2677,408036011,FANANO,MO,2021-09-01 12:58:55
2678,406093020,FANNA,PN,2021-09-01 12:58:55
2679,411041013,FANO,PS,2021-09-01 12:58:55
2680,413067024,FANO ADRIANO,TE,2021-09-01 12:58:55
2681,413069030,FARA FILIORUM PETRI,CH,2021-09-01 12:58:55
2682,403016096,FARA GERA D'ADDA,BG,2021-09-01 12:58:55
2683,412057027,FARA IN SABINA,RI,2021-09-01 12:58:55
2684,401003065,FARA NOVARESE,NO,2021-09-01 12:58:55
2685,403016097,FARA OLIVANA CON SOLA,BG,2021-09-01 12:58:55
2686,413069031,FARA SAN MARTINO,CH,2021-09-01 12:58:55
2687,405024040,FARA VICENTINO,VI,2021-09-01 12:58:55
2688,417076031,FARDELLA,PZ,2021-09-01 12:58:55
2689,401004086,FARIGLIANO,CN,2021-09-01 12:58:55
2690,413068019,FARINDOLA,PE,2021-09-01 12:58:55
2691,408033019,FARINI,PC,2021-09-01 12:58:55
2692,412056026,FARNESE,VT,2021-09-01 12:58:55
2693,406031005,FARRA D'ISONZO,GO,2021-09-01 12:58:55
2694,405026026,FARRA DI SOLIGO,TV,2021-09-01 12:58:55
2695,416074007,FASANO,BR,2021-09-01 12:58:55
2696,407010022,FASCIA,GE,2021-09-01 12:58:55
2697,409050014,FAUGLIA,PI,2021-09-01 12:58:55
2698,401004087,FAULE,CN,2021-09-01 12:58:55
2699,407010023,FAVALE DI MALVARO,GE,2021-09-01 12:58:55
2700,419084017,FAVARA,AG,2021-09-01 12:58:55
2701,419081009,FAVIGNANA,TP,2021-09-01 12:58:55
2702,401001101,FAVRIA,TO,2021-09-01 12:58:55
2703,401004088,FEISOGLIO,CN,2021-09-01 12:58:55
2704,401001102,FELETTO,TO,2021-09-01 12:58:55
2705,408034013,FELINO,PR,2021-09-01 12:58:55
2706,415065051,FELITTO,SA,2021-09-01 12:58:55
2707,401006068,FELIZZANO,AL,2021-09-01 12:58:55
2708,403020023,FELONICA,MN,2021-09-01 12:58:55
2709,405025021,FELTRE,BL,2021-09-01 12:58:55
2710,403013100,FENEGRO',CO,2021-09-01 12:58:55
2711,401001103,FENESTRELLE,TO,2021-09-01 12:58:55
2712,402007027,FENIS,AO,2021-09-01 12:58:55
2713,410055012,FERENTILLO,TR,2021-09-01 12:58:55
2714,412060033,FERENTINO,FR,2021-09-01 12:58:55
2715,419089008,FERLA,SR,2021-09-01 12:58:55
2716,411041014,FERMIGNANO,PS,2021-09-01 12:58:55
2717,411109006,FERMO,FM,2021-09-01 12:58:55
2718,403012068,FERNO,VA,2021-09-01 12:58:55
2719,418079048,FEROLETO ANTICO,CZ,2021-09-01 12:58:55
2720,418080032,FEROLETO DELLA CHIESA,RC,2021-09-01 12:58:55
2721,417077008,FERRANDINA,MT,2021-09-01 12:58:55
2722,408038008,FERRARA,FE,2021-09-01 12:58:55
2723,405023034,FERRARA DI MONTE BALDO,VR,2021-09-01 12:58:55
2724,414070023,FERRAZZANO,CB,2021-09-01 12:58:55
2725,403012069,FERRERA DI VARESE,VA,2021-09-01 12:58:55
2726,403018062,FERRERA ERBOGNONE,PV,2021-09-01 12:58:55
2727,401005053,FERRERE,AT,2021-09-01 12:58:55
2728,408033020,FERRIERE,PC,2021-09-01 12:58:55
2729,418080033,FERRUZZANO,RC,2021-09-01 12:58:55
2730,412057028,FIAMIGNANO,RI,2021-09-01 12:58:55
2731,401001104,FIANO,TO,2021-09-01 12:58:55
2732,412058036,FIANO ROMANO,RM,2021-09-01 12:58:55
2733,411043017,FIASTRA,MC,2021-09-01 12:58:55
2734,404022083,FIAVE',TN,2021-09-01 12:58:56
2735,419082035,FICARAZZI,PA,2021-09-01 12:58:56
2736,405029021,FICAROLO,RO,2021-09-01 12:58:56
2737,419083020,FICARRA,ME,2021-09-01 12:58:56
2738,410055013,FICULLE,TR,2021-09-01 12:58:56
2739,408034014,FIDENZA,PR,2021-09-01 12:58:56
2740,404021031,FIE' ALLO SCILIAR,BZ,2021-09-01 12:58:56
2741,404022085,FIEROZZO,TN,2021-09-01 12:58:56
2742,403019043,FIESCO,CR,2021-09-01 12:58:56
2743,409048015,FIESOLE,FI,2021-09-01 12:58:56
2744,403017071,FIESSE,BS,2021-09-01 12:58:56
2745,405027014,FIESSO D'ARTICO,VE,2021-09-01 12:58:56
2746,405029022,FIESSO UMBERTIANO,RO,2021-09-01 12:58:56
2747,403013101,FIGINO SERENZA,CO,2021-09-01 12:58:56
2748,409048052,FIGLINE E INCISA VALDARNO,FI,2021-09-01 12:58:56
2749,418078053,FIGLINE VEGLIATURO,CS,2021-09-01 12:58:56
2750,412058037,FILACCIANO,RM,2021-09-01 12:58:56
2751,418102011,FILADELFIA,VV,2021-09-01 12:58:56
2752,403016098,FILAGO,BG,2021-09-01 12:58:56
2753,418102012,FILANDARI,VV,2021-09-01 12:58:56
2754,409045006,FILATTIERA,MS,2021-09-01 12:58:56
2755,412060034,FILETTINO,FR,2021-09-01 12:58:56
2756,413069032,FILETTO,CH,2021-09-01 12:58:56
2757,417076032,FILIANO,PZ,2021-09-01 12:58:56
2758,403018063,FILIGHERA,PV,2021-09-01 12:58:56
2759,414094019,FILIGNANO,IS,2021-09-01 12:58:56
2760,418102013,FILOGASO,VV,2021-09-01 12:58:56
2761,411042019,FILOTTRANO,AN,2021-09-01 12:58:56
2762,408036012,FINALE EMILIA,MO,2021-09-01 12:58:56
2763,407009029,FINALE LIGURE,SV,2021-09-01 12:58:56
2764,403016099,FINO DEL MONTE,BG,2021-09-01 12:58:56
2765,403013102,FINO MORNASCO,CO,2021-09-01 12:58:56
2766,403016100,FIORANO AL SERIO,BG,2021-09-01 12:58:56
2767,401001105,FIORANO CANAVESE,TO,2021-09-01 12:58:56
2768,408036013,FIORANO MODENESE,MO,2021-09-01 12:58:56
2769,408033021,FIORENZUOLA D'ARDA,PC,2021-09-01 12:58:56
2770,409048017,FIRENZE,FI,2021-09-01 12:58:56
2771,409048018,FIRENZUOLA,FI,2021-09-01 12:58:56
2772,418078054,FIRMO,CS,2021-09-01 12:58:56
2773,408038027,FISCAGLIA,FE,2021-09-01 12:58:56
2774,415065052,FISCIANO,SA,2021-09-01 12:58:56
2775,412060035,FIUGGI,FR,2021-09-01 12:58:56
2776,408036014,FIUMALBO,MO,2021-09-01 12:58:56
2777,418080034,FIUMARA,RC,2021-09-01 12:58:56
2778,406093021,FIUME VENETO,PN,2021-09-01 12:58:56
2779,419083021,FIUMEDINISI,ME,2021-09-01 12:58:56
2780,418078055,FIUMEFREDDO BRUZIO,CS,2021-09-01 12:58:56
2781,419087016,FIUMEFREDDO DI SICILIA,CT,2021-09-01 12:58:56
2782,406030038,FIUMICELLO,UD,2021-09-01 12:58:56
2783,412058120,FIUMICINO,RM,2021-09-01 12:58:56
2784,411043019,FIUMINATA,MC,2021-09-01 12:58:56
2785,409045007,FIVIZZANO,MS,2021-09-01 12:58:56
2786,406030039,FLAIBANO,UD,2021-09-01 12:58:56
2787,403017072,FLERO,BS,2021-09-01 12:58:56
2788,419083022,FLORESTA,ME,2021-09-01 12:58:56
2789,419089009,FLORIDIA,SR,2021-09-01 12:58:56
2790,420090029,FLORINAS,SS,2021-09-01 12:58:56
2791,415064032,FLUMERI,AV,2021-09-01 12:58:56
2792,420092021,FLUMINIMAGGIORE,CA,2021-09-01 12:58:56
2793,420091023,FLUSSIO,NU,2021-09-01 12:58:56
2794,401002057,FOBELLO,VC,2021-09-01 12:58:56
2795,416071024,FOGGIA,FG,2021-09-01 12:58:56
2796,415062030,FOGLIANISE,BN,2021-09-01 12:58:56
2797,406031006,FOGLIANO REDIPUGLIA,GO,2021-09-01 12:58:56
2798,401001106,FOGLIZZO,TO,2021-09-01 12:58:56
2799,409051018,FOIANO DELLA CHIANA,AR,2021-09-01 12:58:56
2800,415062031,FOIANO DI VAL FORTORE,BN,2021-09-01 12:58:56
2801,404022087,FOLGARIA,TN,2021-09-01 12:58:56
2802,411044020,FOLIGNANO,AP,2021-09-01 12:58:56
2803,410054018,FOLIGNO,PG,2021-09-01 12:58:56
2804,405026027,FOLLINA,TV,2021-09-01 12:58:56
2805,407011013,FOLLO,SP,2021-09-01 12:58:56
2806,409053009,FOLLONICA,GR,2021-09-01 12:58:56
2807,403098026,FOMBIO,LO,2021-09-01 12:58:56
2808,419083023,FONDACHELLI-FANTINA,ME,2021-09-01 12:58:56
2809,412059007,FONDI,LT,2021-09-01 12:58:56
2810,404022088,FONDO,TN,2021-09-01 12:58:56
2811,420091024,FONNI,NU,2021-09-01 12:58:56
2812,402007028,FONTAINEMORE,AO,2021-09-01 12:58:56
2813,412060036,FONTANA LIRI,FR,2021-09-01 12:58:56
2814,406093022,FONTANAFREDDA,PN,2021-09-01 12:58:56
2815,415064033,FONTANAROSA,AV,2021-09-01 12:58:56
2816,408037026,FONTANELICE,BO,2021-09-01 12:58:56
2817,403016101,FONTANELLA,BG,2021-09-01 12:58:56
2818,408034015,FONTANELLATO,PR,2021-09-01 12:58:56
2819,405026028,FONTANELLE,TV,2021-09-01 12:58:56
2820,401003066,FONTANETO D'AGOGNA,NO,2021-09-01 12:58:56
2821,401002058,FONTANETTO PO,VC,2021-09-01 12:58:56
2822,407010024,FONTANIGORDA,GE,2021-09-01 12:58:56
2823,401005054,FONTANILE,AT,2021-09-01 12:58:56
2824,405028038,FONTANIVA,PD,2021-09-01 12:58:56
2825,405026029,FONTE,TV,2021-09-01 12:58:56
2826,412058122,FONTE NUOVA,RM,2021-09-01 12:58:56
2827,413066043,FONTECCHIO,AQ,2021-09-01 12:58:56
2828,412060037,FONTECHIARI,FR,2021-09-01 12:58:56
2829,415061034,FONTEGRECA,CE,2021-09-01 12:58:56
2830,403016102,FONTENO,BG,2021-09-01 12:58:56
2831,408034016,FONTEVIVO,PR,2021-09-01 12:58:56
2832,405025022,FONZASO,BL,2021-09-01 12:58:56
2833,403016103,FOPPOLO,BG,2021-09-01 12:58:56
2834,412057029,FORANO,RI,2021-09-01 12:58:56
2835,411044021,FORCE,AP,2021-09-01 12:58:56
2836,415062032,FORCHIA,BN,2021-09-01 12:58:56
2837,403014029,FORCOLA,SO,2021-09-01 12:58:56
2838,420095020,FORDONGIANUS,OR,2021-09-01 12:58:56
2839,417076033,FORENZA,PZ,2021-09-01 12:58:56
2840,403016104,FORESTO SPARSO,BG,2021-09-01 12:58:56
2841,406030137,FORGARIA NEL FRIULI,UD,2021-09-01 12:58:56
2842,415064034,FORINO,AV,2021-09-01 12:58:56
2843,415063031,FORIO,NA,2021-09-01 12:58:56
2844,408040012,FORLI',FO,2021-09-01 12:58:56
2845,414094020,FORLI' DEL SANNIO,IS,2021-09-01 12:58:56
2846,408040013,FORLIMPOPOLI,FO,2021-09-01 12:58:56
2847,401103031,FORMAZZA,VB,2021-09-01 12:58:56
2848,412058038,FORMELLO,RM,2021-09-01 12:58:56
2849,412059008,FORMIA,LT,2021-09-01 12:58:56
2850,415061035,FORMICOLA,CE,2021-09-01 12:58:56
2851,403019044,FORMIGARA,CR,2021-09-01 12:58:56
2852,408036015,FORMIGINE,MO,2021-09-01 12:58:57
2853,401002059,FORMIGLIANA,VC,2021-09-01 12:58:57
2854,408038009,FORMIGNANA,FE,2021-09-01 12:58:57
2855,404022089,FORNACE,TN,2021-09-01 12:58:57
2856,414094021,FORNELLI,IS,2021-09-01 12:58:57
2857,406030040,FORNI AVOLTRI,UD,2021-09-01 12:58:57
2858,406030041,FORNI DI SOPRA,UD,2021-09-01 12:58:57
2859,406030042,FORNI DI SOTTO,UD,2021-09-01 12:58:57
2860,401001107,FORNO CANAVESE,TO,2021-09-01 12:58:57
2861,408034017,FORNOVO DI TARO,PR,2021-09-01 12:58:57
2862,403016105,FORNOVO SAN GIOVANNI,BG,2021-09-01 12:58:57
2863,409046013,FORTE DEI MARMI,LU,2021-09-01 12:58:57
2864,404021032,FORTEZZA,BZ,2021-09-01 12:58:57
2865,403018064,FORTUNAGO,PV,2021-09-01 12:58:57
2866,419083024,FORZA D'AGRO',ME,2021-09-01 12:58:57
2867,409046014,FOSCIANDORA,LU,2021-09-01 12:58:57
2868,409045008,FOSDINOVO,MS,2021-09-01 12:58:57
2869,413066044,FOSSA,AQ,2021-09-01 12:58:57
2870,413069033,FOSSACESIA,CH,2021-09-01 12:58:57
2871,405027015,FOSSALTA DI PIAVE,VE,2021-09-01 12:58:57
2872,405027016,FOSSALTA DI PORTOGRUARO,VE,2021-09-01 12:58:57
2873,414070024,FOSSALTO,CB,2021-09-01 12:58:57
2874,401004089,FOSSANO,CN,2021-09-01 12:58:57
2875,410054019,FOSSATO DI VICO,PG,2021-09-01 12:58:57
2876,418079052,FOSSATO SERRALTA,CZ,2021-09-01 12:58:57
2877,405027017,FOSSO',VE,2021-09-01 12:58:57
2878,411041015,FOSSOMBRONE,PS,2021-09-01 12:58:57
2879,405024041,FOZA,VI,2021-09-01 12:58:57
2880,401004090,FRABOSA SOPRANA,CN,2021-09-01 12:58:57
2881,401004091,FRABOSA SOTTANA,CN,2021-09-01 12:58:57
2882,401006069,FRACONALTO,AL,2021-09-01 12:58:57
2883,416073006,FRAGAGNANO,TA,2021-09-01 12:58:57
2884,415062033,FRAGNETO L'ABATE,BN,2021-09-01 12:58:57
2885,415062034,FRAGNETO MONFORTE,BN,2021-09-01 12:58:57
2886,413069034,FRAINE,CH,2021-09-01 12:58:57
2887,407011014,FRAMURA,SP,2021-09-01 12:58:57
2888,413069035,FRANCAVILLA AL MARE,CH,2021-09-01 12:58:57
2889,418102014,FRANCAVILLA ANGITOLA,VV,2021-09-01 12:58:57
2890,401006070,FRANCAVILLA BISIO,AL,2021-09-01 12:58:57
2891,411109007,FRANCAVILLA D'ETE,FM,2021-09-01 12:58:57
2892,419083025,FRANCAVILLA DI SICILIA,ME,2021-09-01 12:58:57
2893,416074008,FRANCAVILLA FONTANA,BR,2021-09-01 12:58:57
2894,417076034,FRANCAVILLA IN SINNI,PZ,2021-09-01 12:58:57
2895,418078056,FRANCAVILLA MARITTIMA,CS,2021-09-01 12:58:57
2896,418102015,FRANCICA,VV,2021-09-01 12:58:57
2897,419089010,FRANCOFONTE,SR,2021-09-01 12:58:57
2898,415061036,FRANCOLISE,CE,2021-09-01 12:58:57
2899,401006071,FRASCARO,AL,2021-09-01 12:58:57
2900,403018065,FRASCAROLO,PV,2021-09-01 12:58:57
2901,412058039,FRASCATI,RM,2021-09-01 12:58:57
2902,418078057,FRASCINETO,CS,2021-09-01 12:58:57
2903,404022090,FRASSILONGO,TN,2021-09-01 12:58:57
2904,405029023,FRASSINELLE POLESINE,RO,2021-09-01 12:58:57
2905,401006072,FRASSINELLO MONFERRATO,AL,2021-09-01 12:58:57
2906,401006073,FRASSINETO PO,AL,2021-09-01 12:58:57
2907,401001108,FRASSINETTO,TO,2021-09-01 12:58:57
2908,401004092,FRASSINO,CN,2021-09-01 12:58:57
2909,408036016,FRASSINORO,MO,2021-09-01 12:58:57
2910,412057030,FRASSO SABINO,RI,2021-09-01 12:58:57
2911,415062035,FRASSO TELESINO,BN,2021-09-01 12:58:57
2912,405029024,FRATTA POLESINE,RO,2021-09-01 12:58:57
2913,410054020,FRATTA TODINA,PG,2021-09-01 12:58:57
2914,415063032,FRATTAMAGGIORE,NA,2021-09-01 12:58:57
2915,415063033,FRATTAMINORE,NA,2021-09-01 12:58:57
2916,411041016,FRATTE ROSA,PS,2021-09-01 12:58:57
2917,419083026,FRAZZANO',ME,2021-09-01 12:58:57
2918,405026030,FREGONA,TV,2021-09-01 12:58:57
2919,413069036,FRESAGRANDINARIA,CH,2021-09-01 12:58:57
2920,401006074,FRESONARA,AL,2021-09-01 12:58:57
2921,415064035,FRIGENTO,AV,2021-09-01 12:58:57
2922,415061037,FRIGNANO,CE,2021-09-01 12:58:57
2923,401005055,FRINCO,AT,2021-09-01 12:58:57
2924,413069037,FRISA,CH,2021-09-01 12:58:57
2925,406093024,FRISANCO,PN,2021-09-01 12:58:57
2926,401001109,FRONT,TO,2021-09-01 12:58:57
2927,411041017,FRONTINO,PS,2021-09-01 12:58:57
2928,411041018,FRONTONE,PS,2021-09-01 12:58:57
2929,412060038,FROSINONE,FR,2021-09-01 12:58:57
2930,414094022,FROSOLONE,IS,2021-09-01 12:58:57
2931,401001110,FROSSASCO,TO,2021-09-01 12:58:57
2932,401006075,FRUGAROLO,AL,2021-09-01 12:58:57
2933,401006976,FUBINE MONFERRATO,AL,2021-09-01 12:58:57
2934,409048019,FUCECCHIO,FI,2021-09-01 12:58:57
2935,403016106,FUIPIANO VALLE IMAGNA,BG,2021-09-01 12:58:57
2936,405023035,FUMANE,VR,2021-09-01 12:58:57
2937,412060039,FUMONE,FR,2021-09-01 12:58:57
2938,404021033,FUNES,BZ,2021-09-01 12:58:57
2939,413069038,FURCI,CH,2021-09-01 12:58:57
2940,419083027,FURCI SICULO,ME,2021-09-01 12:58:57
2941,419083028,FURNARI,ME,2021-09-01 12:58:57
2942,415065053,FURORE,SA,2021-09-01 12:58:57
2943,420092022,FURTEI,CA,2021-09-01 12:58:57
2944,418078058,FUSCALDO,CS,2021-09-01 12:58:57
2945,408039011,FUSIGNANO,RA,2021-09-01 12:58:57
2946,403014030,FUSINE,SO,2021-09-01 12:58:57
2947,415065054,FUTANI,SA,2021-09-01 12:58:57
2948,403019045,GABBIONETA BINANUOVA,CR,2021-09-01 12:58:57
2949,401006077,GABIANO,AL,2021-09-01 12:58:57
2950,411041019,GABICCE MARE,PS,2021-09-01 12:58:57
2951,402007029,GABY,AO,2021-09-01 12:58:57
2952,403019046,GADESCO PIEVE DELMONA,CR,2021-09-01 12:58:57
2953,420091025,GADONI,NU,2021-09-01 12:58:57
2954,412059009,GAETA,LT,2021-09-01 12:58:57
2955,419083029,GAGGI,ME,2021-09-01 12:58:57
2956,403015103,GAGGIANO,MI,2021-09-01 12:58:57
2957,408037027,GAGGIO MONTANO,BO,2021-09-01 12:58:57
2958,401096026,GAGLIANICO,BI,2021-09-01 12:58:57
2959,413066045,GAGLIANO ATERNO,AQ,2021-09-01 12:58:57
2960,419086010,GAGLIANO CASTELFERRATO,EN,2021-09-01 12:58:57
2961,416075028,GAGLIANO DEL CAPO,LE,2021-09-01 12:58:57
2962,418079055,GAGLIATO,CZ,2021-09-01 12:58:57
2963,411043020,GAGLIOLE,MC,2021-09-01 12:58:57
2964,405026031,GAIARINE,TV,2021-09-01 12:58:57
2965,405029025,GAIBA,RO,2021-09-01 12:58:57
2966,401004093,GAIOLA,CN,2021-09-01 12:58:57
2967,409052013,GAIOLE IN CHIANTI,SI,2021-09-01 12:58:57
2968,420091026,GAIRO,NU,2021-09-01 12:58:57
2969,404021034,GAIS,BZ,2021-09-01 12:58:57
2970,419083030,GALATI MAMERTINO,ME,2021-09-01 12:58:57
2971,416075029,GALATINA,LE,2021-09-01 12:58:58
2972,416075030,GALATONE,LE,2021-09-01 12:58:58
2973,418080035,GALATRO,RC,2021-09-01 12:58:58
2974,403097036,GALBIATE,LC,2021-09-01 12:58:58
2975,408040014,GALEATA,FO,2021-09-01 12:58:58
2976,403098027,GALGAGNANO,LO,2021-09-01 12:58:58
2977,403012070,GALLARATE,VA,2021-09-01 12:58:58
2978,412056027,GALLESE,VT,2021-09-01 12:58:58
2979,401003068,GALLIATE,NO,2021-09-01 12:58:58
2980,403012071,GALLIATE LOMBARDO,VA,2021-09-01 12:58:58
2981,403018066,GALLIAVOLA,PV,2021-09-01 12:58:58
2982,409046015,GALLICANO,LU,2021-09-01 12:58:58
2983,412058040,GALLICANO NEL LAZIO,RM,2021-09-01 12:58:58
2984,417076035,GALLICCHIO,PZ,2021-09-01 12:58:58
2985,408037028,GALLIERA,BO,2021-09-01 12:58:58
2986,405028039,GALLIERA VENETA,PD,2021-09-01 12:58:58
2987,412060040,GALLINARO,FR,2021-09-01 12:58:58
2988,405024042,GALLIO,VI,2021-09-01 12:58:58
2989,416075031,GALLIPOLI,LE,2021-09-01 12:58:58
2990,415061038,GALLO MATESE,CE,2021-09-01 12:58:58
2991,419083031,GALLODORO,ME,2021-09-01 12:58:58
2992,415061039,GALLUCCIO,CE,2021-09-01 12:58:58
2993,420091027,GALTELLI',NU,2026-09-19 13:22:54
2994,405028040,GALZIGNANO TERME,PD,2021-09-01 12:58:58
2995,401006078,GAMALERO,AL,2021-09-01 12:58:58
2996,403017073,GAMBARA,BS,2021-09-01 12:58:58
2997,403018067,GAMBARANA,PV,2021-09-01 12:58:58
2998,401004094,GAMBASCA,CN,2021-09-01 12:58:58
2999,409048020,GAMBASSI TERME,FI,2021-09-01 12:58:58
3000,414070025,GAMBATESA,CB,2021-09-01 12:58:58
3001,405024043,GAMBELLARA,VI,2021-09-01 12:58:58
3002,413069039,GAMBERALE,CH,2021-09-01 12:58:58
3003,408040015,GAMBETTOLA,FO,2021-09-01 12:58:58
3004,403018068,GAMBOLO',PV,2021-09-01 12:58:58
3005,405024044,GAMBUGLIANO,VI,2021-09-01 12:58:58
3006,403016107,GANDELLINO,BG,2021-09-01 12:58:58
3007,403016108,GANDINO,BG,2021-09-01 12:58:58
3008,403016109,GANDOSSO,BG,2021-09-01 12:58:58
3009,419082036,GANGI,PA,2021-09-01 12:58:58
3010,417077009,GARAGUSO,MT,2021-09-01 12:58:58
3011,401006079,GARBAGNA,AL,2021-09-01 12:58:58
3012,401003069,GARBAGNA NOVARESE,NO,2021-09-01 12:58:58
3013,403015105,GARBAGNATE MILANESE,MI,2021-09-01 12:58:58
3014,403097037,GARBAGNATE MONASTERO,LC,2021-09-01 12:58:58
3015,405023036,GARDA,VR,2021-09-01 12:58:58
3016,403017074,GARDONE RIVIERA,BS,2021-09-01 12:58:58
3017,403017075,GARDONE VAL TROMPIA,BS,2021-09-01 12:58:58
3018,401004095,GARESSIO,CN,2021-09-01 12:58:58
3019,401003070,GARGALLO,NO,2021-09-01 12:58:58
3020,404021035,GARGAZZONE,BZ,2021-09-01 12:58:58
3021,403017076,GARGNANO,BS,2021-09-01 12:58:58
3022,403018069,GARLASCO,PV,2021-09-01 12:58:58
3023,403097038,GARLATE,LC,2021-09-01 12:58:58
3024,407009030,GARLENDA,SV,2021-09-01 12:58:58
3025,404022991,GARNIGA TERME,TN,2021-09-01 12:58:58
3026,403013106,GARZENO,CO,2021-09-01 12:58:58
3027,401001111,GARZIGLIANA,TO,2021-09-01 12:58:58
3028,418079056,GASPERINA,CZ,2021-09-01 12:58:58
3029,401001112,GASSINO TORINESE,TO,2021-09-01 12:58:58
3030,408035022,GATTATICO,RE,2021-09-01 12:58:58
3031,408040016,GATTEO,FO,2021-09-01 12:58:58
3032,401003071,GATTICO,NO,2021-09-01 12:58:58
3033,401002061,GATTINARA,VC,2021-09-01 12:58:58
3034,403017077,GAVARDO,BS,2021-09-01 12:58:58
3035,401006080,GAVAZZANA,AL,2021-09-01 12:58:58
3036,405029026,GAVELLO,RO,2021-09-01 12:58:58
3037,403016110,GAVERINA TERME,BG,2021-09-01 12:58:58
3038,401006081,GAVI,AL,2021-09-01 12:58:58
3039,412058041,GAVIGNANO,RM,2021-09-01 12:58:58
3040,403012072,GAVIRATE,VA,2021-09-01 12:58:58
3041,420091028,GAVOI,NU,2021-09-01 12:58:58
3042,409053010,GAVORRANO,GR,2021-09-01 12:58:58
3043,403020024,GAZOLDO DEGLI IPPOLITI,MN,2021-09-01 12:58:58
3044,403012073,GAZZADA SCHIANNO,VA,2021-09-01 12:58:58
3045,403016111,GAZZANIGA,BG,2021-09-01 12:58:58
3046,405028041,GAZZO,PD,2021-09-01 12:58:58
3047,405023037,GAZZO VERONESE,VR,2021-09-01 12:58:58
3048,408033022,GAZZOLA,PC,2021-09-01 12:58:58
3049,403020025,GAZZUOLO,MN,2021-09-01 12:58:58
3050,419085007,GELA,CL,2021-09-01 12:58:58
3051,408099004,GEMMANO,RN,2021-09-01 12:58:58
3052,406030043,GEMONA DEL FRIULI,UD,2021-09-01 12:58:58
3053,403012074,GEMONIO,VA,2021-09-01 12:58:58
3054,412058042,GENAZZANO,RM,2021-09-01 12:58:58
3055,411042020,GENGA,AN,2021-09-01 12:58:58
3056,403019047,GENIVOLTA,CR,2021-09-01 12:58:58
3057,401004096,GENOLA,CN,2021-09-01 12:58:58
3058,420091029,GENONI,NU,2021-09-01 12:58:58
3059,407010025,GENOVA,GE,2021-09-01 12:58:58
3060,420092023,GENURI,CA,2021-09-01 12:58:58
3061,417076036,GENZANO DI LUCANIA,PZ,2021-09-01 12:58:58
3062,412058043,GENZANO DI ROMA,RM,2021-09-01 12:58:58
3063,403013107,GERA LARIO,CO,2021-09-01 12:58:58
3064,418080036,GERACE,RC,2021-09-01 12:58:58
3065,419082037,GERACI SICULO,PA,2021-09-01 12:58:58
3066,412058044,GERANO,RM,2021-09-01 12:58:58
3067,403018071,GERENZAGO,PV,2021-09-01 12:58:58
3068,403012075,GERENZANO,VA,2021-09-01 12:58:58
3069,420091030,GERGEI,NU,2021-09-01 12:58:58
3070,401001113,GERMAGNANO,TO,2021-09-01 12:58:58
3071,401103032,GERMAGNO,VB,2021-09-01 12:58:58
3072,403012076,GERMIGNAGA,VA,2021-09-01 12:58:58
3073,418102016,GEROCARNE,VV,2021-09-01 12:58:58
3074,403014031,GEROLA ALTA,SO,2021-09-01 12:58:58
3075,403019048,GERRE DE' CAPRIOLI,CR,2021-09-01 12:58:58
3076,420092024,GESICO,CA,2021-09-01 12:58:58
3077,403015106,GESSATE,MI,2021-09-01 12:58:58
3078,413069040,GESSOPALENA,CH,2021-09-01 12:58:58
3079,420092025,GESTURI,CA,2021-09-01 12:58:58
3080,415064036,GESUALDO,AV,2021-09-01 12:58:58
3081,403017078,GHEDI,BS,2021-09-01 12:58:58
3082,401003073,GHEMME,NO,2021-09-01 12:58:58
3083,401103033,GHIFFA,VB,2021-09-01 12:58:58
3084,420095021,GHILARZA,OR,2021-09-01 12:58:58
3085,403016113,GHISALBA,BG,2021-09-01 12:58:58
3086,401002062,GHISLARENGO,VC,2021-09-01 12:58:58
3087,405029027,GIACCIANO CON BARUCHELLA,RO,2021-09-01 12:58:58
3088,401001114,GIAGLIONE,TO,2021-09-01 12:58:58
3089,403017079,GIANICO,BS,2021-09-01 12:58:58
3090,410054021,GIANO DELL'UMBRIA,PG,2021-09-01 12:58:59
3091,415061040,GIANO VETUSTO,CE,2021-09-01 12:58:59
3092,419082038,GIARDINELLO,PA,2021-09-01 12:58:59
3093,419083032,GIARDINI-NAXOS,ME,2021-09-01 12:58:59
3094,401006082,GIAROLE,AL,2021-09-01 12:58:59
3095,419088004,GIARRATANA,RG,2021-09-01 12:58:59
3096,419087017,GIARRE,CT,2021-09-01 12:58:59
3097,420090030,GIAVE,SS,2021-09-01 12:58:59
3098,401001115,GIAVENO,TO,2021-09-01 12:58:59
3099,405026032,GIAVERA DEL MONTELLO,TV,2021-09-01 12:58:59
3100,420092026,GIBA,CA,2021-09-01 12:58:59
3101,419081010,GIBELLINA,TP,2021-09-01 12:58:59
3102,401096027,GIFFLENGA,BI,2021-09-01 12:58:59
3103,418080037,GIFFONE,RC,2021-09-01 12:58:59
3104,415065055,GIFFONI SEI CASALI,SA,2021-09-01 12:58:59
3105,415065056,GIFFONI VALLE PIANA,SA,2021-09-01 12:58:59
3106,401103034,GIGNESE,VB,2021-09-01 12:58:59
3107,402007030,GIGNOD,AO,2021-09-01 12:58:59
3108,414070026,GILDONE,CB,2021-09-01 12:58:59
3109,418079058,GIMIGLIANO,CZ,2021-09-01 12:58:59
3110,417076099,GINESTRA,PZ,2021-09-01 12:58:59
3111,415062036,GINESTRA DEGLI SCHIAVONI,BN,2021-09-01 12:58:59
3112,416073007,GINOSA,TA,2021-09-01 12:58:59
3113,415065057,GIOI,SA,2021-09-01 12:58:59
3114,413066046,GIOIA DEI MARSI,AQ,2021-09-01 12:58:59
3115,416072021,GIOIA DEL COLLE,BA,2021-09-01 12:58:59
3116,415061041,GIOIA SANNITICA,CE,2021-09-01 12:58:59
3117,418080038,GIOIA TAURO,RC,2021-09-01 12:58:59
3118,418080039,GIOIOSA IONICA,RC,2021-09-01 12:58:59
3119,419083033,GIOIOSA MAREA,ME,2021-09-01 12:58:59
3120,410055014,GIOVE,TR,2021-09-01 12:58:59
3121,416072022,GIOVINAZZO,BA,2021-09-01 12:58:59
3122,404022092,GIOVO,TN,2021-09-01 12:58:59
3123,420091031,GIRASOLE,NU,2021-09-01 12:58:59
3124,418079059,GIRIFALCO,CZ,2021-09-01 12:58:59
3125,413069041,GISSI,CH,2021-09-01 12:58:59
3126,416075032,GIUGGIANELLO,LE,2021-09-01 12:58:59
3127,415063034,GIUGLIANO IN CAMPANIA,NA,2021-09-01 12:58:59
3128,419082039,GIULIANA,PA,2021-09-01 12:58:59
3129,412060041,GIULIANO DI ROMA,FR,2021-09-01 12:58:59
3130,413069042,GIULIANO TEATINO,CH,2021-09-01 12:58:59
3131,413067025,GIULIANOVA,TE,2021-09-01 12:58:59
3132,415065058,GIUNGANO,SA,2021-09-01 12:58:59
3133,416075033,GIURDIGNANO,LE,2021-09-01 12:58:59
3134,403018072,GIUSSAGO,PV,2021-09-01 12:58:59
3135,403108024,GIUSSANO,MB,2021-09-01 12:58:59
3136,407009031,GIUSTENICE,SV,2021-09-01 12:58:59
3137,404022093,GIUSTINO,TN,2021-09-01 12:58:59
3138,407009032,GIUSVALLA,SV,2021-09-01 12:58:59
3139,401001116,GIVOLETTO,TO,2021-09-01 12:58:59
3140,418079060,GIZZERIA,CZ,2021-09-01 12:58:59
3141,404021036,GLORENZA,BZ,2021-09-01 12:58:59
3142,405026033,GODEGA DI SANT'URBANO,TV,2021-09-01 12:58:59
3143,403018973,GODIASCO SALICE TERME,PV,2021-09-01 12:58:59
3144,419082040,GODRANO,PA,2021-09-01 12:58:59
3145,403020026,GOITO,MN,2021-09-01 12:58:59
3146,403012077,GOLASECCA,VA,2021-09-01 12:58:59
3147,403018074,GOLFERENZO,PV,2021-09-01 12:58:59
3148,420090083,GOLFO ARANCI,SS,2021-09-01 12:58:59
3149,403019049,GOMBITO,CR,2021-09-01 12:58:59
3150,406030044,GONARS,UD,2021-09-01 12:58:59
3151,420092027,GONI,CA,2021-09-01 12:58:59
3152,420092028,GONNESA,CA,2021-09-01 12:58:59
3153,420095022,GONNOSCODINA,OR,2021-09-01 12:58:59
3154,420092029,GONNOSFANADIGA,CA,2021-09-01 12:58:59
3155,420095023,GONNOSNO',OR,2021-09-01 12:58:59
3156,420095024,GONNOSTRAMATZA,OR,2021-09-01 12:58:59
3157,403020027,GONZAGA,MN,2021-09-01 12:58:59
3158,403014032,GORDONA,SO,2021-09-01 12:58:59
3159,412058045,GORGA,RM,2021-09-01 12:58:59
3160,405026034,GORGO AL MONTICANO,TV,2021-09-01 12:58:59
3161,417077010,GORGOGLIONE,MT,2021-09-01 12:58:59
3162,403015108,GORGONZOLA,MI,2021-09-01 12:58:59
3163,413066047,GORIANO SICOLI,AQ,2021-09-01 12:58:59
3164,406031007,GORIZIA,GO,2021-09-01 12:58:59
3165,403012078,GORLA MAGGIORE,VA,2021-09-01 12:58:59
3166,403012079,GORLA MINORE,VA,2021-09-01 12:58:59
3167,403016114,GORLAGO,BG,2021-09-01 12:58:59
3168,403016115,GORLE,BG,2021-09-01 12:58:59
3169,403012080,GORNATE-OLONA,VA,2021-09-01 12:58:59
3170,403016116,GORNO,BG,2021-09-01 12:58:59
3171,408038025,GORO,FE,2021-09-01 12:58:59
3172,407010026,GORRETO,GE,2021-09-01 12:58:59
3173,401004097,GORZEGNO,CN,2021-09-01 12:58:59
3174,405025025,GOSALDO,BL,2021-09-01 12:58:59
3175,408033023,GOSSOLENGO,PC,2021-09-01 12:58:59
3176,401004098,GOTTASECCA,CN,2021-09-01 12:58:59
3177,403017080,GOTTOLENGO,BS,2021-09-01 12:58:59
3178,401004099,GOVONE,CN,2021-09-01 12:58:59
3179,401003076,GOZZANO,NO,2021-09-01 12:58:59
3180,411041020,GRADARA,PS,2021-09-01 12:58:59
3181,406031008,GRADISCA D'ISONZO,GO,2021-09-01 12:58:59
3182,406031009,GRADO,GO,2021-09-01 12:58:59
3183,412056028,GRADOLI,VT,2021-09-01 12:58:59
3184,403098028,GRAFFIGNANA,LO,2021-09-01 12:58:59
3185,412056029,GRAFFIGNANO,VT,2021-09-01 12:58:59
3186,401096028,GRAGLIA,BI,2021-09-01 12:58:59
3187,415063035,GRAGNANO,NA,2021-09-01 12:58:59
3188,408033024,GRAGNANO TREBBIENSE,PC,2021-09-01 12:58:59
3189,419087018,GRAMMICHELE,CT,2021-09-01 12:58:59
3190,401005056,GRANA,AT,2021-09-01 12:58:59
3191,408037030,GRANAROLO DELL'EMILIA,BO,2021-09-01 12:58:59
3192,403013110,GRANDATE,CO,2021-09-01 12:58:59
3193,403013111,GRANDOLA ED UNITI,CO,2021-09-01 12:58:59
3194,419083034,GRANITI,ME,2021-09-01 12:58:59
3195,401003077,GRANOZZO CON MONTICELLO,NO,2021-09-01 12:58:59
3196,403012081,GRANTOLA,VA,2021-09-01 12:58:59
3197,405028042,GRANTORTO,PD,2021-09-01 12:58:59
3198,405028043,GRANZE,PD,2021-09-01 12:58:59
3199,417077011,GRASSANO,MT,2021-09-01 12:58:59
3200,403016117,GRASSOBBIO,BG,2021-09-01 12:58:59
3201,419082041,GRATTERI,PA,2021-09-01 12:58:59
3202,403013249,GRAVEDONA ED UNITI,CO,2021-09-01 12:58:59
3203,403018075,GRAVELLONA LOMELLINA,PV,2021-09-01 12:58:59
3204,401103035,GRAVELLONA TOCE,VB,2021-09-01 12:58:59
3205,401001117,GRAVERE,TO,2021-09-01 12:58:59
3206,419087019,GRAVINA DI CATANIA,CT,2021-09-01 12:59:00
3207,416072023,GRAVINA IN PUGLIA,BA,2021-09-01 12:59:00
3208,415061042,GRAZZANISE,CE,2021-09-01 12:59:00
3209,401005057,GRAZZANO BADOGLIO,AT,2021-09-01 12:59:00
3210,412057031,GRECCIO,RI,2021-09-01 12:59:00
3211,415064037,GRECI,AV,2021-09-01 12:59:00
3212,401002065,GREGGIO,VC,2021-09-01 12:59:00
3213,401006083,GREMIASCO,AL,2021-09-01 12:59:00
3214,402007031,GRESSAN,AO,2021-09-01 12:59:00
3215,402007032,GRESSONEY-LA-TRINITE',AO,2021-09-01 12:59:00
3216,402007033,GRESSONEY-SAINT-JEAN,AO,2021-09-01 12:59:00
3217,409048021,GREVE IN CHIANTI,FI,2021-09-01 12:59:00
3218,403015110,GREZZAGO,MI,2021-09-01 12:59:00
3219,405023038,GREZZANA,VR,2021-09-01 12:59:00
3220,403013113,GRIANTE,CO,2021-09-01 12:59:00
3221,415061043,GRICIGNANO DI AVERSA,CE,2021-09-01 12:59:00
3222,401003079,GRIGNASCO,NO,2021-09-01 12:59:00
3223,404022095,GRIGNO,TN,2021-09-01 12:59:00
3224,406030045,GRIMACCO,UD,2021-09-01 12:59:00
3225,418078059,GRIMALDI,CS,2021-09-01 12:59:00
3226,401004100,GRINZANE CAVOUR,CN,2021-09-01 12:59:00
3227,405024046,GRISIGNANO DI ZOCCO,VI,2021-09-01 12:59:00
3228,418078060,GRISOLIA,CS,2021-09-01 12:59:00
3229,408037031,GRIZZANA MORANDI,BO,2021-09-01 12:59:00
3230,401006084,GROGNARDO,AL,2021-09-01 12:59:00
3231,403016118,GROMO,BG,2021-09-01 12:59:00
3232,401006085,GRONDONA,AL,2021-09-01 12:59:00
3233,403016119,GRONE,BG,2021-09-01 12:59:00
3234,403019050,GRONTARDO,CR,2021-09-01 12:59:00
3235,403018076,GROPELLO CAIROLI,PV,2021-09-01 12:59:00
3236,408033025,GROPPARELLO,PC,2021-09-01 12:59:00
3237,401001118,GROSCAVALLO,TO,2021-09-01 12:59:00
3238,403014033,GROSIO,SO,2021-09-01 12:59:00
3239,403014034,GROSOTTO,SO,2021-09-01 12:59:00
3240,409053011,GROSSETO,GR,2021-09-01 12:59:00
3241,401001119,GROSSO,TO,2021-09-01 12:59:00
3242,412058046,GROTTAFERRATA,RM,2021-09-01 12:59:00
3243,416073008,GROTTAGLIE,TA,2021-09-01 12:59:00
3244,415064038,GROTTAMINARDA,AV,2021-09-01 12:59:00
3245,411044023,GROTTAMMARE,AP,2021-09-01 12:59:00
3246,411109008,GROTTAZZOLINA,FM,2021-09-01 12:59:00
3247,419084018,GROTTE,AG,2021-09-01 12:59:00
3248,412056030,GROTTE DI CASTRO,VT,2021-09-01 12:59:00
3249,418080040,GROTTERIA,RC,2021-09-01 12:59:00
3250,417077012,GROTTOLE,MT,2021-09-01 12:59:00
3251,415064039,GROTTOLELLA,AV,2021-09-01 12:59:00
3252,405027018,GRUARO,VE,2021-09-01 12:59:00
3253,401001120,GRUGLIASCO,TO,2021-09-01 12:59:00
3254,403019051,GRUMELLO CREMONESE ED UNITI,CR,2021-09-01 12:59:00
3255,403016120,GRUMELLO DEL MONTE,BG,2021-09-01 12:59:00
3256,417076037,GRUMENTO NOVA,PZ,2021-09-01 12:59:00
3257,416072024,GRUMO APPULA,BA,2021-09-01 12:59:00
3258,415063036,GRUMO NEVANO,NA,2021-09-01 12:59:00
3259,405024047,GRUMOLO DELLE ABBADESSE,VI,2021-09-01 12:59:00
3260,416075034,GUAGNANO,LE,2021-09-01 12:59:00
3261,411043021,GUALDO,MC,2021-09-01 12:59:00
3262,410054022,GUALDO CATTANEO,PG,2021-09-01 12:59:00
3263,410054023,GUALDO TADINO,PG,2021-09-01 12:59:00
3264,408035023,GUALTIERI,RE,2021-09-01 12:59:00
3265,419083035,GUALTIERI SICAMINO',ME,2021-09-01 12:59:00
3266,420092030,GUAMAGGIORE,CA,2021-09-01 12:59:00
3267,403013114,GUANZATE,CO,2021-09-01 12:59:00
3268,412060042,GUARCINO,FR,2021-09-01 12:59:00
3269,405029028,GUARDA VENETA,RO,2021-09-01 12:59:00
3270,401002066,GUARDABOSONE,VC,2021-09-01 12:59:00
3271,403098029,GUARDAMIGLIO,LO,2021-09-01 12:59:00
3272,418079061,GUARDAVALLE,CZ,2021-09-01 12:59:00
3273,410055015,GUARDEA,TR,2021-09-01 12:59:00
3274,415064040,GUARDIA LOMBARDI,AV,2021-09-01 12:59:00
3275,417076038,GUARDIA PERTICARA,PZ,2021-09-01 12:59:00
3276,418078061,GUARDIA PIEMONTESE,CS,2021-09-01 12:59:00
3277,415062037,GUARDIA SANFRAMONDI,BN,2021-09-01 12:59:00
3278,413069043,GUARDIAGRELE,CH,2021-09-01 12:59:00
3279,414070027,GUARDIALFIERA,CB,2021-09-01 12:59:00
3280,414070028,GUARDIAREGIA,CB,2021-09-01 12:59:00
3281,409050015,GUARDISTALLO,PI,2021-09-01 12:59:00
3282,401004101,GUARENE,CN,2021-09-01 12:59:00
3283,420092031,GUASILA,CA,2021-09-01 12:59:00
3284,408035024,GUASTALLA,RE,2021-09-01 12:59:00
3285,401006086,GUAZZORA,AL,2021-09-01 12:59:00
3286,410054024,GUBBIO,PG,2021-09-01 12:59:00
3287,403015112,GUDO VISCONTI,MI,2021-09-01 12:59:00
3288,414070029,GUGLIONESI,CB,2021-09-01 12:59:00
3289,403020028,GUIDIZZOLO,MN,2021-09-01 12:59:00
3290,412058047,GUIDONIA MONTECELIO,RM,2021-09-01 12:59:00
3291,408036017,GUIGLIA,MO,2021-09-01 12:59:00
3292,413069044,GUILMI,CH,2021-09-01 12:59:00
3293,401103036,GURRO,VB,2021-09-01 12:59:00
3294,420092032,GUSPINI,CA,2021-09-01 12:59:00
3295,403017081,GUSSAGO,BS,2021-09-01 12:59:00
3296,403019052,GUSSOLA,CR,2021-09-01 12:59:00
3297,402007034,HONE,AO,2021-09-01 12:59:00
3298,403017082,IDRO,BS,2021-09-01 12:59:00
3299,420092033,IGLESIAS,CA,2021-09-01 12:59:00
3300,401004102,IGLIANO,CN,2021-09-01 12:59:00
3301,420091032,ILBONO,NU,2021-09-01 12:59:00
3302,405023039,ILLASI,VR,2021-09-01 12:59:00
3303,420090031,ILLORAI,SS,2021-09-01 12:59:00
3304,403097039,IMBERSAGO,LC,2021-09-01 12:59:00
3305,404022097,IMER,TN,2021-09-01 12:59:00
3306,408037032,IMOLA,BO,2021-09-01 12:59:00
3307,407008031,IMPERIA,IM,2021-09-01 12:59:00
3308,409048022,IMPRUNETA,FI,2021-09-01 12:59:00
3309,403012082,INARZO,VA,2021-09-01 12:59:00
3310,401005058,INCISA SCAPACCINO,AT,2021-09-01 12:59:00
3311,403017083,INCUDINE,BS,2021-09-01 12:59:00
3312,403012083,INDUNO OLONA,VA,2021-09-01 12:59:00
3313,401001121,INGRIA,TO,2021-09-01 12:59:00
3314,401103037,INTRAGNA,VB,2021-09-01 12:59:00
3315,403097040,INTROBIO,LC,2021-09-01 12:59:00
3316,402007035,INTROD,AO,2021-09-01 12:59:00
3317,413066048,INTRODACQUA,AQ,2021-09-01 12:59:00
3318,403097041,INTROZZO,LC,2021-09-01 12:59:00
3319,403013118,INVERIGO,CO,2021-09-01 12:59:00
3320,403018077,INVERNO E MONTELEONE,PV,2021-09-01 12:59:00
3321,401001122,INVERSO PINASCA,TO,2021-09-01 12:59:00
3322,403015113,INVERUNO,MI,2021-09-01 12:59:00
3323,401003082,INVORIO,NO,2021-09-01 12:59:00
3324,403015114,INZAGO,MI,2021-09-01 12:59:00
3325,418102017,IONADI,VV,2021-09-01 12:59:00
3326,420091033,IRGOLI,NU,2021-09-01 12:59:01
3327,403017084,IRMA,BS,2021-09-01 12:59:01
3328,417077013,IRSINA,MT,2021-09-01 12:59:01
3329,401004103,ISASCA,CN,2021-09-01 12:59:01
3330,418079063,ISCA SULLO IONIO,CZ,2021-09-01 12:59:01
3331,415063037,ISCHIA,NA,2021-09-01 12:59:01
3332,412056031,ISCHIA DI CASTRO,VT,2021-09-01 12:59:01
3333,416071025,ISCHITELLA,FG,2021-09-01 12:59:01
3334,403017085,ISEO,BS,2021-09-01 12:59:01
3335,404022098,ISERA,TN,2021-09-01 12:59:01
3336,414094023,ISERNIA,IS,2021-09-01 12:59:01
3337,420092114,ISILI,CA,2021-09-01 12:59:01
3338,419082042,ISNELLO,PA,2021-09-01 12:59:01
3339,401005059,ISOLA D'ASTI,AT,2021-09-01 12:59:01
3340,407010027,ISOLA DEL CANTONE,GE,2021-09-01 12:59:01
3341,409053012,ISOLA DEL GIGLIO,GR,2021-09-01 12:59:01
3342,413067026,ISOLA DEL GRAN SASSO D'ITALIA,TE,2021-09-01 12:59:01
3343,412060043,ISOLA DEL LIRI,FR,2021-09-01 12:59:01
3344,411041021,ISOLA DEL PIANO,PS,2021-09-01 12:59:01
3345,405023040,ISOLA DELLA SCALA,VR,2021-09-01 12:59:01
3346,419082043,ISOLA DELLE FEMMINE,PA,2021-09-01 12:59:01
3347,418101013,ISOLA DI CAPO RIZZUTO,KR,2021-09-01 12:59:01
3348,403016121,ISOLA DI FONDRA,BG,2021-09-01 12:59:01
3349,403019053,ISOLA DOVARESE,CR,2021-09-01 12:59:01
3350,405023041,ISOLA RIZZA,VR,2021-09-01 12:59:01
3351,401006087,ISOLA SANT'ANTONIO,AL,2021-09-01 12:59:01
3352,405024048,ISOLA VICENTINA,VI,2021-09-01 12:59:01
3353,401001123,ISOLABELLA,TO,2021-09-01 12:59:01
3354,407008032,ISOLABONA,IM,2021-09-01 12:59:01
3355,416071026,ISOLE TREMITI,FG,2021-09-01 12:59:01
3356,403017086,ISORELLA,BS,2021-09-01 12:59:01
3357,415065059,ISPANI,SA,2021-09-01 12:59:01
3358,419088005,ISPICA,RG,2021-09-01 12:59:01
3359,403012084,ISPRA,VA,2021-09-01 12:59:01
3360,401001124,ISSIGLIO,TO,2021-09-01 12:59:01
3361,402007036,ISSIME,AO,2021-09-01 12:59:01
3362,403016122,ISSO,BG,2021-09-01 12:59:01
3363,402007037,ISSOGNE,AO,2021-09-01 12:59:01
3364,405026035,ISTRANA,TV,2021-09-01 12:59:01
3365,419083036,ITALA,ME,2021-09-01 12:59:01
3366,412059010,ITRI,LT,2021-09-01 12:59:01
3367,420090032,ITTIREDDU,SS,2021-09-01 12:59:01
3368,420090033,ITTIRI,SS,2021-09-01 12:59:01
3369,401001125,IVREA,TO,2021-09-01 12:59:01
3370,403019054,IZANO,CR,2021-09-01 12:59:01
3371,418079065,JACURSO,CZ,2021-09-01 12:59:01
3372,414070030,JELSI,CB,2021-09-01 12:59:01
3373,412058048,JENNE,RM,2021-09-01 12:59:01
3374,403012085,JERAGO CON ORAGO,VA,2021-09-01 12:59:01
3375,420091035,JERZU,NU,2021-09-01 12:59:01
3376,411042021,JESI,AN,2021-09-01 12:59:01
3377,405027019,JESOLO,VE,2021-09-01 12:59:01
3378,408038010,JOLANDA DI SAVOIA,FE,2021-09-01 12:59:01
3379,418102018,JOPPOLO,VV,2021-09-01 12:59:01
3380,419084019,JOPPOLO GIANCAXIO,AG,2021-09-01 12:59:01
3381,402007038,JOVENCAN,AO,2021-09-01 12:59:01
3382,413066049,L'AQUILA,AQ,2021-09-01 12:59:01
3383,401001126,LA CASSA,TO,2021-09-01 12:59:01
3384,401001127,LA LOGGIA,TO,2021-09-01 12:59:01
3385,420090035,LA MADDALENA,SS,2021-09-01 12:59:01
3386,402007039,LA MAGDELEINE,AO,2021-09-01 12:59:01
3387,401004105,LA MORRA,CN,2021-09-01 12:59:01
3388,402007040,LA SALLE,AO,2021-09-01 12:59:01
3389,407011015,LA SPEZIA,SP,2021-09-01 12:59:01
3390,402007041,LA THUILE,AO,2021-09-01 12:59:01
3391,404021117,LA VALLE,BZ,2021-09-01 12:59:01
3392,405025027,LA VALLE AGORDINA,BL,2021-09-01 12:59:01
3393,403097092,LA VALLETTA BRIANZA,LC,2021-09-01 12:59:01
3394,412058049,LABICO,RM,2021-09-01 12:59:01
3395,412057032,LABRO,RI,2021-09-01 12:59:01
3396,403015115,LACCHIARELLA,MI,2021-09-01 12:59:01
3397,415063038,LACCO AMENO,NA,2021-09-01 12:59:01
3398,415064041,LACEDONIA,AV,2021-09-01 12:59:01
3399,404021037,LACES,BZ,2021-09-01 12:59:01
3400,420091036,LACONI,NU,2021-09-01 12:59:01
3401,412058116,LADISPOLI,RM,2021-09-01 12:59:01
3402,420090034,LAERRU,SS,2021-09-01 12:59:01
3403,418080041,LAGANADI,RC,2021-09-01 12:59:01
3404,405024049,LAGHI,VI,2021-09-01 12:59:01
3405,403013119,LAGLIO,CO,2021-09-01 12:59:01
3406,401004104,LAGNASCO,CN,2021-09-01 12:59:01
3407,418078062,LAGO,CS,2021-09-01 12:59:01
3408,417076039,LAGONEGRO,PZ,2021-09-01 12:59:01
3409,408038011,LAGOSANTO,FE,2021-09-01 12:59:01
3410,404021038,LAGUNDO,BZ,2021-09-01 12:59:01
3411,407009033,LAIGUEGLIA,SV,2021-09-01 12:59:01
3412,403015116,LAINATE,MI,2021-09-01 12:59:01
3413,403013120,LAINO,CO,2021-09-01 12:59:01
3414,418078063,LAINO BORGO,CS,2021-09-01 12:59:01
3415,418078064,LAINO CASTELLO,CS,2021-09-01 12:59:01
3416,404021039,LAION,BZ,2021-09-01 12:59:01
3417,404021040,LAIVES,BZ,2021-09-01 12:59:01
3418,409050016,LAJATICO,PI,2021-09-01 12:59:01
3419,403016123,LALLIO,BG,2021-09-01 12:59:01
3420,413069045,LAMA DEI PELIGNI,CH,2021-09-01 12:59:01
3421,408036018,LAMA MOCOGNO,MO,2021-09-01 12:59:01
3422,403013121,LAMBRUGO,CO,2021-09-01 12:59:01
3423,418079160,LAMEZIA TERME,CZ,2021-09-01 12:59:01
3424,405025026,LAMON,BL,2021-09-01 12:59:01
3425,419084020,LAMPEDUSA E LINOSA,AG,2021-09-01 12:59:01
3426,409047005,LAMPORECCHIO,PT,2021-09-01 12:59:01
3427,401002067,LAMPORO,VC,2021-09-01 12:59:01
3428,404021041,LANA,BZ,2021-09-01 12:59:01
3429,413069046,LANCIANO,CH,2021-09-01 12:59:01
3430,401003083,LANDIONA,NO,2021-09-01 12:59:01
3431,403018078,LANDRIANO,PV,2021-09-01 12:59:01
3432,408034018,LANGHIRANO,PR,2021-09-01 12:59:01
3433,403018079,LANGOSCO,PV,2021-09-01 12:59:01
3434,420091037,LANUSEI,NU,2021-09-01 12:59:01
3435,412058050,LANUVIO,RM,2021-09-01 12:59:01
3436,403014036,LANZADA,SO,2021-09-01 12:59:01
3437,401001128,LANZO TORINESE,TO,2021-09-01 12:59:01
3438,411109009,LAPEDONA,FM,2021-09-01 12:59:01
3439,415064042,LAPIO,AV,2021-09-01 12:59:01
3440,418078065,LAPPANO,CS,2021-09-01 12:59:01
3441,409047006,LARCIANO,PT,2021-09-01 12:59:01
3442,403018080,LARDIRAGO,PV,2021-09-01 12:59:01
3443,412058115,LARIANO,RM,2021-09-01 12:59:01
3444,414070031,LARINO,CB,2021-09-01 12:59:01
3445,420092034,LAS PLASSAS,CA,2021-09-01 12:59:01
3446,404021042,LASA,BZ,2021-09-01 12:59:01
3447,419082044,LASCARI,PA,2021-09-01 12:59:02
3448,403013123,LASNIGO,CO,2021-09-01 12:59:02
3449,405024050,LASTEBASSE,VI,2021-09-01 12:59:02
3450,409048024,LASTRA A SIGNA,FI,2021-09-01 12:59:02
3451,412056032,LATERA,VT,2021-09-01 12:59:02
3452,409051019,LATERINA,AR,2021-09-01 12:59:02
3453,416073009,LATERZA,TA,2021-09-01 12:59:02
3454,416074009,LATIANO,BR,2021-09-01 12:59:02
3455,412059011,LATINA,LT,2021-09-01 12:59:02
3456,406030046,LATISANA,UD,2021-09-01 12:59:02
3457,417076040,LATRONICO,PZ,2021-09-01 12:59:02
3458,418078066,LATTARICO,CS,2021-09-01 12:59:02
3459,406030047,LAUCO,UD,2021-09-01 12:59:02
3460,415065060,LAUREANA CILENTO,SA,2021-09-01 12:59:02
3461,418080042,LAUREANA DI BORRELLO,RC,2021-09-01 12:59:02
3462,404021043,LAUREGNO,BZ,2021-09-01 12:59:02
3463,417076041,LAURENZANA,PZ,2021-09-01 12:59:02
3464,417076042,LAURIA,PZ,2021-09-01 12:59:02
3465,401001129,LAURIANO,TO,2021-09-01 12:59:02
3466,415065061,LAURINO,SA,2021-09-01 12:59:02
3467,415065062,LAURITO,SA,2021-09-01 12:59:02
3468,415064043,LAURO,AV,2021-09-01 12:59:02
3469,407010028,LAVAGNA,GE,2021-09-01 12:59:02
3470,405023042,LAVAGNO,VR,2021-09-01 12:59:02
3471,404022102,LAVARONE,TN,2021-09-01 12:59:02
3472,417076043,LAVELLO,PZ,2021-09-01 12:59:02
3473,403012086,LAVENA-PONTE TRESA,VA,2021-09-01 12:59:02
3474,403012087,LAVENO-MOMBELLO,VA,2021-09-01 12:59:02
3475,403017087,LAVENONE,BS,2021-09-01 12:59:02
3476,415065063,LAVIANO,SA,2021-09-01 12:59:02
3477,404022103,LAVIS,TN,2021-09-01 12:59:02
3478,405023043,LAZISE,VR,2021-09-01 12:59:02
3479,403108025,LAZZATE,MB,2021-09-01 12:59:02
3480,416075035,LECCE,LE,2021-09-01 12:59:02
3481,413066050,LECCE NEI MARSI,AQ,2021-09-01 12:59:02
3482,403097042,LECCO,LC,2021-09-01 12:59:02
3483,404022229,LEDRO,TN,2021-09-01 12:59:02
3484,403016124,LEFFE,BG,2021-09-01 12:59:02
3485,403012088,LEGGIUNO,VA,2021-09-01 12:59:02
3486,405023044,LEGNAGO,VR,2021-09-01 12:59:02
3487,403015118,LEGNANO,MI,2021-09-01 12:59:02
3488,405028044,LEGNARO,PD,2021-09-01 12:59:02
3489,420091038,LEI,NU,2021-09-01 12:59:02
3490,401001130,LEINI,TO,2021-09-01 12:59:02
3491,407010029,LEIVI,GE,2021-09-01 12:59:02
3492,401001131,LEMIE,TO,2021-09-01 12:59:02
3493,405029029,LENDINARA,RO,2021-09-01 12:59:02
3494,419083037,LENI,ME,2021-09-01 12:59:02
3495,403016125,LENNA,BG,2021-09-01 12:59:02
3496,403017088,LENO,BS,2021-09-01 12:59:02
3497,412059012,LENOLA,LT,2021-09-01 12:59:02
3498,401002068,LENTA,VC,2021-09-01 12:59:02
3499,403108054,LENTATE SUL SEVESO,MB,2021-09-01 12:59:02
3500,413069047,LENTELLA,CH,2021-09-01 12:59:02
3501,405025028,LENTIAI,BL,2021-09-01 12:59:02
3502,419089011,LENTINI,SR,2021-09-01 12:59:02
3503,412057033,LEONESSA,RI,2021-09-01 12:59:02
3504,419086011,LEONFORTE,EN,2021-09-01 12:59:02
3505,416073010,LEPORANO,TA,2021-09-01 12:59:02
3506,416075036,LEQUILE,LE,2021-09-01 12:59:02
3507,401004106,LEQUIO BERRIA,CN,2021-09-01 12:59:02
3508,401004107,LEQUIO TANARO,CN,2021-09-01 12:59:02
3509,419082045,LERCARA FRIDDI,PA,2021-09-01 12:59:02
3510,407011016,LERICI,SP,2021-09-01 12:59:02
3511,401006088,LERMA,AL,2021-09-01 12:59:02
3512,401003084,LESA,NO,2021-09-01 12:59:02
3513,401004108,LESEGNO,CN,2021-09-01 12:59:02
3514,408034019,LESIGNANO DE' BAGNI,PR,2021-09-01 12:59:02
3515,416071027,LESINA,FG,2021-09-01 12:59:02
3516,403108026,LESMO,MB,2021-09-01 12:59:02
3517,401001132,LESSOLO,TO,2021-09-01 12:59:02
3518,401096085,LESSONA,BI,2021-09-01 12:59:02
3519,406030048,LESTIZZA,UD,2021-09-01 12:59:02
3520,415061044,LETINO,CE,2021-09-01 12:59:02
3521,419083038,LETOJANNI,ME,2021-09-01 12:59:02
3522,415063039,LETTERE,NA,2021-09-01 12:59:02
3523,413068020,LETTOMANOPPELLO,PE,2021-09-01 12:59:02
3524,413069048,LETTOPALENA,CH,2021-09-01 12:59:02
3525,407011017,LEVANTO,SP,2021-09-01 12:59:02
3526,403016126,LEVATE,BG,2021-09-01 12:59:02
3527,416075037,LEVERANO,LE,2021-09-01 12:59:02
3528,401004109,LEVICE,CN,2021-09-01 12:59:02
3529,404022104,LEVICO TERME,TN,2021-09-01 12:59:02
3530,401001133,LEVONE,TO,2021-09-01 12:59:02
3531,403013126,LEZZENO,CO,2021-09-01 12:59:02
3532,415061045,LIBERI,CE,2021-09-01 12:59:02
3533,419083039,LIBRIZZI,ME,2021-09-01 12:59:02
3534,419084021,LICATA,AG,2021-09-01 12:59:02
3535,409045009,LICCIANA NARDI,MS,2021-09-01 12:59:02
3536,412058051,LICENZA,RM,2021-09-01 12:59:02
3537,419087020,LICODIA EUBEA,CT,2021-09-01 12:59:02
3538,403097043,LIERNA,LC,2021-09-01 12:59:02
3539,401002070,LIGNANA,VC,2021-09-01 12:59:02
3540,406030049,LIGNANO-SABBIADORO,UD,2021-09-01 12:59:02
3541,406030050,LIGOSULLO,UD,2021-09-01 12:59:02
3542,402007042,LILLIANES,AO,2021-09-01 12:59:02
3543,405025029,LIMANA,BL,2021-09-01 12:59:02
3544,415062038,LIMATOLA,BN,2021-09-01 12:59:02
3545,418102019,LIMBADI,VV,2021-09-01 12:59:02
3546,403108027,LIMBIATE,MB,2021-09-01 12:59:02
3547,405028045,LIMENA,PD,2021-09-01 12:59:02
3548,403013128,LIMIDO COMASCO,CO,2021-09-01 12:59:02
3549,419083040,LIMINA,ME,2021-09-01 12:59:02
3550,401004110,LIMONE PIEMONTE,CN,2021-09-01 12:59:02
3551,403017089,LIMONE SUL GARDA,BS,2021-09-01 12:59:02
3552,414070032,LIMOSANO,CB,2021-09-01 12:59:02
3553,403018081,LINAROLO,PV,2021-09-01 12:59:02
3554,419087021,LINGUAGLOSSA,CT,2021-09-01 12:59:02
3555,415064044,LIONI,AV,2021-09-01 12:59:02
3556,419083041,LIPARI,ME,2021-09-01 12:59:02
3557,403013129,LIPOMO,CO,2021-09-01 12:59:02
3558,403018082,LIRIO,PV,2021-09-01 12:59:02
3559,403015122,LISCATE,MI,2021-09-01 12:59:02
3560,413069049,LISCIA,CH,2021-09-01 12:59:02
3561,410054025,LISCIANO NICCONE,PG,2021-09-01 12:59:02
3562,401004111,LISIO,CN,2021-09-01 12:59:02
3563,403108028,LISSONE,MB,2021-09-01 12:59:02
3564,415063040,LIVERI,NA,2021-09-01 12:59:02
3565,403014037,LIVIGNO,SO,2021-09-01 12:59:02
3566,405025030,LIVINALLONGO DEL COL DI LANA,BL,2021-09-01 12:59:03
3567,403013130,LIVO,CO,2021-09-01 12:59:03
3568,404022106,LIVO,TN,2021-09-01 12:59:03
3569,409049009,LIVORNO,LI,2021-09-01 12:59:03
3570,401002071,LIVORNO FERRARIS,VC,2021-09-01 12:59:03
3571,403098030,LIVRAGA,LO,2021-09-01 12:59:03
3572,416075038,LIZZANELLO,LE,2021-09-01 12:59:03
3573,416073011,LIZZANO,TA,2021-09-01 12:59:03
3574,408037033,LIZZANO IN BELVEDERE,BO,2021-09-01 12:59:03
3575,407009034,LOANO,SV,2021-09-01 12:59:03
3576,401005060,LOAZZOLO,AT,2021-09-01 12:59:03
3577,401001134,LOCANA,TO,2021-09-01 12:59:03
3578,403015125,LOCATE DI TRIULZI,MI,2021-09-01 12:59:03
3579,403013131,LOCATE VARESINO,CO,2021-09-01 12:59:03
3580,403016127,LOCATELLO,BG,2021-09-01 12:59:03
3581,420091039,LOCERI,NU,2021-09-01 12:59:03
3582,416072025,LOCOROTONDO,BA,2021-09-01 12:59:03
3583,418080043,LOCRI,RC,2021-09-01 12:59:03
3584,420091040,LOCULI,NU,2021-09-01 12:59:03
3585,420091041,LODE',NU,2021-09-01 12:59:03
3586,403098031,LODI,LO,2021-09-01 12:59:03
3587,403098032,LODI VECCHIO,LO,2021-09-01 12:59:03
3588,420091104,LODINE,NU,2021-09-01 12:59:03
3589,403017090,LODRINO,BS,2021-09-01 12:59:03
3590,403017091,LOGRATO,BS,2021-09-01 12:59:03
3591,408037034,LOIANO,BO,2021-09-01 12:59:03
3592,420090084,LOIRI PORTO SAN PAOLO,SS,2021-09-01 12:59:03
3593,403097044,LOMAGNA,LC,2021-09-01 12:59:03
3594,403013133,LOMAZZO,CO,2021-09-01 12:59:03
3595,401001135,LOMBARDORE,TO,2021-09-01 12:59:03
3596,401001136,LOMBRIASCO,TO,2021-09-01 12:59:03
3597,403018083,LOMELLO,PV,2021-09-01 12:59:03
3598,404022108,LONA-LASES,TN,2021-09-01 12:59:03
3599,403012089,LONATE CEPPINO,VA,2021-09-01 12:59:03
3600,403012090,LONATE POZZOLO,VA,2021-09-01 12:59:03
3601,403017992,LONATO DEL GARDA,BS,2021-09-01 12:59:03
3602,409048025,LONDA,FI,2021-09-01 12:59:03
3603,414094024,LONGANO,IS,2021-09-01 12:59:03
3604,405024051,LONGARE,VI,2021-09-01 12:59:03
3605,405025071,LONGARONE,BL,2021-09-01 12:59:03
3606,403017093,LONGHENA,BS,2021-09-01 12:59:03
3607,419083042,LONGI,ME,2021-09-01 12:59:03
3608,408040018,LONGIANO,FO,2021-09-01 12:59:03
3609,418078067,LONGOBARDI,CS,2021-09-01 12:59:03
3610,418078068,LONGOBUCCO,CS,2021-09-01 12:59:03
3611,403013134,LONGONE AL SEGRINO,CO,2021-09-01 12:59:03
3612,412057034,LONGONE SABINO,RI,2021-09-01 12:59:03
3613,405024052,LONIGO,VI,2021-09-01 12:59:03
3614,401001137,LORANZE',TO,2021-09-01 12:59:03
3615,405028046,LOREGGIA,PD,2021-09-01 12:59:03
3616,401103038,LOREGLIA,VB,2021-09-01 12:59:03
3617,405025032,LORENZAGO DI CADORE,BL,2021-09-01 12:59:03
3618,405029030,LOREO,RO,2021-09-01 12:59:03
3619,411042022,LORETO,AN,2021-09-01 12:59:03
3620,413068021,LORETO APRUTINO,PE,2021-09-01 12:59:03
3621,405026036,LORIA,TV,2021-09-01 12:59:03
3622,409051020,LORO CIUFFENNA,AR,2021-09-01 12:59:03
3623,411043022,LORO PICENO,MC,2021-09-01 12:59:03
3624,407010030,LORSICA,GE,2021-09-01 12:59:03
3625,403017094,LOSINE,BS,2021-09-01 12:59:03
3626,420091042,LOTZORAI,NU,2021-09-01 12:59:03
3627,403016128,LOVERE,BG,2021-09-01 12:59:03
3628,403014038,LOVERO,SO,2021-09-01 12:59:03
3629,403017095,LOZIO,BS,2021-09-01 12:59:03
3630,403012091,LOZZA,VA,2021-09-01 12:59:03
3631,405028047,LOZZO ATESTINO,PD,2021-09-01 12:59:03
3632,405025033,LOZZO DI CADORE,BL,2021-09-01 12:59:03
3633,401002072,LOZZOLO,VC,2021-09-01 12:59:03
3634,401006089,LU,AL,2021-09-01 12:59:03
3635,412056033,LUBRIANO,VT,2021-09-01 12:59:03
3636,409046017,LUCCA,LU,2021-09-01 12:59:03
3637,419084022,LUCCA SICULA,AG,2021-09-01 12:59:03
3638,416071028,LUCERA,FG,2021-09-01 12:59:03
3639,409051021,LUCIGNANO,AR,2021-09-01 12:59:03
3640,407008033,LUCINASCO,IM,2021-09-01 12:59:03
3641,414070033,LUCITO,CB,2021-09-01 12:59:03
3642,413066051,LUCO DEI MARSI,AQ,2021-09-01 12:59:03
3643,413066052,LUCOLI,AQ,2021-09-01 12:59:03
3644,408033026,LUGAGNANO VAL D'ARDA,PC,2021-09-01 12:59:03
3645,401001138,LUGNACCO,TO,2021-09-01 12:59:03
3646,410055016,LUGNANO IN TEVERINA,TR,2021-09-01 12:59:03
3647,408039012,LUGO,RA,2021-09-01 12:59:03
3648,405024053,LUGO DI VICENZA,VI,2021-09-01 12:59:03
3649,403012092,LUINO,VA,2021-09-01 12:59:03
3650,403013135,LUISAGO,CO,2021-09-01 12:59:03
3651,420091043,LULA,NU,2021-09-01 12:59:03
3652,407010031,LUMARZO,GE,2021-09-01 12:59:03
3653,403017096,LUMEZZANE,BS,2021-09-01 12:59:03
3654,420092035,LUNAMATRONA,CA,2021-09-01 12:59:03
3655,411041022,LUNANO,PS,2021-09-01 12:59:03
3656,403018084,LUNGAVILLA,PV,2021-09-01 12:59:03
3657,418078069,LUNGRO,CS,2021-09-01 12:59:03
3658,407011920,LUNI,SP,2021-09-01 12:59:03
3659,415064045,LUOGOSANO,AV,2021-09-01 12:59:03
3660,420090036,LUOGOSANTO,SS,2021-09-01 12:59:03
3661,414070034,LUPARA,CB,2021-09-01 12:59:03
3662,403013136,LURAGO D'ERBA,CO,2021-09-01 12:59:03
3663,403013137,LURAGO MARINONE,CO,2021-09-01 12:59:03
3664,403016129,LURANO,BG,2021-09-01 12:59:03
3665,420090037,LURAS,SS,2021-09-01 12:59:03
3666,403013138,LURATE CACCIVIO,CO,2021-09-01 12:59:03
3667,415061046,LUSCIANO,CE,2021-09-01 12:59:03
3668,404022109,LUSERNA,TN,2021-09-01 12:59:03
3669,401001139,LUSERNA SAN GIOVANNI,TO,2021-09-01 12:59:03
3670,401001140,LUSERNETTA,TO,2021-09-01 12:59:03
3671,406030051,LUSEVERA,UD,2021-09-01 12:59:03
3672,405029031,LUSIA,RO,2021-09-01 12:59:03
3673,405024054,LUSIANA,VI,2021-09-01 12:59:03
3674,401001141,LUSIGLIE',TO,2021-09-01 12:59:03
3675,404021044,LUSON,BZ,2021-09-01 12:59:03
3676,415065064,LUSTRA,SA,2021-09-01 12:59:03
3677,403012093,LUVINATE,VA,2021-09-01 12:59:03
3678,403016130,LUZZANA,BG,2021-09-01 12:59:03
3679,408035026,LUZZARA,RE,2021-09-01 12:59:03
3680,418078070,LUZZI,CS,2021-09-01 12:59:03
3681,403012142,MACCAGNO CON PINO E VEDDASCA,VA,2021-09-01 12:59:03
3682,403098033,MACCASTORNA,LO,2021-09-01 12:59:03
3683,414094025,MACCHIA D'ISERNIA,IS,2021-09-01 12:59:03
3684,414070035,MACCHIA VALFORTORE,CB,2021-09-01 12:59:03
3685,414094026,MACCHIAGODENA,IS,2021-09-01 12:59:03
3686,401001142,MACELLO,TO,2021-09-01 12:59:03
3687,411043023,MACERATA,MC,2021-09-01 12:59:03
3688,415061047,MACERATA CAMPANIA,CE,2021-09-01 12:59:03
3689,411041023,MACERATA FELTRIA,PS,2021-09-01 12:59:03
3690,403108029,MACHERIO,MB,2021-09-01 12:59:03
3691,403017097,MACLODIO,BS,2021-09-01 12:59:03
3692,420091044,MACOMER,NU,2021-09-01 12:59:03
3693,401004112,MACRA,CN,2021-09-01 12:59:03
3694,401103039,MACUGNAGA,VB,2021-09-01 12:59:03
3695,415061048,MADDALONI,CE,2021-09-01 12:59:03
3696,403014035,MADESIMO,SO,2021-09-01 12:59:03
3697,403019055,MADIGNANO,CR,2021-09-01 12:59:03
3698,403016131,MADONE,BG,2021-09-01 12:59:03
3699,401103040,MADONNA DEL SASSO,VB,2021-09-01 12:59:03
3700,404022243,MADRUZZO,TN,2021-09-01 12:59:03
3701,412059013,MAENZA,LT,2021-09-01 12:59:03
3702,414070036,MAFALDA,CB,2021-09-01 12:59:03
3703,403017098,MAGASA,BS,2021-09-01 12:59:03
3704,403015130,MAGENTA,MI,2021-09-01 12:59:03
3705,401003088,MAGGIORA,NO,2021-09-01 12:59:03
3706,403018085,MAGHERNO,PV,2021-09-01 12:59:03
3707,410054026,MAGIONE,PG,2021-09-01 12:59:03
3708,418079068,MAGISANO,CZ,2021-09-01 12:59:03
3709,401004113,MAGLIANO ALFIERI,CN,2021-09-01 12:59:03
3710,401004114,MAGLIANO ALPI,CN,2021-09-01 12:59:04
3711,413066053,MAGLIANO DE' MARSI,AQ,2021-09-01 12:59:04
3712,411109010,MAGLIANO DI TENNA,FM,2021-09-01 12:59:04
3713,409053013,MAGLIANO IN TOSCANA,GR,2021-09-01 12:59:04
3714,412058052,MAGLIANO ROMANO,RM,2021-09-01 12:59:04
3715,412057035,MAGLIANO SABINA,RI,2021-09-01 12:59:04
3716,415065065,MAGLIANO VETERE,SA,2021-09-01 12:59:04
3717,416075039,MAGLIE,LE,2021-09-01 12:59:04
3718,407009035,MAGLIOLO,SV,2021-09-01 12:59:04
3719,401001143,MAGLIONE,TO,2021-09-01 12:59:04
3720,403020029,MAGNACAVALLO,MN,2021-09-01 12:59:04
3721,403015131,MAGNAGO,MI,2021-09-01 12:59:04
3722,401096030,MAGNANO,BI,2021-09-01 12:59:04
3723,406030052,MAGNANO IN RIVIERA,UD,2021-09-01 12:59:04
3724,420091045,MAGOMADAS,NU,2021-09-01 12:59:04
3725,404021045,MAGRE' SULLA STRADA DEL VINO,BZ,2021-09-01 12:59:04
3726,403013139,MAGREGLIO,CO,2021-09-01 12:59:04
3727,418079069,MAIDA,CZ,2021-09-01 12:59:04
3728,418078071,MAIERA',CS,2021-09-01 12:59:04
3729,418102020,MAIERATO,VV,2021-09-01 12:59:04
3730,411042023,MAIOLATI SPONTINI,AN,2021-09-01 12:59:04
3731,408099022,MAIOLO,RN,2021-09-01 12:59:04
3732,415065066,MAIORI,SA,2021-09-01 12:59:04
3733,403098034,MAIRAGO,LO,2021-09-01 12:59:04
3734,403017099,MAIRANO,BS,2021-09-01 12:59:04
3735,407011018,MAISSANA,SP,2021-09-01 12:59:04
3736,406030053,MAJANO,UD,2021-09-01 12:59:04
3737,403019056,MALAGNINO,CR,2021-09-01 12:59:04
3738,408037035,MALALBERGO,BO,2021-09-01 12:59:04
3739,406030054,MALBORGHETTO-VALBRUNA,UD,2021-09-01 12:59:04
3740,405023045,MALCESINE,VR,2021-09-01 12:59:04
3741,404022110,MALE',TN,2021-09-01 12:59:04
3742,403017100,MALEGNO,BS,2021-09-01 12:59:04
3743,403098035,MALEO,LO,2021-09-01 12:59:04
3744,401103041,MALESCO,VB,2021-09-01 12:59:04
3745,419087022,MALETTO,CT,2021-09-01 12:59:04
3746,419083043,MALFA,ME,2021-09-01 12:59:04
3747,403012095,MALGESSO,VA,2021-09-01 12:59:04
3748,403097045,MALGRATE,LC,2021-09-01 12:59:04
3749,418078072,MALITO,CS,2021-09-01 12:59:04
3750,407009036,MALLARE,SV,2021-09-01 12:59:04
3751,404021046,MALLES VENOSTA,BZ,2021-09-01 12:59:04
3752,403012096,MALNATE,VA,2021-09-01 12:59:04
3753,405024055,MALO,VI,2021-09-01 12:59:04
3754,403017101,MALONNO,BS,2021-09-01 12:59:04
3755,404022111,MALOSCO,TN,2021-09-01 12:59:04
3756,411044027,MALTIGNANO,AP,2021-09-01 12:59:04
3757,419083044,MALVAGNA,ME,2021-09-01 12:59:04
3758,401006090,MALVICINO,AL,2021-09-01 12:59:04
3759,418078073,MALVITO,CS,2021-09-01 12:59:04
3760,418080044,MAMMOLA,RC,2021-09-01 12:59:04
3761,420091046,MAMOIADA,NU,2021-09-01 12:59:04
3762,409053014,MANCIANO,GR,2021-09-01 12:59:04
3763,419083045,MANDANICI,ME,2021-09-01 12:59:04
3764,420092036,MANDAS,CA,2021-09-01 12:59:04
3765,418078074,MANDATORICCIO,CS,2021-09-01 12:59:04
3766,412058053,MANDELA,RM,2021-09-01 12:59:04
3767,403097046,MANDELLO DEL LARIO,LC,2021-09-01 12:59:04
3768,401003090,MANDELLO VITTA,NO,2021-09-01 12:59:04
3769,416073012,MANDURIA,TA,2021-09-01 12:59:04
3770,403017102,MANERBA DEL GARDA,BS,2021-09-01 12:59:04
3771,403017103,MANERBIO,BS,2021-09-01 12:59:04
3772,416071029,MANFREDONIA,FG,2021-09-01 12:59:04
3773,401004115,MANGO,CN,2021-09-01 12:59:04
3774,418078075,MANGONE,CS,2021-09-01 12:59:04
3775,419087057,MANIACE,CT,2021-09-01 12:59:04
3776,406093025,MANIAGO,PN,2021-09-01 12:59:04
3777,415064046,MANOCALZATI,AV,2021-09-01 12:59:04
3778,413068022,MANOPPELLO,PE,2021-09-01 12:59:04
3779,405026037,MANSUE',TV,2021-09-01 12:59:04
3780,401004116,MANTA,CN,2021-09-01 12:59:04
3781,403014039,MANTELLO,SO,2021-09-01 12:59:04
3782,403020030,MANTOVA,MN,2021-09-01 12:59:04
3783,406030055,MANZANO,UD,2021-09-01 12:59:04
3784,412058054,MANZIANA,RM,2021-09-01 12:59:04
3785,403016132,MAPELLO,BG,2021-09-01 12:59:04
3786,401001316,MAPPANO,TO,2021-09-01 12:59:04
3787,420090038,MARA,SS,2021-09-01 12:59:04
3788,420092037,MARACALAGONIS,CA,2021-09-01 12:59:04
3789,408036019,MARANELLO,MO,2021-09-01 12:59:04
3790,415063041,MARANO DI NAPOLI,NA,2021-09-01 12:59:04
3791,405023046,MARANO DI VALPOLICELLA,VR,2021-09-01 12:59:04
3792,412058055,MARANO EQUO,RM,2021-09-01 12:59:04
3793,406030056,MARANO LAGUNARE,UD,2021-09-01 12:59:04
3794,418078076,MARANO MARCHESATO,CS,2021-09-01 12:59:04
3795,418078077,MARANO PRINCIPATO,CS,2021-09-01 12:59:04
3796,408036020,MARANO SUL PANARO,MO,2021-09-01 12:59:04
3797,401003091,MARANO TICINO,NO,2021-09-01 12:59:04
3798,405024056,MARANO VICENTINO,VI,2021-09-01 12:59:04
3799,401005061,MARANZANA,AT,2021-09-01 12:59:04
3800,417076044,MARATEA,PZ,2021-09-01 12:59:04
3801,403015134,MARCALLO CON CASONE,MI,2021-09-01 12:59:04
3802,403020031,MARCARIA,MN,2021-09-01 12:59:04
3803,418079071,MARCEDUSA,CZ,2021-09-01 12:59:04
3804,412058056,MARCELLINA,RM,2021-09-01 12:59:04
3805,418079072,MARCELLINARA,CZ,2021-09-01 12:59:04
3806,412057036,MARCETELLI,RI,2021-09-01 12:59:04
3807,403017104,MARCHENO,BS,2021-09-01 12:59:04
3808,403012097,MARCHIROLO,VA,2021-09-01 12:59:04
3809,409049010,MARCIANA,LI,2021-09-01 12:59:04
3810,409049011,MARCIANA MARINA,LI,2021-09-01 12:59:04
3811,415061049,MARCIANISE,CE,2021-09-01 12:59:04
3812,409051022,MARCIANO DELLA CHIANA,AR,2021-09-01 12:59:04
3813,403018086,MARCIGNAGO,PV,2021-09-01 12:59:04
3814,405027020,MARCON,VE,2021-09-01 12:59:04
3815,404021047,MAREBBE,BZ,2021-09-01 12:59:04
3816,401004117,MARENE,CN,2021-09-01 12:59:04
3817,405026038,MARENO DI PIAVE,TV,2021-09-01 12:59:04
3818,401001144,MARENTINO,TO,2021-09-01 12:59:04
3819,401005062,MARETTO,AT,2021-09-01 12:59:04
3820,401004118,MARGARITA,CN,2021-09-01 12:59:04
3821,416110005,MARGHERITA DI SAVOIA,BT,2021-09-01 12:59:04
3822,403097047,MARGNO,LC,2021-09-01 12:59:04
3823,403020032,MARIANA MANTOVANA,MN,2021-09-01 12:59:04
3824,403013143,MARIANO COMENSE,CO,2021-09-01 12:59:04
3825,406031010,MARIANO DEL FRIULI,GO,2021-09-01 12:59:04
3826,419085008,MARIANOPOLI,CL,2021-09-01 12:59:04
3827,415063042,MARIGLIANELLA,NA,2021-09-01 12:59:04
3828,415063043,MARIGLIANO,NA,2021-09-01 12:59:04
3829,418080045,MARINA DI GIOIOSA IONICA,RC,2021-09-01 12:59:04
3830,419082046,MARINEO,PA,2021-09-01 12:59:04
3831,412058057,MARINO,RM,2021-09-01 12:59:04
3832,404021048,MARLENGO,BZ,2021-09-01 12:59:04
3833,409047007,MARLIANA,PT,2021-09-01 12:59:04
3834,403017105,MARMENTINO,BS,2021-09-01 12:59:04
3835,403020033,MARMIROLO,MN,2021-09-01 12:59:04
3836,401004119,MARMORA,CN,2021-09-01 12:59:05
3837,403012098,MARNATE,VA,2021-09-01 12:59:05
3838,403017106,MARONE,BS,2021-09-01 12:59:05
3839,418080046,MAROPATI,RC,2021-09-01 12:59:05
3840,405024057,MAROSTICA,VI,2021-09-01 12:59:05
3841,409048026,MARRADI,FI,2021-09-01 12:59:05
3842,420095025,MARRUBIU,OR,2021-09-01 12:59:05
3843,401004120,MARSAGLIA,CN,2021-09-01 12:59:05
3844,419081011,MARSALA,TP,2021-09-01 12:59:05
3845,410054027,MARSCIANO,PG,2021-09-01 12:59:05
3846,417076045,MARSICO NUOVO,PZ,2021-09-01 12:59:05
3847,417076046,MARSICOVETERE,PZ,2021-09-01 12:59:05
3848,412056034,MARTA,VT,2021-09-01 12:59:05
3849,416075040,MARTANO,LE,2021-09-01 12:59:05
3850,405027021,MARTELLAGO,VE,2021-09-01 12:59:05
3851,404021049,MARTELLO,BZ,2021-09-01 12:59:05
3852,406030057,MARTIGNACCO,UD,2021-09-01 12:59:05
3853,403019057,MARTIGNANA DI PO,CR,2021-09-01 12:59:05
3854,416075041,MARTIGNANO,LE,2021-09-01 12:59:05
3855,416073013,MARTINA FRANCA,TA,2021-09-01 12:59:05
3856,403016133,MARTINENGO,BG,2021-09-01 12:59:05
3857,401004121,MARTINIANA PO,CN,2021-09-01 12:59:05
3858,413067047,MARTINSICURO,TE,2021-09-01 12:59:05
3859,418079073,MARTIRANO,CZ,2021-09-01 12:59:05
3860,418079074,MARTIRANO LOMBARDO,CZ,2021-09-01 12:59:05
3861,420090039,MARTIS,SS,2021-09-01 12:59:05
3862,418080047,MARTONE,RC,2021-09-01 12:59:05
3863,403098036,MARUDO,LO,2021-09-01 12:59:05
3864,416073014,MARUGGIO,TA,2021-09-01 12:59:05
3865,408037036,MARZABOTTO,BO,2021-09-01 12:59:05
3866,403018087,MARZANO,PV,2021-09-01 12:59:05
3867,415061050,MARZANO APPIO,CE,2021-09-01 12:59:05
3868,415064047,MARZANO DI NOLA,AV,2021-09-01 12:59:05
3869,418078078,MARZI,CS,2021-09-01 12:59:05
3870,403012099,MARZIO,VA,2021-09-01 12:59:05
3871,420092103,MASAINAS,CA,2021-09-01 12:59:05
3872,403015136,MASATE,MI,2021-09-01 12:59:05
3873,419087023,MASCALI,CT,2021-09-01 12:59:05
3874,419087024,MASCALUCIA,CT,2021-09-01 12:59:05
3875,417076047,MASCHITO,PZ,2021-09-01 12:59:05
3876,403012100,MASCIAGO PRIMO,VA,2021-09-01 12:59:05
3877,405026039,MASER,TV,2021-09-01 12:59:05
3878,401103042,MASERA,VB,2021-09-01 12:59:05
3879,405028048,MASERA' DI PADOVA,PD,2021-09-01 12:59:05
3880,405026040,MASERADA SUL PIAVE,TV,2021-09-01 12:59:05
3881,405028049,MASI,PD,2021-09-01 12:59:05
3882,408038012,MASI TORELLO,FE,2021-09-01 12:59:05
3883,401006091,MASIO,AL,2021-09-01 12:59:05
3884,403013144,MASLIANICO,CO,2021-09-01 12:59:05
3885,405024058,MASON VICENTINO,VI,2021-09-01 12:59:05
3886,407010032,MASONE,GE,2021-09-01 12:59:05
3887,409045010,MASSA,MS,2021-09-01 12:59:05
3888,413066054,MASSA D'ALBE,AQ,2021-09-01 12:59:05
3889,415063092,MASSA DI SOMMA,NA,2021-09-01 12:59:05
3890,409047008,MASSA E COZZILE,PT,2021-09-01 12:59:05
3891,411109011,MASSA FERMANA,FM,2021-09-01 12:59:05
3892,408039013,MASSA LOMBARDA,RA,2021-09-01 12:59:05
3893,415063044,MASSA LUBRENSE,NA,2021-09-01 12:59:05
3894,409053015,MASSA MARITTIMA,GR,2021-09-01 12:59:05
3895,410054028,MASSA MARTANA,PG,2021-09-01 12:59:05
3896,416073015,MASSAFRA,TA,2021-09-01 12:59:05
3897,403098037,MASSALENGO,LO,2021-09-01 12:59:05
3898,405028050,MASSANZAGO,PD,2021-09-01 12:59:05
3899,409046018,MASSAROSA,LU,2021-09-01 12:59:05
3900,401096031,MASSAZZA,BI,2021-09-01 12:59:05
3901,401001145,MASSELLO,TO,2021-09-01 12:59:05
3902,401096032,MASSERANO,BI,2021-09-01 12:59:05
3903,411044029,MASSIGNANO,AP,2021-09-01 12:59:05
3904,404022112,MASSIMENO,TN,2021-09-01 12:59:05
3905,407009037,MASSIMINO,SV,2021-09-01 12:59:05
3906,401003093,MASSINO VISCONTI,NO,2021-09-01 12:59:05
3907,401103043,MASSIOLA,VB,2021-09-01 12:59:05
3908,420095026,MASULLAS,OR,2021-09-01 12:59:05
3909,411043024,MATELICA,MC,2021-09-01 12:59:05
3910,417077014,MATERA,MT,2021-09-01 12:59:05
3911,401001146,MATHI,TO,2021-09-01 12:59:05
3912,416075042,MATINO,LE,2021-09-01 12:59:05
3913,414070037,MATRICE,CB,2021-09-01 12:59:05
3914,401001147,MATTIE,TO,2021-09-01 12:59:05
3915,416071031,MATTINATA,FG,2021-09-01 12:59:05
3916,419081012,MAZARA DEL VALLO,TP,2021-09-01 12:59:05
3917,403017107,MAZZANO,BS,2021-09-01 12:59:05
3918,412058058,MAZZANO ROMANO,RM,2021-09-01 12:59:05
3919,419085009,MAZZARINO,CL,2021-09-01 12:59:05
3920,419083046,MAZZARRA' SANT'ANDREA,ME,2021-09-01 12:59:05
3921,419087056,MAZZARRONE,CT,2021-09-01 12:59:05
3922,401001148,MAZZE',TO,2021-09-01 12:59:05
3923,404022113,MAZZIN,TN,2021-09-01 12:59:05
3924,403014040,MAZZO DI VALTELLINA,SO,2021-09-01 12:59:05
3925,401001149,MEANA DI SUSA,TO,2021-09-01 12:59:05
3926,420091047,MEANA SARDO,NU,2021-09-01 12:59:05
3927,403108030,MEDA,MB,2021-09-01 12:59:05
3928,403018088,MEDE,PV,2021-09-01 12:59:05
3929,406031011,MEDEA,GO,2021-09-01 12:59:05
3930,408034020,MEDESANO,PR,2021-09-01 12:59:05
3931,408037037,MEDICINA,BO,2021-09-01 12:59:05
3932,403015139,MEDIGLIA,MI,2021-09-01 12:59:05
3933,403016250,MEDOLAGO,BG,2021-09-01 12:59:05
3934,403020034,MEDOLE,MN,2021-09-01 12:59:05
3935,408036021,MEDOLLA,MO,2021-09-01 12:59:05
3936,405026041,MEDUNA DI LIVENZA,TV,2021-09-01 12:59:05
3937,406093026,MEDUNO,PN,2021-09-01 12:59:05
3938,405028051,MEGLIADINO SAN FIDENZIO,PD,2021-09-01 12:59:05
3939,405028052,MEGLIADINO SAN VITALE,PD,2021-09-01 12:59:05
3940,401003095,MEINA,NO,2021-09-01 12:59:05
3941,405025034,MEL,BL,2021-09-01 12:59:05
3942,405029032,MELARA,RO,2021-09-01 12:59:05
3943,401006092,MELAZZO,AL,2021-09-01 12:59:05
3944,408040019,MELDOLA,FO,2021-09-01 12:59:05
3945,407010033,MELE,GE,2021-09-01 12:59:05
3946,403015140,MELEGNANO,MI,2021-09-01 12:59:05
3947,416075043,MELENDUGNO,LE,2021-09-01 12:59:05
3948,403098038,MELETI,LO,2021-09-01 12:59:05
3949,417076048,MELFI,PZ,2021-09-01 12:59:05
3950,418080048,MELICUCCA',RC,2021-09-01 12:59:05
3951,418080049,MELICUCCO,RC,2021-09-01 12:59:05
3952,419089012,MELILLI,SR,2021-09-01 12:59:05
3953,418101014,MELISSA,KR,2021-09-01 12:59:05
3954,416075044,MELISSANO,LE,2021-09-01 12:59:05
3955,415063045,MELITO DI NAPOLI,NA,2021-09-01 12:59:06
3956,418080050,MELITO DI PORTO SALVO,RC,2021-09-01 12:59:06
3957,415064048,MELITO IRPINO,AV,2021-09-01 12:59:06
3958,415062039,MELIZZANO,BN,2021-09-01 12:59:06
3959,401004122,MELLE,CN,2021-09-01 12:59:06
3960,403014041,MELLO,SO,2021-09-01 12:59:06
3961,416075045,MELPIGNANO,LE,2021-09-01 12:59:06
3962,404021050,MELTINA,BZ,2021-09-01 12:59:06
3963,403015142,MELZO,MI,2021-09-01 12:59:06
3964,403013145,MENAGGIO,CO,2021-09-01 12:59:06
3965,403018089,MENCONICO,PV,2021-09-01 12:59:06
3966,407008034,MENDATICA,IM,2021-09-01 12:59:06
3967,418078079,MENDICINO,CS,2021-09-01 12:59:06
3968,419084023,MENFI,AG,2021-09-01 12:59:06
3969,412058059,MENTANA,RM,2021-09-01 12:59:06
3970,405027022,MEOLO,VE,2021-09-01 12:59:06
3971,401006093,MERANA,AL,2021-09-01 12:59:06
3972,404021051,MERANO,BZ,2021-09-01 12:59:06
3973,403097048,MERATE,LC,2021-09-01 12:59:06
3974,403012101,MERCALLO,VA,2021-09-01 12:59:06
3975,411041025,MERCATELLO SUL METAURO,PS,2021-09-01 12:59:06
3976,411041026,MERCATINO CONCA,PS,2021-09-01 12:59:06
3977,415065067,MERCATO SAN SEVERINO,SA,2021-09-01 12:59:06
3978,408040020,MERCATO SARACENO,FO,2021-09-01 12:59:06
3979,401001150,MERCENASCO,TO,2021-09-01 12:59:06
3980,415064049,MERCOGLIANO,AV,2021-09-01 12:59:06
3981,406030058,MERETO DI TOMBA,UD,2021-09-01 12:59:06
3982,411042024,MERGO,AN,2021-09-01 12:59:06
3983,401103044,MERGOZZO,VB,2021-09-01 12:59:06
3984,419083047,MERI',ME,2021-09-01 12:59:06
3985,405028053,MERLARA,PD,2021-09-01 12:59:06
3986,403098039,MERLINO,LO,2021-09-01 12:59:06
3987,403013147,MERONE,CO,2021-09-01 12:59:06
3988,416074010,MESAGNE,BR,2021-09-01 12:59:06
3989,403014043,MESE,SO,2021-09-01 12:59:06
3990,403012102,MESENZANA,VA,2021-09-01 12:59:06
3991,403015144,MESERO,MI,2021-09-01 12:59:06
3992,408038014,MESOLA,FE,2021-09-01 12:59:06
3993,418101015,MESORACA,KR,2021-09-01 12:59:06
3994,419083048,MESSINA,ME,2021-09-01 12:59:06
3995,405028054,MESTRINO,PD,2021-09-01 12:59:06
3996,415063046,META,NA,2021-09-01 12:59:06
3997,401001151,MEUGLIANO,TO,2021-09-01 12:59:06
3998,403108031,MEZZAGO,MB,2021-09-01 12:59:06
3999,404022114,MEZZANA,TN,2021-09-01 12:59:06
4000,403018090,MEZZANA BIGLI,PV,2021-09-01 12:59:06
4001,401096033,MEZZANA MORTIGLIENGO,BI,2021-09-01 12:59:06
4002,403018091,MEZZANA RABATTONE,PV,2021-09-01 12:59:06
4003,405023047,MEZZANE DI SOTTO,VR,2021-09-01 12:59:06
4004,407010034,MEZZANEGO,GE,2021-09-01 12:59:06
4005,408034021,MEZZANI,PR,2021-09-01 12:59:06
4006,403018092,MEZZANINO,PV,2021-09-01 12:59:06
4007,404022115,MEZZANO,TN,2021-09-01 12:59:06
4008,401001152,MEZZENILE,TO,2021-09-01 12:59:06
4009,404022116,MEZZOCORONA,TN,2021-09-01 12:59:06
4010,419082047,MEZZOJUSO,PA,2021-09-01 12:59:06
4011,403016134,MEZZOLDO,BG,2021-09-01 12:59:06
4012,404022117,MEZZOLOMBARDO,TN,2021-09-01 12:59:06
4013,401003097,MEZZOMERICO,NO,2021-09-01 12:59:06
4014,401096034,MIAGLIANO,BI,2021-09-01 12:59:06
4015,405026042,MIANE,TV,2021-09-01 12:59:06
4016,401003098,MIASINO,NO,2021-09-01 12:59:06
4017,401103045,MIAZZINA,VB,2021-09-01 12:59:06
4018,412057037,MICIGLIANO,RI,2021-09-01 12:59:06
4019,416075046,MIGGIANO,LE,2021-09-01 12:59:06
4020,413069050,MIGLIANICO,CH,2021-09-01 12:59:06
4021,418079077,MIGLIERINA,CZ,2021-09-01 12:59:06
4022,417077015,MIGLIONICO,MT,2021-09-01 12:59:06
4023,407010035,MIGNANEGO,GE,2021-09-01 12:59:06
4024,415061051,MIGNANO MONTE LUNGO,CE,2021-09-01 12:59:06
4025,403015146,MILANO,MI,2021-09-01 12:59:06
4026,419083049,MILAZZO,ME,2021-09-01 12:59:06
4027,419085010,MILENA,CL,2021-09-01 12:59:06
4028,418102021,MILETO,VV,2021-09-01 12:59:06
4029,420095027,MILIS,OR,2021-09-01 12:59:06
4030,419087025,MILITELLO IN VAL DI CATANIA,CT,2021-09-01 12:59:06
4031,419083050,MILITELLO ROSMARINO,ME,2021-09-01 12:59:06
4032,407009038,MILLESIMO,SV,2021-09-01 12:59:06
4033,419087026,MILO,CT,2021-09-01 12:59:06
4034,403017108,MILZANO,BS,2021-09-01 12:59:06
4035,419087027,MINEO,CT,2021-09-01 12:59:06
4036,405023048,MINERBE,VR,2021-09-01 12:59:06
4037,408037038,MINERBIO,BO,2021-09-01 12:59:06
4038,416075047,MINERVINO DI LECCE,LE,2021-09-01 12:59:06
4039,416110006,MINERVINO MURGE,BT,2021-09-01 12:59:06
4040,415065068,MINORI,SA,2021-09-01 12:59:06
4041,412059014,MINTURNO,LT,2021-09-01 12:59:06
4042,409046019,MINUCCIANO,LU,2021-09-01 12:59:06
4043,407009039,MIOGLIA,SV,2021-09-01 12:59:06
4044,405027023,MIRA,VE,2021-09-01 12:59:06
4045,415064050,MIRABELLA ECLANO,AV,2021-09-01 12:59:06
4046,419087028,MIRABELLA IMBACCARI,CT,2021-09-01 12:59:06
4047,401006094,MIRABELLO MONFERRATO,AL,2021-09-01 12:59:06
4048,414070038,MIRABELLO SANNITICO,CB,2021-09-01 12:59:06
4049,403018093,MIRADOLO TERME,PV,2021-09-01 12:59:06
4050,414094027,MIRANDA,IS,2021-09-01 12:59:06
4051,408036022,MIRANDOLA,MO,2021-09-01 12:59:06
4052,405027024,MIRANO,VE,2021-09-01 12:59:06
4053,419083051,MIRTO,ME,2021-09-01 12:59:06
4054,408099005,MISANO ADRIATICO,RN,2021-09-01 12:59:06
4055,403016135,MISANO DI GERA D'ADDA,BG,2021-09-01 12:59:06
4056,419082048,MISILMERI,PA,2021-09-01 12:59:06
4057,403108032,MISINTO,MB,2021-09-01 12:59:06
4058,403097049,MISSAGLIA,LC,2021-09-01 12:59:06
4059,417076049,MISSANELLO,PZ,2021-09-01 12:59:06
4060,419087029,MISTERBIANCO,CT,2021-09-01 12:59:06
4061,419083052,MISTRETTA,ME,2021-09-01 12:59:06
4062,401005063,MOASCA,AT,2021-09-01 12:59:06
4063,407010036,MOCONESI,GE,2021-09-01 12:59:06
4064,408036023,MODENA,MO,2021-09-01 12:59:06
4065,419088006,MODICA,RG,2021-09-01 12:59:06
4066,408040022,MODIGLIANA,FO,2021-09-01 12:59:06
4067,420091048,MODOLO,NU,2021-09-01 12:59:06
4068,416072027,MODUGNO,BA,2021-09-01 12:59:06
4069,404022118,MOENA,TN,2021-09-01 12:59:06
4070,403097050,MOGGIO,LC,2021-09-01 12:59:06
4071,406030059,MOGGIO UDINESE,UD,2021-09-01 12:59:06
4072,403020035,MOGLIA,MN,2021-09-01 12:59:06
4073,411043025,MOGLIANO,MC,2021-09-01 12:59:06
4074,405026043,MOGLIANO VENETO,TV,2021-09-01 12:59:06
4075,420095028,MOGORELLA,OR,2021-09-01 12:59:07
4076,420095029,MOGORO,OR,2021-09-01 12:59:07
4077,415062040,MOIANO,BN,2021-09-01 12:59:07
4078,406030060,MOIMACCO,UD,2021-09-01 12:59:07
4079,419083053,MOIO ALCANTARA,ME,2021-09-01 12:59:07
4080,403016136,MOIO DE' CALVI,BG,2021-09-01 12:59:07
4081,415065069,MOIO DELLA CIVITELLA,SA,2021-09-01 12:59:07
4082,401004123,MOIOLA,CN,2021-09-01 12:59:07
4083,416072028,MOLA DI BARI,BA,2021-09-01 12:59:07
4084,401006095,MOLARE,AL,2021-09-01 12:59:07
4085,409046020,MOLAZZANA,LU,2021-09-01 12:59:07
4086,416072029,MOLFETTA,BA,2021-09-01 12:59:07
4087,413066055,MOLINA ATERNO,AQ,2021-09-01 12:59:07
4088,415062041,MOLINARA,BN,2021-09-01 12:59:07
4089,408037039,MOLINELLA,BO,2021-09-01 12:59:07
4090,407008035,MOLINI DI TRIORA,IM,2021-09-01 12:59:07
4091,401006096,MOLINO DEI TORTI,AL,2021-09-01 12:59:07
4092,414070039,MOLISE,CB,2021-09-01 12:59:07
4093,417076050,MOLITERNO,PZ,2021-09-01 12:59:07
4094,401002078,MOLLIA,VC,2021-09-01 12:59:07
4095,418080051,MOLOCHIO,RC,2021-09-01 12:59:07
4096,403097051,MOLTENO,LC,2021-09-01 12:59:07
4097,403013152,MOLTRASIO,CO,2021-09-01 12:59:07
4098,405024059,MOLVENA,VI,2021-09-01 12:59:07
4099,404022120,MOLVENO,TN,2021-09-01 12:59:07
4100,401005064,MOMBALDONE,AT,2021-09-01 12:59:07
4101,401004124,MOMBARCARO,CN,2021-09-01 12:59:07
4102,411041027,MOMBAROCCIO,PS,2021-09-01 12:59:07
4103,401005065,MOMBARUZZO,AT,2021-09-01 12:59:07
4104,401004125,MOMBASIGLIO,CN,2021-09-01 12:59:07
4105,401001153,MOMBELLO DI TORINO,TO,2021-09-01 12:59:07
4106,401006097,MOMBELLO MONFERRATO,AL,2021-09-01 12:59:07
4107,401005066,MOMBERCELLI,AT,2021-09-01 12:59:07
4108,401003100,MOMO,NO,2021-09-01 12:59:07
4109,401001154,MOMPANTERO,TO,2021-09-01 12:59:07
4110,412057038,MOMPEO,RI,2021-09-01 12:59:07
4111,401006098,MOMPERONE,AL,2021-09-01 12:59:07
4112,414070040,MONACILIONI,CB,2021-09-01 12:59:07
4113,401005067,MONALE,AT,2021-09-01 12:59:07
4114,418080052,MONASTERACE,RC,2021-09-01 12:59:07
4115,401005068,MONASTERO BORMIDA,AT,2021-09-01 12:59:07
4116,401001155,MONASTERO DI LANZO,TO,2021-09-01 12:59:07
4117,401004126,MONASTERO DI VASCO,CN,2021-09-01 12:59:07
4118,401004127,MONASTEROLO CASOTTO,CN,2021-09-01 12:59:07
4119,403016137,MONASTEROLO DEL CASTELLO,BG,2021-09-01 12:59:07
4120,401004128,MONASTEROLO DI SAVIGLIANO,CN,2021-09-01 12:59:07
4121,405026044,MONASTIER DI TREVISO,TV,2021-09-01 12:59:07
4122,420092038,MONASTIR,CA,2021-09-01 12:59:07
4123,401001156,MONCALIERI,TO,2021-09-01 12:59:07
4124,401005069,MONCALVO,AT,2021-09-01 12:59:07
4125,401001157,MONCENISIO,TO,2021-09-01 12:59:07
4126,401006099,MONCESTINO,AL,2021-09-01 12:59:07
4127,401004129,MONCHIERO,CN,2021-09-01 12:59:07
4128,408034022,MONCHIO DELLE CORTI,PR,2021-09-01 12:59:07
4129,401002079,MONCRIVELLO,VC,2021-09-01 12:59:07
4130,401005070,MONCUCCO TORINESE,AT,2021-09-01 12:59:07
4131,408099006,MONDAINO,RN,2021-09-01 12:59:07
4132,411041028,MONDAVIO,PS,2021-09-01 12:59:07
4133,411041029,MONDOLFO,PS,2021-09-01 12:59:07
4134,401004130,MONDOVI',CN,2021-09-01 12:59:07
4135,415061052,MONDRAGONE,CE,2021-09-01 12:59:07
4136,407010037,MONEGLIA,GE,2021-09-01 12:59:07
4137,401004131,MONESIGLIO,CN,2021-09-01 12:59:07
4138,406031012,MONFALCONE,GO,2021-09-01 12:59:07
4139,401004132,MONFORTE D'ALBA,CN,2021-09-01 12:59:07
4140,419083054,MONFORTE SAN GIORGIO,ME,2021-09-01 12:59:07
4141,405026045,MONFUMO,TV,2021-09-01 12:59:07
4142,401005071,MONGARDINO,AT,2021-09-01 12:59:07
4143,408037040,MONGHIDORO,BO,2021-09-01 12:59:07
4144,418102022,MONGIANA,VV,2021-09-01 12:59:07
4145,401006100,MONGIARDINO LIGURE,AL,2021-09-01 12:59:07
4146,419083055,MONGIUFFI MELIA,ME,2021-09-01 12:59:07
4147,401096035,MONGRANDO,BI,2021-09-01 12:59:07
4148,418078080,MONGRASSANO,CS,2021-09-01 12:59:07
4149,404021052,MONGUELFO,BZ,2021-09-01 12:59:07
4150,403013153,MONGUZZO,CO,2021-09-01 12:59:07
4151,403017109,MONIGA DEL GARDA,BS,2021-09-01 12:59:07
4152,401006101,MONLEALE,AL,2021-09-01 12:59:07
4153,403017110,MONNO,BS,2021-09-01 12:59:07
4154,416072030,MONOPOLI,BA,2021-09-01 12:59:07
4155,419082049,MONREALE,PA,2021-09-01 12:59:07
4156,406032002,MONRUPINO,TS,2021-09-01 12:59:07
4157,411109012,MONSAMPIETRO MORICO,FM,2021-09-01 12:59:07
4158,411044031,MONSAMPOLO DEL TRONTO,AP,2021-09-01 12:59:07
4159,411042025,MONSANO,AN,2021-09-01 12:59:07
4160,405028055,MONSELICE,PD,2021-09-01 12:59:07
4161,420092109,MONSERRATO,CA,2021-09-01 12:59:07
4162,409047009,MONSUMMANO TERME,PT,2021-09-01 12:59:07
4163,401004133,MONTA',CN,2021-09-01 12:59:07
4164,401005072,MONTABONE,AT,2021-09-01 12:59:07
4165,401006102,MONTACUTO,AL,2021-09-01 12:59:07
4166,401005073,MONTAFIA,AT,2021-09-01 12:59:07
4167,414070041,MONTAGANO,CB,2021-09-01 12:59:07
4168,404021053,MONTAGNA,BZ,2021-09-01 12:59:07
4169,403014044,MONTAGNA IN VALTELLINA,SO,2021-09-01 12:59:07
4170,405028056,MONTAGNANA,PD,2021-09-01 12:59:07
4171,419083056,MONTAGNAREALE,ME,2021-09-01 12:59:07
4172,415064051,MONTAGUTO,AV,2021-09-01 12:59:07
4173,409048027,MONTAIONE,FI,2021-09-01 12:59:07
4174,419083057,MONTALBANO ELICONA,ME,2021-09-01 12:59:07
4175,417077016,MONTALBANO JONICO,MT,2026-09-19 13:22:54
4176,409052037,MONTALCINO,SI,2021-09-01 12:59:07
4177,401006103,MONTALDEO,AL,2021-09-01 12:59:07
4178,401006104,MONTALDO BORMIDA,AL,2021-09-01 12:59:07
4179,401004134,MONTALDO DI MONDOVI',CN,2021-09-01 12:59:07
4180,401004135,MONTALDO ROERO,CN,2021-09-01 12:59:07
4181,401005074,MONTALDO SCARAMPI,AT,2021-09-01 12:59:07
4182,401001158,MONTALDO TORINESE,TO,2021-09-01 12:59:07
4183,409047010,MONTALE,PT,2021-09-01 12:59:07
4184,401001159,MONTALENGHE,TO,2021-09-01 12:59:07
4185,419084024,MONTALLEGRO,AG,2021-09-01 12:59:07
4186,411044032,MONTALTO DELLE MARCHE,AP,2021-09-01 12:59:07
4187,412056035,MONTALTO DI CASTRO,VT,2021-09-01 12:59:07
4188,401001160,MONTALTO DORA,TO,2021-09-01 12:59:07
4189,407008036,MONTALTO LIGURE,IM,2021-09-01 12:59:07
4190,403018094,MONTALTO PAVESE,PV,2021-09-01 12:59:07
4191,418078081,MONTALTO UFFUGO,CS,2021-09-01 12:59:07
4192,401001161,MONTANARO,TO,2021-09-01 12:59:08
4193,403098040,MONTANASO LOMBARDO,LO,2021-09-01 12:59:08
4194,401004136,MONTANERA,CN,2021-09-01 12:59:08
4195,415065070,MONTANO ANTILIA,SA,2021-09-01 12:59:08
4196,403013154,MONTANO LUCINO,CO,2021-09-01 12:59:08
4197,411109013,MONTAPPONE,FM,2021-09-01 12:59:08
4198,414094028,MONTAQUILA,IS,2021-09-01 12:59:08
4199,412057039,MONTASOLA,RI,2021-09-01 12:59:08
4200,418079080,MONTAURO,CZ,2021-09-01 12:59:08
4201,413069051,MONTAZZOLI,CH,2021-09-01 12:59:08
4202,409053016,MONTE ARGENTARIO,GR,2021-09-01 12:59:08
4203,410054029,MONTE CASTELLO DI VIBIO,PG,2021-09-01 12:59:08
4204,411043027,MONTE CAVALLO,MC,2021-09-01 12:59:08
4205,411041031,MONTE CERIGNONE,PS,2021-09-01 12:59:08
4206,403019058,MONTE CREMASCO,CR,2021-09-01 12:59:08
4207,405024063,MONTE DI MALO,VI,2021-09-01 12:59:08
4208,415063047,MONTE DI PROCIDA,NA,2021-09-01 12:59:08
4209,411109016,MONTE GIBERTO,FM,2021-09-01 12:59:08
4210,411041935,MONTE GRIMANO TERME,PS,2021-09-01 12:59:08
4211,403017111,MONTE ISOLA,BS,2021-09-01 12:59:08
4212,403097052,MONTE MARENZO,LC,2021-09-01 12:59:08
4213,411041038,MONTE PORZIO,PS,2021-09-01 12:59:08
4214,412058064,MONTE PORZIO CATONE,RM,2021-09-01 12:59:08
4215,411109021,MONTE RINALDO,FM,2021-09-01 12:59:08
4216,411042029,MONTE ROBERTO,AN,2021-09-01 12:59:08
4217,412056037,MONTE ROMANO,VT,2021-09-01 12:59:08
4218,412059015,MONTE SAN BIAGIO,LT,2021-09-01 12:59:08
4219,415065075,MONTE SAN GIACOMO,SA,2021-09-01 12:59:08
4220,412060044,MONTE SAN GIOVANNI CAMPANO,FR,2021-09-01 12:59:08
4221,412057043,MONTE SAN GIOVANNI IN SABINA,RI,2021-09-01 12:59:08
4222,411043031,MONTE SAN GIUSTO,MC,2021-09-01 12:59:08
4223,411043032,MONTE SAN MARTINO,MC,2021-09-01 12:59:08
4224,411109023,MONTE SAN PIETRANGELI,FM,2021-09-01 12:59:08
4225,408037042,MONTE SAN PIETRO,BO,2021-09-01 12:59:08
4226,409051025,MONTE SAN SAVINO,AR,2021-09-01 12:59:08
4227,411042030,MONTE SAN VITO,AN,2021-09-01 12:59:08
4228,416071033,MONTE SANT'ANGELO,FG,2021-09-01 12:59:08
4229,410054032,MONTE SANTA MARIA TIBERINA,PG,2021-09-01 12:59:08
4230,411109024,MONTE URANO,FM,2021-09-01 12:59:08
4231,411109025,MONTE VIDON COMBATTE,FM,2021-09-01 12:59:08
4232,411109026,MONTE VIDON CORRADO,FM,2021-09-01 12:59:08
4233,403018095,MONTEBELLO DELLA BATTAGLIA,PV,2021-09-01 12:59:08
4234,413068023,MONTEBELLO DI BERTONA,PE,2021-09-01 12:59:08
4235,418080053,MONTEBELLO IONICO,RC,2021-09-01 12:59:08
4236,413069009,MONTEBELLO SUL SANGRO,CH,2021-09-01 12:59:08
4237,405024060,MONTEBELLO VICENTINO,VI,2021-09-01 12:59:08
4238,405026046,MONTEBELLUNA,TV,2021-09-01 12:59:08
4239,407010038,MONTEBRUNO,GE,2021-09-01 12:59:08
4240,412057040,MONTEBUONO,RI,2021-09-01 12:59:08
4241,411041030,MONTECALVO IN FOGLIA,PS,2021-09-01 12:59:08
4242,415064052,MONTECALVO IRPINO,AV,2021-09-01 12:59:08
4243,403018096,MONTECALVO VERSIGGIA,PV,2021-09-01 12:59:08
4244,409046021,MONTECARLO,LU,2021-09-01 12:59:08
4245,411042026,MONTECAROTTO,AN,2021-09-01 12:59:08
4246,411043026,MONTECASSIANO,MC,2021-09-01 12:59:08
4247,401006105,MONTECASTELLO,AL,2021-09-01 12:59:08
4248,410055017,MONTECASTRILLI,TR,2021-09-01 12:59:08
4249,409050019,MONTECATINI VAL DI CECINA,PI,2021-09-01 12:59:08
4250,409047011,MONTECATINI-TERME,PT,2021-09-01 12:59:08
4251,405023049,MONTECCHIA DI CROSARA,VR,2021-09-01 12:59:08
4252,410055018,MONTECCHIO,TR,2021-09-01 12:59:08
4253,408035027,MONTECCHIO EMILIA,RE,2021-09-01 12:59:08
4254,405024061,MONTECCHIO MAGGIORE,VI,2021-09-01 12:59:08
4255,405024062,MONTECCHIO PRECALCINO,VI,2021-09-01 12:59:08
4256,401006106,MONTECHIARO D'ACQUI,AL,2021-09-01 12:59:08
4257,401005075,MONTECHIARO D'ASTI,AT,2021-09-01 12:59:08
4258,408034023,MONTECHIARUGOLO,PR,2021-09-01 12:59:08
4259,411041032,MONTECICCARDO,PS,2021-09-01 12:59:08
4260,414070042,MONTECILFONE,CB,2021-09-01 12:59:08
4261,412058060,MONTE COMPATRI,RM,2026-09-19 13:22:54
4262,411041033,MONTECOPIOLO,PS,2021-09-01 12:59:08
4263,415065071,MONTECORICE,SA,2021-09-01 12:59:08
4264,415065072,MONTECORVINO PUGLIANO,SA,2021-09-01 12:59:08
4265,415065073,MONTECORVINO ROVELLA,SA,2021-09-01 12:59:08
4266,411043028,MONTECOSARO,MC,2021-09-01 12:59:08
4267,401103046,MONTECRESTESE,VB,2021-09-01 12:59:08
4268,408036024,MONTECRETO,MO,2021-09-01 12:59:08
4269,411044034,MONTEDINOVE,AP,2021-09-01 12:59:08
4270,419085011,MONTEDORO,CL,2021-09-01 12:59:08
4271,415064053,MONTEFALCIONE,AV,2021-09-01 12:59:08
4272,410054030,MONTEFALCO,PG,2021-09-01 12:59:08
4273,411109014,MONTEFALCONE APPENNINO,FM,2021-09-01 12:59:08
4274,415062042,MONTEFALCONE DI VAL FORTORE,BN,2021-09-01 12:59:08
4275,414070043,MONTEFALCONE NEL SANNIO,CB,2021-09-01 12:59:08
4276,411043029,MONTEFANO,MC,2021-09-01 12:59:08
4277,411041034,MONTEFELCINO,PS,2021-09-01 12:59:08
4278,413069052,MONTEFERRANTE,CH,2021-09-01 12:59:08
4279,412056036,MONTEFIASCONE,VT,2021-09-01 12:59:08
4280,413067027,MONTEFINO,TE,2021-09-01 12:59:08
4281,408099008,MONTEFIORE CONCA,RN,2021-09-01 12:59:08
4282,411044036,MONTEFIORE DELL'ASO,AP,2021-09-01 12:59:08
4283,408036025,MONTEFIORINO,MO,2021-09-01 12:59:08
4284,412058061,MONTEFLAVIO,RM,2021-09-01 12:59:08
4285,415065074,MONTEFORTE CILENTO,SA,2021-09-01 12:59:08
4286,405023050,MONTEFORTE D'ALPONE,VR,2021-09-01 12:59:08
4287,415064054,MONTEFORTE IRPINO,AV,2021-09-01 12:59:08
4288,411109015,MONTEFORTINO,FM,2021-09-01 12:59:08
4289,410055019,MONTEFRANCO,TR,2021-09-01 12:59:08
4290,415064055,MONTEFREDANE,AV,2021-09-01 12:59:08
4291,415064056,MONTEFUSCO,AV,2021-09-01 12:59:08
4292,410055020,MONTEGABBIONE,TR,2021-09-01 12:59:08
4293,405024064,MONTEGALDA,VI,2021-09-01 12:59:08
4294,405024065,MONTEGALDELLA,VI,2021-09-01 12:59:08
4295,411044038,MONTEGALLO,AP,2021-09-01 12:59:08
4296,401006107,MONTEGIOCO,AL,2021-09-01 12:59:08
4297,418078082,MONTEGIORDANO,CS,2021-09-01 12:59:08
4298,411109017,MONTEGIORGIO,FM,2021-09-01 12:59:08
4299,411109018,MONTEGRANARO,FM,2021-09-01 12:59:08
4300,408099009,MONTEGRIDOLFO,RN,2021-09-01 12:59:08
4301,403012103,MONTEGRINO - VALTRAVAGLIA,VA,2021-09-01 12:59:08
4302,401005076,MONTEGROSSO D'ASTI,AT,2021-09-01 12:59:08
4303,407008037,MONTEGROSSO PIAN LATTE,IM,2021-09-01 12:59:08
4304,405028057,MONTEGROTTO TERME,PD,2021-09-01 12:59:08
4305,416073016,MONTEIASI,TA,2021-09-01 12:59:08
4306,411041036,MONTELABBATE,PS,2021-09-01 12:59:08
4307,412058062,MONTELANICO,RM,2021-09-01 12:59:09
4308,413069053,MONTELAPIANO,CH,2021-09-01 12:59:09
4309,410055021,MONTELEONE D'ORVIETO,TR,2021-09-01 12:59:09
4310,411109019,MONTELEONE DI FERMO,FM,2021-09-01 12:59:09
4311,416071032,MONTELEONE DI PUGLIA,FG,2021-09-01 12:59:09
4312,410054031,MONTELEONE DI SPOLETO,PG,2021-09-01 12:59:09
4313,420090040,MONTELEONE ROCCA DORIA,SS,2021-09-01 12:59:09
4314,412057041,MONTELEONE SABINO,RI,2021-09-01 12:59:09
4315,419082050,MONTELEPRE,PA,2021-09-01 12:59:09
4316,412058063,MONTELIBRETTI,RM,2021-09-01 12:59:09
4317,415064057,MONTELLA,AV,2021-09-01 12:59:09
4318,403016139,MONTELLO,BG,2021-09-01 12:59:09
4319,414070044,MONTELONGO,CB,2021-09-01 12:59:09
4320,411109020,MONTELPARO,FM,2021-09-01 12:59:09
4321,401004137,MONTELUPO ALBESE,CN,2021-09-01 12:59:09
4322,409048028,MONTELUPO FIORENTINO,FI,2021-09-01 12:59:09
4323,411043030,MONTELUPONE,MC,2021-09-01 12:59:09
4324,419082051,MONTEMAGGIORE BELSITO,PA,2021-09-01 12:59:09
4325,401005077,MONTEMAGNO,AT,2021-09-01 12:59:09
4326,401004138,MONTEMALE DI CUNEO,CN,2021-09-01 12:59:09
4327,415064058,MONTEMARANO,AV,2021-09-01 12:59:09
4328,411042027,MONTEMARCIANO,AN,2021-09-01 12:59:09
4329,401006108,MONTEMARZINO,AL,2021-09-01 12:59:09
4330,416073017,MONTEMESOLA,TA,2021-09-01 12:59:09
4331,403013155,MONTEMEZZO,CO,2021-09-01 12:59:09
4332,409051023,MONTEMIGNAIO,AR,2021-09-01 12:59:09
4333,415064059,MONTEMILETTO,AV,2021-09-01 12:59:09
4334,417076051,MONTEMILONE,PZ,2021-09-01 12:59:09
4335,414070045,MONTEMITRO,CB,2021-09-01 12:59:09
4336,411044044,MONTEMONACO,AP,2021-09-01 12:59:09
4337,409100003,MONTEMURLO,PO,2021-09-01 12:59:09
4338,417076052,MONTEMURRO,PZ,2021-09-01 12:59:09
4339,406030061,MONTENARS,UD,2021-09-01 12:59:09
4340,414070046,MONTENERO DI BISACCIA,CB,2021-09-01 12:59:09
4341,412057042,MONTENERO SABINO,RI,2021-09-01 12:59:09
4342,414094029,MONTENERO VAL COCCHIARA,IS,2026-09-19 13:22:54
4343,413069054,MONTENERODOMO,CH,2021-09-01 12:59:09
4344,413069055,MONTEODORISIO,CH,2021-09-01 12:59:09
4345,418079081,MONTEPAONE,CZ,2021-09-01 12:59:09
4346,416073018,MONTEPARANO,TA,2021-09-01 12:59:09
4347,411044045,MONTEPRANDONE,AP,2021-09-01 12:59:09
4348,409052015,MONTEPULCIANO,SI,2021-09-01 12:59:09
4349,409051024,MONTERCHI,AR,2021-09-01 12:59:09
4350,413066056,MONTEREALE,AQ,2021-09-01 12:59:09
4351,406093027,MONTEREALE VALCELLINA,PN,2021-09-01 12:59:09
4352,408037041,MONTERENZIO,BO,2021-09-01 12:59:09
4353,409052016,MONTERIGGIONI,SI,2021-09-01 12:59:09
4354,414094030,MONTERODUNI,IS,2021-09-01 12:59:09
4355,409052017,MONTERONI D'ARBIA,SI,2021-09-01 12:59:09
4356,416075048,MONTERONI DI LECCE,LE,2021-09-01 12:59:09
4357,412056038,MONTEROSI,VT,2021-09-01 12:59:09
4358,407011019,MONTEROSSO AL MARE,SP,2021-09-01 12:59:09
4359,419088007,MONTEROSSO ALMO,RG,2021-09-01 12:59:09
4360,418102023,MONTEROSSO CALABRO,VV,2021-09-01 12:59:09
4361,401004139,MONTEROSSO GRANA,CN,2021-09-01 12:59:09
4362,412058065,MONTEROTONDO,RM,2021-09-01 12:59:09
4363,409053027,MONTEROTONDO MARITTIMO,GR,2021-09-01 12:59:09
4364,411109022,MONTERUBBIANO,FM,2021-09-01 12:59:09
4365,416075049,MONTESANO SALENTINO,LE,2021-09-01 12:59:09
4366,415065076,MONTESANO SULLA MARCELLANA,SA,2021-09-01 12:59:09
4367,415062043,MONTESARCHIO,BN,2021-09-01 12:59:09
4368,417077017,MONTESCAGLIOSO,MT,2021-09-01 12:59:09
4369,403018097,MONTESCANO,PV,2021-09-01 12:59:09
4370,401103047,MONTESCHENO,VB,2021-09-01 12:59:09
4371,409050020,MONTESCUDAIO,PI,2021-09-01 12:59:09
4372,408099029,MONTESCUDO-MONTE COLOMBO,RN,2021-09-01 12:59:09
4373,408036026,MONTESE,MO,2021-09-01 12:59:09
4374,403018098,MONTESEGALE,PV,2021-09-01 12:59:09
4375,413068024,MONTESILVANO,PE,2021-09-01 12:59:09
4376,409048030,MONTESPERTOLI,FI,2021-09-01 12:59:09
4377,401001162,MONTEU DA PO,TO,2021-09-01 12:59:09
4378,401004140,MONTEU ROERO,CN,2021-09-01 12:59:09
4379,419084025,MONTEVAGO,AG,2021-09-01 12:59:09
4380,409051026,MONTEVARCHI,AR,2021-09-01 12:59:09
4381,403097053,MONTEVECCHIA,LC,2021-09-01 12:59:09
4382,415064060,MONTEVERDE,AV,2021-09-01 12:59:09
4383,409050021,MONTEVERDI MARITTIMO,PI,2021-09-01 12:59:09
4384,405024066,MONTEVIALE,VI,2021-09-01 12:59:09
4385,401004141,MONTEZEMOLO,CN,2021-09-01 12:59:09
4386,420090041,MONTI,SS,2021-09-01 12:59:09
4387,408040028,MONTIANO,FO,2021-09-01 12:59:09
4388,403017112,MONTICELLI BRUSATI,BS,2021-09-01 12:59:09
4389,408033027,MONTICELLI D'ONGINA,PC,2021-09-01 12:59:09
4390,403018099,MONTICELLI PAVESE,PV,2021-09-01 12:59:09
4391,403097054,MONTICELLO BRIANZA,LC,2021-09-01 12:59:09
4392,405024067,MONTICELLO CONTE OTTO,VI,2021-09-01 12:59:09
4393,401004142,MONTICELLO D'ALBA,CN,2021-09-01 12:59:09
4394,403017113,MONTICHIARI,BS,2021-09-01 12:59:09
4395,409052018,MONTICIANO,SI,2021-09-01 12:59:09
4396,409053017,MONTIERI,GR,2021-09-01 12:59:09
4397,401005516,MONTIGLIO MONFERRATO,AT,2021-09-01 12:59:09
4398,409045011,MONTIGNOSO,MS,2021-09-01 12:59:09
4399,403017114,MONTIRONE,BS,2021-09-01 12:59:09
4400,402007043,MONTJOVET,AO,2021-09-01 12:59:09
4401,403019059,MONTODINE,CR,2021-09-01 12:59:09
4402,407010039,MONTOGGIO,GE,2021-09-01 12:59:09
4403,410054033,MONTONE,PG,2021-09-01 12:59:09
4404,412057044,MONTOPOLI DI SABINA,RI,2021-09-01 12:59:09
4405,409050022,MONTOPOLI IN VAL D'ARNO,PI,2021-09-01 12:59:09
4406,403013157,MONTORFANO,CO,2021-09-01 12:59:09
4407,413067028,MONTORIO AL VOMANO,TE,2021-09-01 12:59:09
4408,414070047,MONTORIO NEI FRENTANI,CB,2021-09-01 12:59:09
4409,412058066,MONTORIO ROMANO,RM,2021-09-01 12:59:09
4410,415064121,MONTORO,AV,2021-09-01 12:59:09
4411,405024068,MONTORSO VICENTINO,VI,2021-09-01 12:59:09
4412,411109027,MONTOTTONE,FM,2021-09-01 12:59:09
4413,420091049,MONTRESTA,NU,2021-09-01 12:59:09
4414,403018100,MONTU' BECCARIA,PV,2021-09-01 12:59:09
4415,403012104,MONVALLE,VA,2021-09-01 12:59:09
4416,403108033,MONZA,MB,2021-09-01 12:59:09
4417,403020036,MONZAMBANO,MN,2021-09-01 12:59:09
4418,408037044,MONZUNO,BO,2021-09-01 12:59:09
4419,418078083,MORANO CALABRO,CS,2021-09-01 12:59:09
4420,401006109,MORANO SUL PO,AL,2021-09-01 12:59:09
4421,401005079,MORANSENGO,AT,2021-09-01 12:59:09
4422,406031013,MORARO,GO,2021-09-01 12:59:09
4423,403012105,MORAZZONE,VA,2021-09-01 12:59:09
4424,403014045,MORBEGNO,SO,2021-09-01 12:59:09
4425,401006110,MORBELLO,AL,2021-09-01 12:59:10
4426,416075050,MORCIANO DI LEUCA,LE,2021-09-01 12:59:10
4427,408099011,MORCIANO DI ROMAGNA,RN,2021-09-01 12:59:10
4428,415062044,MORCONE,BN,2021-09-01 12:59:10
4429,408037045,MORDANO,BO,2021-09-01 12:59:10
4430,403016140,MORENGO,BG,2021-09-01 12:59:10
4431,420090042,MORES,SS,2021-09-01 12:59:10
4432,411109028,MORESCO,FM,2021-09-01 12:59:10
4433,401004143,MORETTA,CN,2021-09-01 12:59:10
4434,408033028,MORFASSO,PC,2021-09-01 12:59:10
4435,405026047,MORGANO,TV,2021-09-01 12:59:10
4436,402007044,MORGEX,AO,2021-09-01 12:59:10
4437,420095030,MORGONGIORI,OR,2021-09-01 12:59:10
4438,404022123,MORI,TN,2021-09-01 12:59:10
4439,405026048,MORIAGO DELLA BATTAGLIA,TV,2021-09-01 12:59:10
4440,412058067,MORICONE,RM,2021-09-01 12:59:10
4441,415065077,MORIGERATI,SA,2021-09-01 12:59:10
4442,403015150,MORIMONDO,MI,2021-09-01 12:59:10
4443,413066057,MORINO,AQ,2021-09-01 12:59:10
4444,401001163,MORIONDO TORINESE,TO,2021-09-01 12:59:10
4445,412058068,MORLUPO,RM,2021-09-01 12:59:10
4446,418078084,MORMANNO,CS,2021-09-01 12:59:10
4447,403012106,MORNAGO,VA,2021-09-01 12:59:10
4448,401006111,MORNESE,AL,2021-09-01 12:59:10
4449,403016141,MORNICO AL SERIO,BG,2021-09-01 12:59:10
4450,403018101,MORNICO LOSANA,PV,2021-09-01 12:59:10
4451,412060045,MOROLO,FR,2021-09-01 12:59:10
4452,401004144,MOROZZO,CN,2021-09-01 12:59:10
4453,415064063,MORRA DE SANCTIS,AV,2021-09-01 12:59:10
4454,411042031,MORRO D'ALBA,AN,2021-09-01 12:59:10
4455,413067029,MORRO D'ORO,TE,2021-09-01 12:59:10
4456,412057045,MORRO REATINO,RI,2021-09-01 12:59:10
4457,414070048,MORRONE DEL SANNIO,CB,2021-09-01 12:59:10
4458,411043033,MORROVALLE,MC,2021-09-01 12:59:10
4459,406093028,MORSANO AL TAGLIAMENTO,PN,2021-09-01 12:59:10
4460,401006112,MORSASCO,AL,2021-09-01 12:59:10
4461,403018102,MORTARA,PV,2021-09-01 12:59:10
4462,406030062,MORTEGLIANO,UD,2021-09-01 12:59:10
4463,403097055,MORTERONE,LC,2021-09-01 12:59:10
4464,406030063,MORUZZO,UD,2021-09-01 12:59:10
4465,403019060,MOSCAZZANO,CR,2021-09-01 12:59:10
4466,415064064,MOSCHIANO,AV,2021-09-01 12:59:10
4467,413067030,MOSCIANO SANT'ANGELO,TE,2021-09-01 12:59:10
4468,413068025,MOSCUFO,PE,2021-09-01 12:59:10
4469,404021054,MOSO IN PASSIRIA,BZ,2021-09-01 12:59:10
4470,406031014,MOSSA,GO,2021-09-01 12:59:10
4471,405024069,MOSSANO,VI,2021-09-01 12:59:10
4472,401096501,MOSSO,BI,2021-09-01 12:59:10
4473,403019061,MOTTA BALUFFI,CR,2021-09-01 12:59:10
4474,419083058,MOTTA CAMASTRA,ME,2021-09-01 12:59:10
4475,419083059,MOTTA D'AFFERMO,ME,2021-09-01 12:59:10
4476,401002082,MOTTA DEI CONTI,VC,2021-09-01 12:59:10
4477,405026049,MOTTA DI LIVENZA,TV,2021-09-01 12:59:10
4478,416071034,MOTTA MONTECORVINO,FG,2021-09-01 12:59:10
4479,418080054,MOTTA SAN GIOVANNI,RC,2021-09-01 12:59:10
4480,419087030,MOTTA SANT'ANASTASIA,CT,2021-09-01 12:59:10
4481,418079083,MOTTA SANTA LUCIA,CZ,2021-09-01 12:59:10
4482,403015151,MOTTA VISCONTI,MI,2021-09-01 12:59:10
4483,418078085,MOTTAFOLLONE,CS,2021-09-01 12:59:10
4484,401096037,MOTTALCIATA,BI,2021-09-01 12:59:10
4485,403020037,MOTTEGGIANA,MN,2021-09-01 12:59:10
4486,416073019,MOTTOLA,TA,2021-09-01 12:59:10
4487,413069056,MOZZAGROGNA,CH,2021-09-01 12:59:10
4488,403016142,MOZZANICA,BG,2021-09-01 12:59:10
4489,403013159,MOZZATE,CO,2021-09-01 12:59:10
4490,405023051,MOZZECANE,VR,2021-09-01 12:59:10
4491,403016143,MOZZO,BG,2021-09-01 12:59:10
4492,411043034,MUCCIA,MC,2021-09-01 12:59:10
4493,406032003,MUGGIA,TS,2021-09-01 12:59:10
4494,403108034,MUGGIO',MB,2021-09-01 12:59:10
4495,415064065,MUGNANO DEL CARDINALE,AV,2021-09-01 12:59:10
4496,415063048,MUGNANO DI NAPOLI,NA,2021-09-01 12:59:10
4497,403098041,MULAZZANO,LO,2021-09-01 12:59:10
4498,409045012,MULAZZO,MS,2021-09-01 12:59:10
4499,403017115,MURA,BS,2021-09-01 12:59:10
4500,420092039,MURAVERA,CA,2021-09-01 12:59:10
4501,401004145,MURAZZANO,CN,2021-09-01 12:59:10
4502,401004146,MURELLO,CN,2021-09-01 12:59:10
4503,407009040,MURIALDO,SV,2021-09-01 12:59:10
4504,401006113,MURISENGO,AL,2021-09-01 12:59:10
4505,409052019,MURLO,SI,2021-09-01 12:59:10
4506,416075051,MURO LECCESE,LE,2021-09-01 12:59:10
4507,417076053,MURO LUCANO,PZ,2021-09-01 12:59:10
4508,420090043,MUROS,SS,2021-09-01 12:59:10
4509,403017116,MUSCOLINE,BS,2021-09-01 12:59:10
4510,420092040,MUSEI,CA,2021-09-01 12:59:10
4511,405027025,MUSILE DI PIAVE,VE,2021-09-01 12:59:10
4512,403013160,MUSSO,CO,2021-09-01 12:59:10
4513,405024070,MUSSOLENTE,VI,2021-09-01 12:59:10
4514,419085012,MUSSOMELI,CL,2021-09-01 12:59:10
4515,406030064,MUZZANA DEL TURGNANO,UD,2021-09-01 12:59:10
4516,401096038,MUZZANO,BI,2021-09-01 12:59:10
4517,404022124,NAGO-TORBOLE,TN,2021-09-01 12:59:10
4518,404021055,NALLES,BZ,2021-09-01 12:59:10
4519,405024071,NANTO,VI,2021-09-01 12:59:10
4520,415063049,NAPOLI,NA,2021-09-01 12:59:10
4521,420095031,NARBOLIA,OR,2021-09-01 12:59:10
4522,420092041,NARCAO,CA,2021-09-01 12:59:10
4523,416075052,NARDO',LE,2021-09-01 12:59:10
4524,418102024,NARDODIPACE,VV,2021-09-01 12:59:10
4525,410055022,NARNI,TR,2021-09-01 12:59:10
4526,419084026,NARO,AG,2021-09-01 12:59:10
4527,401004147,NARZOLE,CN,2021-09-01 12:59:10
4528,407009041,NASINO,SV,2021-09-01 12:59:10
4529,419083060,NASO,ME,2021-09-01 12:59:10
4530,404021056,NATURNO,BZ,2021-09-01 12:59:10
4531,403017117,NAVE,BS,2021-09-01 12:59:10
4532,404022126,NAVE SAN ROCCO,TN,2021-09-01 12:59:10
4533,413066058,NAVELLI,AQ,2021-09-01 12:59:10
4534,404021057,NAZ SCIAVES,BZ,2021-09-01 12:59:10
4535,412058069,NAZZANO,RM,2021-09-01 12:59:10
4536,407010040,NE,GE,2021-09-01 12:59:10
4537,401003103,NEBBIUNO,NO,2021-09-01 12:59:10
4538,405023052,NEGRAR,VR,2021-09-01 12:59:11
4539,407010041,NEIRONE,GE,2021-09-01 12:59:11
4540,401004148,NEIVE,CN,2021-09-01 12:59:11
4541,403016144,NEMBRO,BG,2021-09-01 12:59:11
4542,412058070,NEMI,RM,2021-09-01 12:59:11
4543,417076054,NEMOLI,PZ,2021-09-01 12:59:11
4544,420095032,NEONELI,OR,2021-09-01 12:59:11
4545,412056039,NEPI,VT,2021-09-01 12:59:11
4546,413067031,NERETO,TE,2021-09-01 12:59:11
4547,412058071,NEROLA,RM,2021-09-01 12:59:11
4548,405026050,NERVESA DELLA BATTAGLIA,TV,2021-09-01 12:59:11
4549,403015154,NERVIANO,MI,2021-09-01 12:59:11
4550,412057046,NESPOLO,RI,2021-09-01 12:59:11
4551,403013161,NESSO,CO,2021-09-01 12:59:11
4552,401096039,NETRO,BI,2021-09-01 12:59:11
4553,412058072,NETTUNO,RM,2021-09-01 12:59:11
4554,416075053,NEVIANO,LE,2021-09-01 12:59:11
4555,408034024,NEVIANO DEGLI ARDUINI,PR,2021-09-01 12:59:11
4556,401004149,NEVIGLIE,CN,2021-09-01 12:59:11
4557,403017118,NIARDO,BS,2021-09-01 12:59:11
4558,408033029,NIBBIANO,PC,2021-09-01 12:59:11
4559,401003104,NIBBIOLA,NO,2021-09-01 12:59:11
4560,403097056,NIBIONNO,LC,2021-09-01 12:59:11
4561,401001164,NICHELINO,TO,2021-09-01 12:59:11
4562,419087031,NICOLOSI,CT,2021-09-01 12:59:11
4563,403018103,NICORVO,PV,2021-09-01 12:59:11
4564,419086012,NICOSIA,EN,2021-09-01 12:59:11
4565,418102025,NICOTERA,VV,2021-09-01 12:59:11
4566,401004150,NIELLA BELBO,CN,2021-09-01 12:59:11
4567,401004151,NIELLA TANARO,CN,2021-09-01 12:59:11
4568,406030065,NIMIS,UD,2021-09-01 12:59:11
4569,419085013,NISCEMI,CL,2021-09-01 12:59:11
4570,419086013,NISSORIA,EN,2021-09-01 12:59:11
4571,419083061,NIZZA DI SICILIA,ME,2021-09-01 12:59:11
4572,401005080,NIZZA MONFERRATO,AT,2021-09-01 12:59:11
4573,405027026,NOALE,VE,2021-09-01 12:59:11
4574,401001165,NOASCA,TO,2021-09-01 12:59:11
4575,418078086,NOCARA,CS,2021-09-01 12:59:11
4576,413068026,NOCCIANO,PE,2021-09-01 12:59:11
4577,415065078,NOCERA INFERIORE,SA,2021-09-01 12:59:11
4578,415065079,NOCERA SUPERIORE,SA,2021-09-01 12:59:11
4579,418079087,NOCERA TERINESE,CZ,2021-09-01 12:59:11
4580,410054034,NOCERA UMBRA,PG,2021-09-01 12:59:11
4581,408034025,NOCETO,PR,2021-09-01 12:59:11
4582,416072031,NOCI,BA,2021-09-01 12:59:11
4583,416075054,NOCIGLIA,LE,2021-09-01 12:59:11
4584,417076055,NOEPOLI,PZ,2021-09-01 12:59:11
4585,405023053,NOGARA,VR,2021-09-01 12:59:11
4586,404022127,NOGAREDO,TN,2021-09-01 12:59:11
4587,405023054,NOGAROLE ROCCA,VR,2021-09-01 12:59:11
4588,405024072,NOGAROLE VICENTINO,VI,2021-09-01 12:59:11
4589,416072032,NOICATTARO,BA,2021-09-01 12:59:11
4590,415063050,NOLA,NA,2021-09-01 12:59:11
4591,401001166,NOLE,TO,2021-09-01 12:59:11
4592,407009042,NOLI,SV,2021-09-01 12:59:11
4593,401001167,NOMAGLIO,TO,2021-09-01 12:59:11
4594,404022128,NOMI,TN,2021-09-01 12:59:11
4595,408036027,NONANTOLA,MO,2021-09-01 12:59:11
4596,401001168,NONE,TO,2021-09-01 12:59:11
4597,401103048,NONIO,VB,2021-09-01 12:59:11
4598,420091050,NORAGUGUME,NU,2021-09-01 12:59:11
4599,420095033,NORBELLO,OR,2021-09-01 12:59:11
4600,410054035,NORCIA,PG,2021-09-01 12:59:11
4601,412059016,NORMA,LT,2021-09-01 12:59:11
4602,403015155,NOSATE,MI,2021-09-01 12:59:11
4603,413067032,NOTARESCO,TE,2021-09-01 12:59:11
4604,419089013,NOTO,SR,2021-09-01 12:59:11
4605,404021058,NOVA LEVANTE,BZ,2021-09-01 12:59:11
4606,403108035,NOVA MILANESE,MB,2021-09-01 12:59:11
4607,404021059,NOVA PONENTE,BZ,2021-09-01 12:59:11
4608,417077018,NOVA SIRI,MT,2021-09-01 12:59:11
4609,408099023,NOVAFELTRIA,RN,2021-09-01 12:59:11
4610,404022129,NOVALEDO,TN,2021-09-01 12:59:11
4611,401001169,NOVALESA,TO,2021-09-01 12:59:11
4612,401003106,NOVARA,NO,2021-09-01 12:59:11
4613,419083062,NOVARA DI SICILIA,ME,2021-09-01 12:59:11
4614,403014046,NOVATE MEZZOLA,SO,2021-09-01 12:59:11
4615,403015157,NOVATE MILANESE,MI,2021-09-01 12:59:11
4616,405024073,NOVE,VI,2021-09-01 12:59:11
4617,403013163,NOVEDRATE,CO,2021-09-01 12:59:11
4618,408035028,NOVELLARA,RE,2021-09-01 12:59:11
4619,401004152,NOVELLO,CN,2021-09-01 12:59:11
4620,405027027,NOVENTA DI PIAVE,VE,2021-09-01 12:59:11
4621,405028058,NOVENTA PADOVANA,PD,2021-09-01 12:59:11
4622,405024074,NOVENTA VICENTINA,VI,2021-09-01 12:59:11
4623,408036028,NOVI DI MODENA,MO,2021-09-01 12:59:11
4624,401006114,NOVI LIGURE,AL,2021-09-01 12:59:11
4625,415065080,NOVI VELIA,SA,2021-09-01 12:59:11
4626,403015158,NOVIGLIO,MI,2021-09-01 12:59:11
4627,416075055,NOVOLI,LE,2021-09-01 12:59:11
4628,401004153,NUCETTO,CN,2021-09-01 12:59:11
4629,420090044,NUGHEDU DI SAN NICOLO',SS,2021-09-01 12:59:11
4630,420095034,NUGHEDU SANTA VITTORIA,OR,2021-09-01 12:59:11
4631,420090045,NULE,SS,2021-09-01 12:59:11
4632,420090046,NULVI,SS,2021-09-01 12:59:11
4633,411042032,NUMANA,AN,2021-09-01 12:59:11
4634,420091051,NUORO,NU,2021-09-01 12:59:11
4635,420095035,NURACHI,OR,2021-09-01 12:59:11
4636,420091052,NURAGUS,NU,2021-09-01 12:59:11
4637,420091053,NURALLAO,NU,2021-09-01 12:59:11
4638,420092042,NURAMINIS,CA,2021-09-01 12:59:11
4639,420095036,NURECI,OR,2021-09-01 12:59:11
4640,420092117,NURRI,CA,2021-09-01 12:59:11
4641,402007045,NUS,AO,2021-09-01 12:59:11
4642,415064066,NUSCO,AV,2021-09-01 12:59:11
4643,403017119,NUVOLENTO,BS,2021-09-01 12:59:11
4644,403017120,NUVOLERA,BS,2021-09-01 12:59:11
4645,420092043,NUXIS,CA,2021-09-01 12:59:11
4646,401096040,OCCHIEPPO INFERIORE,BI,2021-09-01 12:59:11
4647,401096041,OCCHIEPPO SUPERIORE,BI,2021-09-01 12:59:11
4648,405029033,OCCHIOBELLO,RO,2021-09-01 12:59:11
4649,401006115,OCCIMIANO,AL,2021-09-01 12:59:11
4650,413066059,OCRE,AQ,2021-09-01 12:59:11
4651,401006116,ODALENGO GRANDE,AL,2021-09-01 12:59:11
4652,401006117,ODALENGO PICCOLO,AL,2021-09-01 12:59:11
4653,405026051,ODERZO,TV,2021-09-01 12:59:11
4654,403017121,ODOLO,BS,2021-09-01 12:59:11
4655,413066060,OFENA,AQ,2021-09-01 12:59:11
4656,411042033,OFFAGNA,AN,2021-09-01 12:59:12
4657,403019062,OFFANENGO,CR,2021-09-01 12:59:12
4658,411044054,OFFIDA,AP,2021-09-01 12:59:12
4659,403017122,OFFLAGA,BS,2021-09-01 12:59:12
4660,401103049,OGGEBBIO,VB,2021-09-01 12:59:12
4661,403012107,OGGIONA CON SANTO STEFANO,VA,2021-09-01 12:59:12
4662,403097057,OGGIONO,LC,2021-09-01 12:59:12
4663,401001170,OGLIANICO,TO,2021-09-01 12:59:12
4664,415065081,OGLIASTRO CILENTO,SA,2021-09-01 12:59:12
4665,420090047,OLBIA,SS,2021-09-01 12:59:12
4666,401002088,OLCENENGO,VC,2021-09-01 12:59:12
4667,401002089,OLDENICO,VC,2021-09-01 12:59:12
4668,401003108,OLEGGIO,NO,2021-09-01 12:59:12
4669,401003109,OLEGGIO CASTELLO,NO,2021-09-01 12:59:12
4670,403018104,OLEVANO DI LOMELLINA,PV,2021-09-01 12:59:12
4671,412058073,OLEVANO ROMANO,RM,2021-09-01 12:59:12
4672,415065082,OLEVANO SUL TUSCIANO,SA,2021-09-01 12:59:12
4673,403013165,OLGIATE COMASCO,CO,2021-09-01 12:59:12
4674,403097058,OLGIATE MOLGORA,LC,2021-09-01 12:59:12
4675,403012108,OLGIATE OLONA,VA,2021-09-01 12:59:12
4676,403097059,OLGINATE,LC,2021-09-01 12:59:12
4677,420091055,OLIENA,NU,2021-09-01 12:59:12
4678,403018105,OLIVA GESSI,PV,2021-09-01 12:59:12
4679,418079088,OLIVADI,CZ,2021-09-01 12:59:12
4680,419083063,OLIVERI,ME,2021-09-01 12:59:12
4681,415065083,OLIVETO CITRA,SA,2021-09-01 12:59:12
4682,403097060,OLIVETO LARIO,LC,2021-09-01 12:59:12
4683,417077019,OLIVETO LUCANO,MT,2021-09-01 12:59:12
4684,407008038,OLIVETTA SAN MICHELE,IM,2021-09-01 12:59:12
4685,401006118,OLIVOLA,AL,2021-09-01 12:59:12
4686,420095037,OLLASTRA SIMAXIS,OR,2021-09-01 12:59:12
4687,420091056,OLLOLAI,NU,2021-09-01 12:59:12
4688,402007046,OLLOMONT,AO,2021-09-01 12:59:12
4689,420090048,OLMEDO,SS,2021-09-01 12:59:12
4690,403019063,OLMENETA,CR,2021-09-01 12:59:12
4691,403016145,OLMO AL BREMBO,BG,2021-09-01 12:59:12
4692,401005081,OLMO GENTILE,AT,2021-09-01 12:59:12
4693,403016146,OLTRE IL COLLE,BG,2021-09-01 12:59:12
4694,403016147,OLTRESSENDA ALTA,BG,2021-09-01 12:59:12
4695,403013169,OLTRONA DI SAN MAMETTE,CO,2021-09-01 12:59:12
4696,420091057,OLZAI,NU,2021-09-01 12:59:12
4697,403017123,OME,BS,2021-09-01 12:59:12
4698,401103050,OMEGNA,VB,2021-09-01 12:59:12
4699,415065084,OMIGNANO,SA,2021-09-01 12:59:12
4700,420091058,ONANI,NU,2021-09-01 12:59:12
4701,412056040,ONANO,VT,2021-09-01 12:59:12
4702,401004154,ONCINO,CN,2021-09-01 12:59:12
4703,403016148,ONETA,BG,2021-09-01 12:59:12
4704,420091059,ONIFAI,NU,2021-09-01 12:59:12
4705,420091060,ONIFERI,NU,2021-09-01 12:59:12
4706,403017124,ONO SAN PIETRO,BS,2021-09-01 12:59:12
4707,403016149,ONORE,BG,2021-09-01 12:59:12
4708,407009043,ONZO,SV,2021-09-01 12:59:12
4709,403015159,OPERA,MI,2021-09-01 12:59:12
4710,413066061,OPI,AQ,2021-09-01 12:59:12
4711,405023055,OPPEANO,VR,2021-09-01 12:59:12
4712,417076056,OPPIDO LUCANO,PZ,2021-09-01 12:59:12
4713,418080055,OPPIDO MAMERTINA,RC,2021-09-01 12:59:12
4714,404021060,ORA,BZ,2021-09-01 12:59:12
4715,420091061,ORANI,NU,2021-09-01 12:59:12
4716,414070049,ORATINO,CB,2021-09-01 12:59:12
4717,401001171,ORBASSANO,TO,2021-09-01 12:59:12
4718,409053018,ORBETELLO,GR,2021-09-01 12:59:12
4719,409050023,ORCIANO PISANO,PI,2021-09-01 12:59:12
4720,407009044,ORCO FEGLINO,SV,2021-09-01 12:59:12
4721,416071063,ORDONA,FG,2021-09-01 12:59:12
4722,407010042,ORERO,GE,2021-09-01 12:59:12
4723,405024075,ORGIANO,VI,2021-09-01 12:59:12
4724,420091062,ORGOSOLO,NU,2021-09-01 12:59:12
4725,416074011,ORIA,BR,2021-09-01 12:59:12
4726,413066062,ORICOLA,AQ,2021-09-01 12:59:12
4727,403012109,ORIGGIO,VA,2021-09-01 12:59:12
4728,403012110,ORINO,VA,2021-09-01 12:59:12
4729,403016150,ORIO AL SERIO,BG,2021-09-01 12:59:12
4730,401001172,ORIO CANAVESE,TO,2021-09-01 12:59:12
4731,403098042,ORIO LITTA,LO,2021-09-01 12:59:12
4732,418078087,ORIOLO,CS,2021-09-01 12:59:12
4733,412056041,ORIOLO ROMANO,VT,2021-09-01 12:59:12
4734,420095038,ORISTANO,OR,2021-09-01 12:59:12
4735,401004155,ORMEA,CN,2021-09-01 12:59:12
4736,405026052,ORMELLE,TV,2021-09-01 12:59:12
4737,403108036,ORNAGO,MB,2021-09-01 12:59:12
4738,401103051,ORNAVASSO,VB,2021-09-01 12:59:12
4739,403016151,ORNICA,BG,2021-09-01 12:59:12
4740,420091063,OROSEI,NU,2021-09-01 12:59:12
4741,420091064,OROTELLI,NU,2021-09-01 12:59:12
4742,415065085,ORRIA,SA,2021-09-01 12:59:12
4743,420092118,ORROLI,CA,2021-09-01 12:59:12
4744,405026053,ORSAGO,TV,2021-09-01 12:59:12
4745,401006119,ORSARA BORMIDA,AL,2021-09-01 12:59:12
4746,416071035,ORSARA DI PUGLIA,FG,2021-09-01 12:59:12
4747,403013170,ORSENIGO,CO,2021-09-01 12:59:12
4748,413069057,ORSOGNA,CH,2021-09-01 12:59:12
4749,418078088,ORSOMARSO,CS,2021-09-01 12:59:12
4750,415061053,ORTA DI ATELLA,CE,2021-09-01 12:59:12
4751,416071036,ORTA NOVA,FG,2021-09-01 12:59:12
4752,401003112,ORTA SAN GIULIO,NO,2021-09-01 12:59:12
4753,420092044,ORTACESUS,CA,2021-09-01 12:59:12
4754,412056042,ORTE,VT,2021-09-01 12:59:12
4755,416075056,ORTELLE,LE,2021-09-01 12:59:12
4756,411109029,ORTEZZANO,FM,2021-09-01 12:59:12
4757,409051027,ORTIGNANO RAGGIOLO,AR,2021-09-01 12:59:12
4758,404021061,ORTISEI,BZ,2021-09-01 12:59:12
4759,413069058,ORTONA,CH,2021-09-01 12:59:12
4760,413066063,ORTONA DEI MARSI,AQ,2021-09-01 12:59:12
4761,407009045,ORTOVERO,SV,2021-09-01 12:59:12
4762,413066064,ORTUCCHIO,AQ,2021-09-01 12:59:12
4763,420091066,ORTUERI,NU,2021-09-01 12:59:12
4764,420091067,ORUNE,NU,2021-09-01 12:59:12
4765,410055023,ORVIETO,TR,2021-09-01 12:59:12
4766,412057047,ORVINIO,RI,2021-09-01 12:59:12
4767,403017125,ORZINUOVI,BS,2021-09-01 12:59:12
4768,403017126,ORZIVECCHI,BS,2021-09-01 12:59:12
4769,401001173,OSASCO,TO,2021-09-01 12:59:12
4770,401001174,OSASIO,TO,2021-09-01 12:59:12
4771,420090049,OSCHIRI,SS,2021-09-01 12:59:12
4772,420091068,OSIDDA,NU,2021-09-01 12:59:12
4773,407009046,OSIGLIA,SV,2021-09-01 12:59:13
4774,420090050,OSILO,SS,2021-09-01 12:59:13
4775,411042034,OSIMO,AN,2021-09-01 12:59:13
4776,420091069,OSINI,NU,2021-09-01 12:59:13
4777,403016152,OSIO SOPRA,BG,2021-09-01 12:59:13
4778,403016153,OSIO SOTTO,BG,2021-09-01 12:59:13
4779,403012111,OSMATE,VA,2021-09-01 12:59:13
4780,403097061,OSNAGO,LC,2021-09-01 12:59:13
4781,406030066,OSOPPO,UD,2021-09-01 12:59:13
4782,407008039,OSPEDALETTI,IM,2021-09-01 12:59:13
4783,404022130,OSPEDALETTO,TN,2021-09-01 12:59:13
4784,415064067,OSPEDALETTO D'ALPINOLO,AV,2021-09-01 12:59:13
4785,405028059,OSPEDALETTO EUGANEO,PD,2021-09-01 12:59:13
4786,403098043,OSPEDALETTO LODIGIANO,LO,2021-09-01 12:59:13
4787,405025035,OSPITALE DI CADORE,BL,2021-09-01 12:59:13
4788,403017127,OSPITALETTO BRESCIANO,BS,2021-09-01 12:59:13
4789,403098044,OSSAGO LODIGIANO,LO,2021-09-01 12:59:13
4790,404022131,OSSANA,TN,2021-09-01 12:59:13
4791,420090051,OSSI,SS,2021-09-01 12:59:13
4792,403017128,OSSIMO,BS,2021-09-01 12:59:13
4793,403015164,OSSONA,MI,2021-09-01 12:59:13
4794,401004156,OSTANA,CN,2021-09-01 12:59:13
4795,408038017,OSTELLATO,FE,2021-09-01 12:59:13
4796,403019064,OSTIANO,CR,2021-09-01 12:59:13
4797,403020038,OSTIGLIA,MN,2021-09-01 12:59:13
4798,411042035,OSTRA,AN,2021-09-01 12:59:13
4799,411042036,OSTRA VETERE,AN,2021-09-01 12:59:13
4800,416074012,OSTUNI,BR,2021-09-01 12:59:13
4801,416075057,OTRANTO,LE,2021-09-01 12:59:13
4802,410055024,OTRICOLI,TR,2021-09-01 12:59:13
4803,420091070,OTTANA,NU,2021-09-01 12:59:13
4804,415065086,OTTATI,SA,2021-09-01 12:59:13
4805,415063051,OTTAVIANO,NA,2021-09-01 12:59:13
4806,401006120,OTTIGLIO,AL,2021-09-01 12:59:13
4807,403018106,OTTOBIANO,PV,2021-09-01 12:59:13
4808,408033030,OTTONE,PC,2021-09-01 12:59:13
4809,401001175,OULX,TO,2021-09-01 12:59:13
4810,401006121,OVADA,AL,2021-09-01 12:59:13
4811,406030067,OVARO,UD,2021-09-01 12:59:13
4812,401006122,OVIGLIO,AL,2021-09-01 12:59:13
4813,413066065,OVINDOLI,AQ,2021-09-01 12:59:13
4814,420091071,OVODDA,NU,2021-09-01 12:59:13
4815,402007047,OYACE,AO,2021-09-01 12:59:13
4816,401001176,OZEGNA,TO,2021-09-01 12:59:13
4817,420090052,OZIERI,SS,2021-09-01 12:59:13
4818,408037046,OZZANO DELL'EMILIA,BO,2021-09-01 12:59:13
4819,401006123,OZZANO MONFERRATO,AL,2021-09-01 12:59:13
4820,403015165,OZZERO,MI,2021-09-01 12:59:13
4821,420092045,PABILLONIS,CA,2021-09-01 12:59:13
4822,419083064,PACE DEL MELA,ME,2021-09-01 12:59:13
4823,419081013,PACECO,TP,2021-09-01 12:59:13
4824,413066066,PACENTRO,AQ,2021-09-01 12:59:13
4825,419089014,PACHINO,SR,2021-09-01 12:59:13
4826,410054036,PACIANO,PG,2021-09-01 12:59:13
4827,403017129,PADENGHE SUL GARDA,BS,2021-09-01 12:59:13
4828,401006124,PADERNA,AL,2021-09-01 12:59:13
4829,403097062,PADERNO D'ADDA,LC,2021-09-01 12:59:13
4830,405026054,PADERNO DEL GRAPPA,TV,2021-09-01 12:59:13
4831,403015166,PADERNO DUGNANO,MI,2021-09-01 12:59:13
4832,403017130,PADERNO FRANCIACORTA,BS,2021-09-01 12:59:13
4833,403019065,PADERNO PONCHIELLI,CR,2021-09-01 12:59:13
4834,405028060,PADOVA,PD,2021-09-01 12:59:13
4835,420090053,PADRIA,SS,2021-09-01 12:59:13
4836,420090090,PADRU,SS,2021-09-01 12:59:13
4837,415065087,PADULA,SA,2021-09-01 12:59:13
4838,415062045,PADULI,BN,2021-09-01 12:59:13
4839,401004157,PAESANA,CN,2021-09-01 12:59:13
4840,405026055,PAESE,TV,2021-09-01 12:59:13
4841,415065088,PAGANI,SA,2021-09-01 12:59:13
4842,412057048,PAGANICO SABINO,RI,2021-09-01 12:59:13
4843,403016154,PAGAZZANO,BG,2021-09-01 12:59:13
4844,419083065,PAGLIARA,ME,2021-09-01 12:59:13
4845,413069059,PAGLIETA,CH,2021-09-01 12:59:13
4846,406030068,PAGNACCO,UD,2021-09-01 12:59:13
4847,401004158,PAGNO,CN,2021-09-01 12:59:13
4848,403097063,PAGNONA,LC,2021-09-01 12:59:13
4849,415064068,PAGO DEL VALLO DI LAURO,AV,2021-09-01 12:59:13
4850,415062046,PAGO VEIANO,BN,2021-09-01 12:59:13
4851,403017131,PAISCO LOVENO,BS,2021-09-01 12:59:13
4852,403017132,PAITONE,BS,2021-09-01 12:59:13
4853,403016155,PALADINA,BG,2021-09-01 12:59:13
4854,408036029,PALAGANO,MO,2021-09-01 12:59:13
4855,416073020,PALAGIANELLO,TA,2021-09-01 12:59:13
4856,416073021,PALAGIANO,TA,2021-09-01 12:59:13
4857,419087032,PALAGONIA,CT,2021-09-01 12:59:13
4858,409050024,PALAIA,PI,2021-09-01 12:59:13
4859,408034026,PALANZANO,PR,2021-09-01 12:59:13
4860,414070050,PALATA,CB,2021-09-01 12:59:13
4861,420090054,PALAU,SS,2021-09-01 12:59:13
4862,403016156,PALAZZAGO,BG,2021-09-01 12:59:13
4863,419082052,PALAZZO ADRIANO,PA,2021-09-01 12:59:13
4864,401001177,PALAZZO CANAVESE,TO,2021-09-01 12:59:13
4865,403019066,PALAZZO PIGNANO,CR,2021-09-01 12:59:13
4866,417076057,PALAZZO SAN GERVASIO,PZ,2021-09-01 12:59:13
4867,419089015,PALAZZOLO ACREIDE,SR,2021-09-01 12:59:13
4868,406030069,PALAZZOLO DELLO STELLA,UD,2021-09-01 12:59:13
4869,403017133,PALAZZOLO SULL'OGLIO,BS,2021-09-01 12:59:13
4870,401002090,PALAZZOLO VERCELLESE,VC,2021-09-01 12:59:13
4871,409048031,PALAZZUOLO SUL SENIO,FI,2021-09-01 12:59:13
4872,413069060,PALENA,CH,2021-09-01 12:59:13
4873,418079089,PALERMITI,CZ,2021-09-01 12:59:13
4874,419082053,PALERMO,PA,2021-09-01 12:59:13
4875,412058074,PALESTRINA,RM,2021-09-01 12:59:13
4876,403018107,PALESTRO,PV,2021-09-01 12:59:13
4877,412060046,PALIANO,FR,2021-09-01 12:59:13
4878,418080056,PALIZZI,RC,2021-09-01 12:59:13
4879,418101016,PALLAGORIO,KR,2021-09-01 12:59:13
4880,401103052,PALLANZENO,VB,2021-09-01 12:59:13
4881,407009047,PALLARE,SV,2021-09-01 12:59:13
4882,415063052,PALMA CAMPANIA,NA,2021-09-01 12:59:13
4883,419084027,PALMA DI MONTECHIARO,AG,2021-09-01 12:59:13
4884,406030070,PALMANOVA,UD,2021-09-01 12:59:13
4885,416075058,PALMARIGGI,LE,2021-09-01 12:59:13
4886,420095039,PALMAS ARBOREA,OR,2021-09-01 12:59:13
4887,418080057,PALMI,RC,2021-09-01 12:59:13
4888,411044056,PALMIANO,AP,2021-09-01 12:59:13
4889,413069061,PALMOLI,CH,2021-09-01 12:59:13
4890,416072033,PALO DEL COLLE,BA,2021-09-01 12:59:13
4891,412058075,PALOMBARA SABINA,RM,2021-09-01 12:59:13
4892,413069062,PALOMBARO,CH,2021-09-01 12:59:13
4893,415065089,PALOMONTE,SA,2021-09-01 12:59:13
4894,403016157,PALOSCO,BG,2021-09-01 12:59:13
4895,405023056,PALU',VR,2021-09-01 12:59:13
4896,404022133,PALU' DEL FERSINA,TN,2021-09-01 12:59:13
4897,418078089,PALUDI,CS,2021-09-01 12:59:13
4898,406030071,PALUZZA,UD,2021-09-01 12:59:13
4899,401004159,PAMPARATO,CN,2021-09-01 12:59:13
4900,401001178,PANCALIERI,TO,2021-09-01 12:59:14
4901,403018108,PANCARANA,PV,2021-09-01 12:59:14
4902,404022134,PANCHIA',TN,2021-09-01 12:59:14
4903,403019067,PANDINO,CR,2021-09-01 12:59:14
4904,418078090,PANETTIERI,CS,2021-09-01 12:59:14
4905,410054037,PANICALE,PG,2021-09-01 12:59:14
4906,415062047,PANNARANO,BN,2021-09-01 12:59:14
4907,416071037,PANNI,FG,2021-09-01 12:59:14
4908,419081014,PANTELLERIA,TP,2021-09-01 12:59:14
4909,403015167,PANTIGLIATE,MI,2021-09-01 12:59:14
4910,418078091,PAOLA,CS,2021-09-01 12:59:14
4911,415062048,PAOLISI,BN,2021-09-01 12:59:14
4912,418078092,PAPASIDERO,CS,2021-09-01 12:59:14
4913,405029034,PAPOZZE,RO,2021-09-01 12:59:14
4914,403015168,PARABIAGO,MI,2021-09-01 12:59:14
4915,416075059,PARABITA,LE,2021-09-01 12:59:14
4916,403017134,PARATICO,BS,2021-09-01 12:59:14
4917,404021062,PARCINES,BZ,2021-09-01 12:59:14
4918,401001179,PARELLA,TO,2021-09-01 12:59:14
4919,418078093,PARENTI,CS,2021-09-01 12:59:14
4920,415061054,PARETE,CE,2021-09-01 12:59:14
4921,401006125,PARETO,AL,2021-09-01 12:59:14
4922,418102026,PARGHELIA,VV,2021-09-01 12:59:14
4923,403097064,PARLASCO,LC,2021-09-01 12:59:14
4924,408034027,PARMA,PR,2021-09-01 12:59:14
4925,401006126,PARODI LIGURE,AL,2021-09-01 12:59:14
4926,401004160,PAROLDO,CN,2021-09-01 12:59:14
4927,415064069,PAROLISE,AV,2021-09-01 12:59:14
4928,403018109,PARONA,PV,2021-09-01 12:59:14
4929,410055025,PARRANO,TR,2021-09-01 12:59:14
4930,403016158,PARRE,BG,2021-09-01 12:59:14
4931,419081015,PARTANNA,TP,2021-09-01 12:59:14
4932,419082054,PARTINICO,PA,2021-09-01 12:59:14
4933,401003114,PARUZZARO,NO,2021-09-01 12:59:14
4934,403016159,PARZANICA,BG,2021-09-01 12:59:14
4935,406030072,PASIAN DI PRATO,UD,2021-09-01 12:59:14
4936,406093029,PASIANO DI PORDENONE,PN,2021-09-01 12:59:14
4937,403017135,PASPARDO,BS,2021-09-01 12:59:14
4938,401005082,PASSERANO MARMORITO,AT,2021-09-01 12:59:14
4939,410054038,PASSIGNANO SUL TRASIMENO,PG,2021-09-01 12:59:14
4940,403017136,PASSIRANO,BS,2021-09-01 12:59:14
4941,412060047,PASTENA,FR,2021-09-01 12:59:14
4942,415061055,PASTORANO,CE,2021-09-01 12:59:14
4943,405023057,PASTRENGO,VR,2021-09-01 12:59:14
4944,401006127,PASTURANA,AL,2021-09-01 12:59:14
4945,403097065,PASTURO,LC,2021-09-01 12:59:14
4946,417076100,PATERNO,PZ,2021-09-01 12:59:14
4947,418078094,PATERNO CALABRO,CS,2021-09-01 12:59:14
4948,419087033,PATERNO',CT,2021-09-01 12:59:14
4949,415064070,PATERNOPOLI,AV,2021-09-01 12:59:14
4950,412060048,PATRICA,FR,2021-09-01 12:59:14
4951,420090055,PATTADA,SS,2021-09-01 12:59:14
4952,419083066,PATTI,ME,2021-09-01 12:59:14
4953,416075060,PATU',LE,2021-09-01 12:59:14
4954,420095040,PAU,OR,2021-09-01 12:59:14
4955,406030073,PAULARO,UD,2021-09-01 12:59:14
4956,420092046,PAULI ARBAREI,CA,2021-09-01 12:59:14
4957,420095041,PAULILATINO,OR,2021-09-01 12:59:14
4958,403015169,PAULLO,MI,2021-09-01 12:59:14
4959,415062049,PAUPISI,BN,2021-09-01 12:59:14
4960,401001180,PAVAROLO,TO,2021-09-01 12:59:14
4961,403018110,PAVIA,PV,2021-09-01 12:59:14
4962,406030074,PAVIA DI UDINE,UD,2021-09-01 12:59:14
4963,401001181,PAVONE CANAVESE,TO,2021-09-01 12:59:14
4964,403017137,PAVONE DEL MELLA,BS,2021-09-01 12:59:14
4965,408036030,PAVULLO NEL FRIGNANO,MO,2021-09-01 12:59:14
4966,418080058,PAZZANO,RC,2021-09-01 12:59:14
4967,409050025,PECCIOLI,PI,2021-09-01 12:59:14
4968,401001182,PECCO,TO,2021-09-01 12:59:14
4969,401006128,PECETTO DI VALENZA,AL,2021-09-01 12:59:14
4970,401001183,PECETTO TORINESE,TO,2021-09-01 12:59:14
4971,408033031,PECORARA,PC,2021-09-01 12:59:14
4972,419087034,PEDARA,CT,2021-09-01 12:59:14
4973,411109030,PEDASO,FM,2021-09-01 12:59:14
4974,405025036,PEDAVENA,BL,2021-09-01 12:59:14
4975,405024076,PEDEMONTE,VI,2021-09-01 12:59:14
4976,405026056,PEDEROBBA,TV,2021-09-01 12:59:14
4977,403014047,PEDESINA,SO,2021-09-01 12:59:14
4978,418078096,PEDIVIGLIANO,CS,2021-09-01 12:59:14
4979,403016160,PEDRENGO,BG,2021-09-01 12:59:14
4980,403013178,PEGLIO,CO,2021-09-01 12:59:14
4981,411041041,PEGLIO,PS,2021-09-01 12:59:14
4982,403020039,PEGOGNAGA,MN,2021-09-01 12:59:14
4983,403016161,PEIA,BG,2021-09-01 12:59:14
4984,404022136,PEIO,TN,2021-09-01 12:59:14
4985,409048032,PELAGO,FI,2021-09-01 12:59:14
4986,401003115,PELLA,NO,2021-09-01 12:59:14
4987,408034028,PELLEGRINO PARMENSE,PR,2021-09-01 12:59:14
4988,415065090,PELLEZZANO,SA,2021-09-01 12:59:14
4989,404022137,PELLIZZANO,TN,2021-09-01 12:59:14
4990,404022138,PELUGO,TN,2021-09-01 12:59:14
4991,401005083,PENANGO,AT,2021-09-01 12:59:14
4992,410055026,PENNA IN TEVERINA,TR,2021-09-01 12:59:14
4993,411043035,PENNA SAN GIOVANNI,MC,2021-09-01 12:59:14
4994,413067033,PENNA SANT'ANDREA,TE,2021-09-01 12:59:14
4995,408099024,PENNABILLI,RN,2021-09-01 12:59:14
4996,413069063,PENNADOMO,CH,2021-09-01 12:59:14
4997,413069064,PENNAPIEDIMONTE,CH,2021-09-01 12:59:14
4998,413068027,PENNE,PE,2021-09-01 12:59:14
4999,418079092,PENTONE,CZ,2021-09-01 12:59:14
5000,413069065,PERANO,CH,2021-09-01 12:59:14
5001,405025037,PERAROLO DI CADORE,BL,2021-09-01 12:59:14
5002,404021063,PERCA,BZ,2021-09-01 12:59:14
5003,412058076,PERCILE,RM,2021-09-01 12:59:14
5004,420091072,PERDASDEFOGU,NU,2021-09-01 12:59:14
5005,420092047,PERDAXIUS,CA,2021-09-01 12:59:14
5006,415065091,PERDIFUMO,SA,2021-09-01 12:59:14
5007,413066067,PERETO,AQ,2021-09-01 12:59:14
5008,420090056,PERFUGAS,SS,2021-09-01 12:59:14
5009,409051028,PERGINE VALDARNO,AR,2021-09-01 12:59:14
5010,404022139,PERGINE VALSUGANA,TN,2021-09-01 12:59:14
5011,411041043,PERGOLA,PS,2021-09-01 12:59:14
5012,407008040,PERINALDO,IM,2021-09-01 12:59:14
5013,415065092,PERITO,SA,2021-09-01 12:59:14
5014,403097067,PERLEDO,LC,2021-09-01 12:59:14
5015,401004161,PERLETTO,CN,2021-09-01 12:59:14
5016,401004162,PERLO,CN,2021-09-01 12:59:14
5017,402007048,PERLOZ,AO,2021-09-01 12:59:14
5018,405028061,PERNUMIA,PD,2021-09-01 12:59:14
5019,403015170,PERO,MI,2021-09-01 12:59:15
5020,401001184,PEROSA ARGENTINA,TO,2021-09-01 12:59:15
5021,401001185,PEROSA CANAVESE,TO,2021-09-01 12:59:15
5022,401001186,PERRERO,TO,2021-09-01 12:59:15
5023,403019068,PERSICO DOSIMO,CR,2021-09-01 12:59:15
5024,401002091,PERTENGO,VC,2021-09-01 12:59:15
5025,403017139,PERTICA ALTA,BS,2021-09-01 12:59:15
5026,403017140,PERTICA BASSA,BS,2021-09-01 12:59:15
5027,415065093,PERTOSA,SA,2021-09-01 12:59:15
5028,401001187,PERTUSIO,TO,2021-09-01 12:59:15
5029,410054039,PERUGIA,PG,2021-09-01 12:59:15
5030,411041044,PESARO,PS,2021-09-01 12:59:15
5031,409046022,PESCAGLIA,LU,2021-09-01 12:59:15
5032,405023058,PESCANTINA,VR,2021-09-01 12:59:15
5033,413068028,PESCARA,PE,2021-09-01 12:59:15
5034,403019069,PESCAROLO ED UNITI,CR,2021-09-01 12:59:15
5035,413066068,PESCASSEROLI,AQ,2021-09-01 12:59:15
5036,403097068,PESCATE,LC,2021-09-01 12:59:15
5037,414094031,PESCHE,IS,2021-09-01 12:59:15
5038,416071038,PESCHICI,FG,2021-09-01 12:59:15
5039,403015171,PESCHIERA BORROMEO,MI,2021-09-01 12:59:15
5040,405023059,PESCHIERA DEL GARDA,VR,2021-09-01 12:59:15
5041,409047012,PESCIA,PT,2021-09-01 12:59:15
5042,413066069,PESCINA,AQ,2021-09-01 12:59:15
5043,415062050,PESCO SANNITA,BN,2021-09-01 12:59:15
5044,413066070,PESCOCOSTANZO,AQ,2021-09-01 12:59:15
5045,414094032,PESCOLANCIANO,IS,2021-09-01 12:59:15
5046,417076058,PESCOPAGANO,PZ,2021-09-01 12:59:15
5047,414094033,PESCOPENNATARO,IS,2021-09-01 12:59:15
5048,412057049,PESCOROCCHIANO,RI,2021-09-01 12:59:15
5049,413068029,PESCOSANSONESCO,PE,2021-09-01 12:59:15
5050,412060049,PESCOSOLIDO,FR,2021-09-01 12:59:15
5051,403015172,PESSANO CON BORNAGO,MI,2021-09-01 12:59:15
5052,403019070,PESSINA CREMONESE,CR,2021-09-01 12:59:15
5053,401001188,PESSINETTO,TO,2021-09-01 12:59:15
5054,414070051,PETACCIATO,CB,2021-09-01 12:59:15
5055,418101017,PETILIA POLICASTRO,KR,2021-09-01 12:59:15
5056,415065094,PETINA,SA,2021-09-01 12:59:15
5057,419082055,PETRALIA SOPRANA,PA,2021-09-01 12:59:15
5058,419082056,PETRALIA SOTTANA,PA,2021-09-01 12:59:15
5059,412057050,PETRELLA SALTO,RI,2021-09-01 12:59:15
5060,414070052,PETRELLA TIFERNINA,CB,2021-09-01 12:59:15
5061,411041045,PETRIANO,PS,2021-09-01 12:59:15
5062,411043036,PETRIOLO,MC,2021-09-01 12:59:15
5063,411109031,PETRITOLI,FM,2021-09-01 12:59:15
5064,418079094,PETRIZZI,CZ,2021-09-01 12:59:15
5065,418079095,PETRONA',CZ,2021-09-01 12:59:15
5066,419081024,PETROSINO,TP,2021-09-01 12:59:15
5067,415064071,PETRURO IRPINO,AV,2021-09-01 12:59:15
5068,401003116,PETTENASCO,NO,2021-09-01 12:59:15
5069,401096042,PETTINENGO,BI,2021-09-01 12:59:15
5070,419083067,PETTINEO,ME,2021-09-01 12:59:15
5071,414094034,PETTORANELLO DEL MOLISE,IS,2021-09-01 12:59:15
5072,413066071,PETTORANO SUL GIZIO,AQ,2021-09-01 12:59:15
5073,405029035,PETTORAZZA GRIMANI,RO,2021-09-01 12:59:15
5074,401004163,PEVERAGNO,CN,2021-09-01 12:59:15
5075,401002093,PEZZANA,VC,2021-09-01 12:59:15
5076,403017141,PEZZAZE,BS,2021-09-01 12:59:15
5077,401004164,PEZZOLO VALLE UZZONE,CN,2021-09-01 12:59:15
5078,408033032,PIACENZA,PC,2021-09-01 12:59:15
5079,405028062,PIACENZA D'ADIGE,PD,2021-09-01 12:59:15
5080,403019071,PIADENA,CR,2021-09-01 12:59:15
5081,415065095,PIAGGINE,SA,2021-09-01 12:59:15
5082,403017142,PIAN CAMUNO,BS,2021-09-01 12:59:15
5083,407009048,PIANA CRIXIA,SV,2021-09-01 12:59:15
5084,419082057,PIANA DEGLI ALBANESI,PA,2021-09-01 12:59:15
5085,415061056,PIANA DI MONTE VERNA,CE,2021-09-01 12:59:15
5086,409052020,PIANCASTAGNAIO,SI,2021-09-01 12:59:15
5087,403017206,PIANCOGNO,BS,2021-09-01 12:59:15
5088,411041047,PIANDIMELETO,PS,2021-09-01 12:59:15
5089,418078097,PIANE CRATI,CS,2021-09-01 12:59:15
5090,413068030,PIANELLA,PE,2021-09-01 12:59:15
5091,403013183,PIANELLO DEL LARIO,CO,2021-09-01 12:59:15
5092,408033033,PIANELLO VAL TIDONE,PC,2021-09-01 12:59:15
5093,403019072,PIANENGO,CR,2021-09-01 12:59:15
5094,401001189,PIANEZZA,TO,2021-09-01 12:59:15
5095,405024077,PIANEZZE,VI,2021-09-01 12:59:15
5096,401004165,PIANFEI,CN,2021-09-01 12:59:15
5097,403016162,PIANICO,BG,2021-09-01 12:59:15
5098,405027028,PIANIGA,VE,2021-09-01 12:59:15
5099,415063053,PIANO DI SORRENTO,NA,2021-09-01 12:59:15
5100,418079096,PIANOPOLI,CZ,2021-09-01 12:59:15
5101,408037047,PIANORO,BO,2021-09-01 12:59:15
5102,412056043,PIANSANO,VT,2021-09-01 12:59:15
5103,403014048,PIANTEDO,SO,2021-09-01 12:59:15
5104,403016163,PIARIO,BG,2021-09-01 12:59:15
5105,401004166,PIASCO,CN,2021-09-01 12:59:15
5106,403014049,PIATEDA,SO,2021-09-01 12:59:15
5107,401096043,PIATTO,BI,2021-09-01 12:59:15
5108,409046023,PIAZZA AL SERCHIO,LU,2021-09-01 12:59:15
5109,419086014,PIAZZA ARMERINA,EN,2021-09-01 12:59:15
5110,403016164,PIAZZA BREMBANA,BG,2021-09-01 12:59:15
5111,403016165,PIAZZATORRE,BG,2021-09-01 12:59:15
5112,405028063,PIAZZOLA SUL BRENTA,PD,2021-09-01 12:59:15
5113,403016166,PIAZZOLO,BG,2021-09-01 12:59:15
5114,413068031,PICCIANO,PE,2021-09-01 12:59:15
5115,417076059,PICERNO,PZ,2021-09-01 12:59:15
5116,412060050,PICINISCO,FR,2021-09-01 12:59:15
5117,412060051,PICO,FR,2021-09-01 12:59:15
5118,401005084,PIEA,AT,2021-09-01 12:59:15
5119,401096044,PIEDICAVALLO,BI,2021-09-01 12:59:15
5120,419087035,PIEDIMONTE ETNEO,CT,2021-09-01 12:59:15
5121,415061057,PIEDIMONTE MATESE,CE,2021-09-01 12:59:15
5122,412060052,PIEDIMONTE SAN GERMANO,FR,2021-09-01 12:59:15
5123,401103053,PIEDIMULERA,VB,2021-09-01 12:59:15
5124,410054040,PIEGARO,PG,2021-09-01 12:59:15
5125,409052021,PIENZA,SI,2021-09-01 12:59:15
5126,403019073,PIERANICA,CR,2021-09-01 12:59:15
5127,403018111,PIETRA DE' GIORGI,PV,2021-09-01 12:59:15
5128,407009049,PIETRA LIGURE,SV,2021-09-01 12:59:15
5129,401006129,PIETRA MARAZZI,AL,2021-09-01 12:59:15
5130,414094035,PIETRABBONDANTE,IS,2021-09-01 12:59:15
5131,407008041,PIETRABRUNA,IM,2021-09-01 12:59:15
5132,413067034,PIETRACAMELA,TE,2021-09-01 12:59:15
5133,414070053,PIETRACATELLA,CB,2021-09-01 12:59:15
5134,414070054,PIETRACUPA,CB,2021-09-01 12:59:15
5135,415064072,PIETRADEFUSI,AV,2021-09-01 12:59:15
5136,413069103,PIETRAFERRAZZANA,CH,2021-09-01 12:59:16
5137,418078098,PIETRAFITTA,CS,2021-09-01 12:59:16
5138,417076060,PIETRAGALLA,PZ,2021-09-01 12:59:16
5139,410054041,PIETRALUNGA,PG,2021-09-01 12:59:16
5140,415061058,PIETRAMELARA,CE,2021-09-01 12:59:16
5141,416071039,PIETRAMONTECORVINO,FG,2021-09-01 12:59:16
5142,413068032,PIETRANICO,PE,2021-09-01 12:59:16
5143,418078099,PIETRAPAOLA,CS,2021-09-01 12:59:16
5144,417076061,PIETRAPERTOSA,PZ,2021-09-01 12:59:16
5145,419086015,PIETRAPERZIA,EN,2021-09-01 12:59:16
5146,401004167,PIETRAPORZIO,CN,2021-09-01 12:59:16
5147,415062051,PIETRAROIA,BN,2021-09-01 12:59:16
5148,411041048,PIETRARUBBIA,PS,2021-09-01 12:59:16
5149,409046024,PIETRASANTA,LU,2021-09-01 12:59:16
5150,415064073,PIETRASTORNINA,AV,2021-09-01 12:59:16
5151,415061059,PIETRAVAIRANO,CE,2021-09-01 12:59:16
5152,415062052,PIETRELCINA,BN,2021-09-01 12:59:16
5153,409047013,PIEVE A NIEVOLE,PT,2021-09-01 12:59:16
5154,403018112,PIEVE ALBIGNOLA,PV,2021-09-01 12:59:16
5155,403019074,PIEVE D'OLMI,CR,2021-09-01 12:59:16
5156,403018113,PIEVE DEL CAIRO,PV,2021-09-01 12:59:16
5157,404022234,PIEVE DI BONO-PREZZO,TN,2021-09-01 12:59:16
5158,405025039,PIEVE DI CADORE,BL,2021-09-01 12:59:16
5159,408037048,PIEVE DI CENTO,BO,2021-09-01 12:59:16
5160,403020040,PIEVE DI CORIANO,MN,2021-09-01 12:59:16
5161,405026057,PIEVE DI SOLIGO,TV,2021-09-01 12:59:16
5162,407008042,PIEVE DI TECO,IM,2021-09-01 12:59:16
5163,403015173,PIEVE EMANUELE,MI,2021-09-01 12:59:16
5164,403098045,PIEVE FISSIRAGA,LO,2021-09-01 12:59:16
5165,409046025,PIEVE FOSCIANA,LU,2021-09-01 12:59:16
5166,407010043,PIEVE LIGURE,GE,2021-09-01 12:59:16
5167,403018114,PIEVE PORTO MORONE,PV,2021-09-01 12:59:16
5168,403019075,PIEVE SAN GIACOMO,CR,2021-09-01 12:59:16
5169,409051030,PIEVE SANTO STEFANO,AR,2021-09-01 12:59:16
5170,404022142,PIEVE TESINO,TN,2021-09-01 12:59:16
5171,411043038,PIEVE TORINA,MC,2021-09-01 12:59:16
5172,401103054,PIEVE VERGONTE,VB,2021-09-01 12:59:16
5173,408036031,PIEVEPELAGO,MO,2021-09-01 12:59:16
5174,412060053,PIGLIO,FR,2021-09-01 12:59:16
5175,407008043,PIGNA,IM,2021-09-01 12:59:16
5176,412060054,PIGNATARO INTERAMNA,FR,2021-09-01 12:59:16
5177,415061060,PIGNATARO MAGGIORE,CE,2021-09-01 12:59:16
5178,417076062,PIGNOLA,PZ,2021-09-01 12:59:16
5179,407011021,PIGNONE,SP,2021-09-01 12:59:16
5180,403013184,PIGRA,CO,2021-09-01 12:59:16
5181,401002096,PILA,VC,2021-09-01 12:59:16
5182,420092048,PIMENTEL,CA,2021-09-01 12:59:16
5183,415063054,PIMONTE,NA,2021-09-01 12:59:16
5184,403018115,PINAROLO PO,PV,2021-09-01 12:59:16
5185,401001190,PINASCA,TO,2021-09-01 12:59:16
5186,405029036,PINCARA,RO,2021-09-01 12:59:16
5187,401001191,PINEROLO,TO,2021-09-01 12:59:16
5188,413067035,PINETO,TE,2021-09-01 12:59:16
5189,401005085,PINO D'ASTI,AT,2021-09-01 12:59:16
5190,401001192,PINO TORINESE,TO,2021-09-01 12:59:16
5191,406093030,PINZANO AL TAGLIAMENTO,PN,2021-09-01 12:59:16
5192,404022143,PINZOLO,TN,2021-09-01 12:59:16
5193,411041049,PIOBBICO,PS,2021-09-01 12:59:16
5194,401004168,PIOBESI D'ALBA,CN,2021-09-01 12:59:16
5195,401001193,PIOBESI TORINESE,TO,2021-09-01 12:59:16
5196,401002097,PIODE,VC,2021-09-01 12:59:16
5197,403015175,PIOLTELLO,MI,2021-09-01 12:59:16
5198,409049012,PIOMBINO,LI,2021-09-01 12:59:16
5199,405028064,PIOMBINO DESE,PD,2021-09-01 12:59:16
5200,411043039,PIORACO,MC,2021-09-01 12:59:16
5201,401001194,PIOSSASCO,TO,2021-09-01 12:59:16
5202,401005086,PIOVA' MASSAIA,AT,2021-09-01 12:59:16
5203,405028065,PIOVE DI SACCO,PD,2021-09-01 12:59:16
5204,405024078,PIOVENE ROCCHETTE,VI,2021-09-01 12:59:16
5205,401006130,PIOVERA,AL,2021-09-01 12:59:16
5206,408033034,PIOZZANO,PC,2021-09-01 12:59:16
5207,401004169,PIOZZO,CN,2021-09-01 12:59:16
5208,419083068,PIRAINO,ME,2021-09-01 12:59:16
5209,409050026,PISA,PI,2021-09-01 12:59:16
5210,401003119,PISANO,NO,2021-09-01 12:59:16
5211,401001195,PISCINA,TO,2021-09-01 12:59:16
5212,420092107,PISCINAS,CA,2021-09-01 12:59:16
5213,415065096,PISCIOTTA,SA,2021-09-01 12:59:16
5214,403017143,PISOGNE,BS,2021-09-01 12:59:16
5215,412058077,PISONIANO,RM,2021-09-01 12:59:16
5216,417077020,PISTICCI,MT,2021-09-01 12:59:16
5217,409047014,PISTOIA,PT,2021-09-01 12:59:16
5218,409053019,PITIGLIANO,GR,2021-09-01 12:59:16
5219,403020041,PIUBEGA,MN,2021-09-01 12:59:16
5220,403014050,PIURO,SO,2021-09-01 12:59:16
5221,401001196,PIVERONE,TO,2021-09-01 12:59:16
5222,403018116,PIZZALE,PV,2021-09-01 12:59:16
5223,403019076,PIZZIGHETTONE,CR,2021-09-01 12:59:16
5224,418102027,PIZZO,VV,2021-09-01 12:59:16
5225,413069066,PIZZOFERRATO,CH,2021-09-01 12:59:16
5226,413066072,PIZZOLI,AQ,2021-09-01 12:59:16
5227,414094036,PIZZONE,IS,2021-09-01 12:59:16
5228,418102028,PIZZONI,VV,2021-09-01 12:59:16
5229,418080059,PLACANICA,RC,2021-09-01 12:59:16
5230,418078100,PLATACI,CS,2021-09-01 12:59:16
5231,418079099,PLATANIA,CZ,2021-09-01 12:59:16
5232,418080060,PLATI',RC,2021-09-01 12:59:16
5233,404021064,PLAUS,BZ,2021-09-01 12:59:16
5234,403013185,PLESIO,CO,2021-09-01 12:59:16
5235,420090057,PLOAGHE,SS,2021-09-01 12:59:16
5236,407009050,PLODIO,SV,2021-09-01 12:59:16
5237,401004170,POCAPAGLIA,CN,2021-09-01 12:59:16
5238,406030075,POCENIA,UD,2021-09-01 12:59:16
5239,409045013,PODENZANA,MS,2021-09-01 12:59:16
5240,408033035,PODENZANO,PC,2021-09-01 12:59:16
5241,412060055,POFI,FR,2021-09-01 12:59:16
5242,416075061,POGGIARDO,LE,2021-09-01 12:59:16
5243,409052022,POGGIBONSI,SI,2021-09-01 12:59:16
5244,409100004,POGGIO A CAIANO,PO,2021-09-01 12:59:16
5245,412057051,POGGIO BUSTONE,RI,2021-09-01 12:59:16
5246,412057052,POGGIO CATINO,RI,2021-09-01 12:59:16
5247,416071040,POGGIO IMPERIALE,FG,2021-09-01 12:59:16
5248,412057053,POGGIO MIRTETO,RI,2021-09-01 12:59:16
5249,412057054,POGGIO MOIANO,RI,2021-09-01 12:59:16
5250,412057055,POGGIO NATIVO,RI,2021-09-01 12:59:16
5251,413066073,POGGIO PICENZE,AQ,2021-09-01 12:59:16
5252,408038018,POGGIO RENATICO,FE,2021-09-01 12:59:16
5253,403020042,POGGIO RUSCO,MN,2021-09-01 12:59:16
5254,412057056,POGGIO SAN LORENZO,RI,2021-09-01 12:59:16
5255,411042037,POGGIO SAN MARCELLO,AN,2021-09-01 12:59:16
5256,411043040,POGGIO SAN VICINO,MC,2021-09-01 12:59:17
5257,414094037,POGGIO SANNITA,IS,2021-09-01 12:59:17
5258,408099028,POGGIO TORRIANA,RN,2021-09-01 12:59:17
5259,410054042,POGGIODOMO,PG,2021-09-01 12:59:17
5260,413069067,POGGIOFIORITO,CH,2021-09-01 12:59:17
5261,415063055,POGGIOMARINO,NA,2021-09-01 12:59:17
5262,419081016,POGGIOREALE,TP,2021-09-01 12:59:17
5263,416072034,POGGIORSINI,BA,2021-09-01 12:59:17
5264,403014051,POGGIRIDENTI,SO,2021-09-01 12:59:17
5265,403015176,POGLIANO MILANESE,MI,2021-09-01 12:59:17
5266,403013186,POGNANA LARIO,CO,2021-09-01 12:59:17
5267,403016167,POGNANO,BG,2021-09-01 12:59:17
5268,401003120,POGNO,NO,2021-09-01 12:59:17
5269,401001197,POIRINO,TO,2021-09-01 12:59:17
5270,405024079,POJANA MAGGIORE,VI,2021-09-01 12:59:17
5271,403017144,POLAVENO,BS,2021-09-01 12:59:17
5272,406093031,POLCENIGO,PN,2021-09-01 12:59:17
5273,405029037,POLESELLA,RO,2021-09-01 12:59:17
5274,408034050,POLESINE ZIBELLO,PR,2021-09-01 12:59:17
5275,412058078,POLI,RM,2021-09-01 12:59:17
5276,418102029,POLIA,VV,2021-09-01 12:59:17
5277,417077021,POLICORO,MT,2021-09-01 12:59:17
5278,416072035,POLIGNANO A MARE,BA,2021-09-01 12:59:17
5279,408036032,POLINAGO,MO,2021-09-01 12:59:17
5280,410055027,POLINO,TR,2021-09-01 12:59:17
5281,418080061,POLISTENA,RC,2021-09-01 12:59:17
5282,419082058,POLIZZI GENEROSA,PA,2021-09-01 12:59:17
5283,415065097,POLLA,SA,2021-09-01 12:59:17
5284,402007049,POLLEIN,AO,2021-09-01 12:59:17
5285,415063056,POLLENA TROCCHIA,NA,2021-09-01 12:59:17
5286,411043041,POLLENZA,MC,2021-09-01 12:59:17
5287,415065098,POLLICA,SA,2021-09-01 12:59:17
5288,419082059,POLLINA,PA,2021-09-01 12:59:17
5289,401096046,POLLONE,BI,2021-09-01 12:59:17
5290,413069068,POLLUTRI,CH,2021-09-01 12:59:17
5291,401004171,POLONGHERA,CN,2021-09-01 12:59:17
5292,403017145,POLPENAZZE,BS,2021-09-01 12:59:17
5293,405028066,POLVERARA,PD,2021-09-01 12:59:17
5294,411042038,POLVERIGI,AN,2021-09-01 12:59:17
5295,409050027,POMARANCE,PI,2021-09-01 12:59:17
5296,401001198,POMARETTO,TO,2021-09-01 12:59:17
5297,417077022,POMARICO,MT,2021-09-01 12:59:17
5298,401006131,POMARO MONFERRATO,AL,2021-09-01 12:59:17
5299,404022144,POMAROLO,TN,2021-09-01 12:59:17
5300,401003121,POMBIA,NO,2021-09-01 12:59:17
5301,412058079,POMEZIA,RM,2021-09-01 12:59:17
5302,415063057,POMIGLIANO D'ARCO,NA,2021-09-01 12:59:17
5303,415063058,POMPEI,NA,2021-09-01 12:59:17
5304,407008044,POMPEIANA,IM,2021-09-01 12:59:17
5305,403017146,POMPIANO,BS,2021-09-01 12:59:17
5306,403020043,POMPONESCO,MN,2021-09-01 12:59:17
5307,420095042,POMPU,OR,2021-09-01 12:59:17
5308,403017147,PONCARALE,BS,2021-09-01 12:59:17
5309,401096047,PONDERANO,BI,2021-09-01 12:59:17
5310,403013187,PONNA,CO,2021-09-01 12:59:17
5311,409050028,PONSACCO,PI,2021-09-01 12:59:17
5312,405028067,PONSO,PD,2021-09-01 12:59:17
5313,401001199,PONT CANAVESE,TO,2021-09-01 12:59:17
5314,402007052,PONT-SAINT-MARTIN,AO,2021-09-01 12:59:17
5315,409048033,PONTASSIEVE,FI,2021-09-01 12:59:17
5316,402007050,PONTBOSET,AO,2021-09-01 12:59:17
5317,415062053,PONTE,BN,2021-09-01 12:59:17
5318,409047016,PONTE BUGGIANESE,PT,2021-09-01 12:59:17
5319,408033036,PONTE DELL'OLIO,PC,2021-09-01 12:59:17
5320,403017148,PONTE DI LEGNO,BS,2021-09-01 12:59:17
5321,405026058,PONTE DI PIAVE,TV,2021-09-01 12:59:17
5322,404021065,PONTE GARDENA,BZ,2021-09-01 12:59:17
5323,403014052,PONTE IN VALTELLINA,SO,2021-09-01 12:59:17
5324,403013188,PONTE LAMBRO,CO,2021-09-01 12:59:17
5325,405025040,PONTE NELLE ALPI,BL,2021-09-01 12:59:17
5326,403018117,PONTE NIZZA,PV,2021-09-01 12:59:17
5327,403016168,PONTE NOSSA,BG,2021-09-01 12:59:17
5328,405028069,PONTE SAN NICOLO',PD,2021-09-01 12:59:17
5329,403016170,PONTE SAN PIETRO,BG,2021-09-01 12:59:17
5330,406030076,PONTEBBA,UD,2021-09-01 12:59:17
5331,415065099,PONTECAGNANO FAIANO,SA,2021-09-01 12:59:17
5332,405029038,PONTECCHIO POLESINE,RO,2021-09-01 12:59:17
5333,401004172,PONTECHIANALE,CN,2021-09-01 12:59:17
5334,412060056,PONTECORVO,FR,2021-09-01 12:59:17
5335,401006132,PONTECURONE,AL,2021-09-01 12:59:17
5336,407008045,PONTEDASSIO,IM,2021-09-01 12:59:17
5337,409050029,PONTEDERA,PI,2021-09-01 12:59:17
5338,415062054,PONTELANDOLFO,BN,2021-09-01 12:59:17
5339,415061061,PONTELATONE,CE,2021-09-01 12:59:17
5340,405028068,PONTELONGO,PD,2021-09-01 12:59:17
5341,408033037,PONTENURE,PC,2021-09-01 12:59:17
5342,403016169,PONTERANICA,BG,2021-09-01 12:59:17
5343,401006133,PONTESTURA,AL,2021-09-01 12:59:17
5344,403017149,PONTEVICO,BS,2021-09-01 12:59:17
5345,402007051,PONTEY,AO,2021-09-01 12:59:17
5346,401006134,PONTI,AL,2021-09-01 12:59:17
5347,403020044,PONTI SUL MINCIO,MN,2021-09-01 12:59:17
5348,403016171,PONTIDA,BG,2021-09-01 12:59:17
5349,412059017,PONTINIA,LT,2021-09-01 12:59:17
5350,407009051,PONTINVREA,SV,2021-09-01 12:59:17
5351,403016172,PONTIROLO NUOVO,BG,2021-09-01 12:59:17
5352,403017150,PONTOGLIO,BS,2021-09-01 12:59:17
5353,409045014,PONTREMOLI,MS,2021-09-01 12:59:17
5354,412059018,PONZA,LT,2021-09-01 12:59:17
5355,411109032,PONZANO DI FERMO,FM,2021-09-01 12:59:17
5356,401006135,PONZANO MONFERRATO,AL,2021-09-01 12:59:17
5357,412058080,PONZANO ROMANO,RM,2021-09-01 12:59:17
5358,405026059,PONZANO VENETO,TV,2021-09-01 12:59:17
5359,401006136,PONZONE,AL,2021-09-01 12:59:17
5360,413068033,POPOLI,PE,2021-09-01 12:59:17
5361,409051031,POPPI,AR,2021-09-01 12:59:17
5362,410055028,PORANO,TR,2021-09-01 12:59:17
5363,409046026,PORCARI,LU,2021-09-01 12:59:17
5364,406093032,PORCIA,PN,2021-09-01 12:59:17
5365,406093033,PORDENONE,PN,2021-09-01 12:59:17
5366,403013189,PORLEZZA,CO,2021-09-01 12:59:17
5367,407008046,PORNASSIO,IM,2021-09-01 12:59:17
5368,406030077,PORPETTO,UD,2021-09-01 12:59:17
5369,401005087,PORTACOMARO,AT,2021-09-01 12:59:17
5370,403018118,PORTALBERA,PV,2021-09-01 12:59:17
5371,401001200,PORTE,TO,2021-09-01 12:59:17
5372,404022244,PORTE DI RENDENA,TN,2021-09-01 12:59:17
5373,415063059,PORTICI,NA,2021-09-01 12:59:17
5374,415061062,PORTICO DI CASERTA,CE,2021-09-01 12:59:17
5375,408040031,PORTICO E SAN BENEDETTO,FO,2021-09-01 12:59:17
5376,418080062,PORTIGLIOLA,RC,2021-09-01 12:59:18
5377,409049013,PORTO AZZURRO,LI,2021-09-01 12:59:18
5378,403012113,PORTO CERESIO,VA,2021-09-01 12:59:18
5379,416075097,PORTO CESAREO,LE,2021-09-01 12:59:18
5380,419084028,PORTO EMPEDOCLE,AG,2021-09-01 12:59:18
5381,403020045,PORTO MANTOVANO,MN,2021-09-01 12:59:18
5382,411043042,PORTO RECANATI,MC,2021-09-01 12:59:18
5383,411109033,PORTO SAN GIORGIO,FM,2021-09-01 12:59:18
5384,411109034,PORTO SANT'ELPIDIO,FM,2021-09-01 12:59:18
5385,405029039,PORTO TOLLE,RO,2021-09-01 12:59:18
5386,420090058,PORTO TORRES,SS,2021-09-01 12:59:18
5387,403012114,PORTO VALTRAVAGLIA,VA,2021-09-01 12:59:18
5388,405029052,PORTO VIRO,RO,2021-09-01 12:59:18
5389,405026060,PORTOBUFFOLE',TV,2021-09-01 12:59:18
5390,414070055,PORTOCANNONE,CB,2021-09-01 12:59:18
5391,409049014,PORTOFERRAIO,LI,2021-09-01 12:59:18
5392,407010044,PORTOFINO,GE,2021-09-01 12:59:18
5393,405027029,PORTOGRUARO,VE,2021-09-01 12:59:18
5394,408038019,PORTOMAGGIORE,FE,2021-09-01 12:59:18
5395,419089020,PORTOPALO DI CAPO PASSERO,SR,2021-09-01 12:59:18
5396,420092049,PORTOSCUSO,CA,2021-09-01 12:59:18
5397,407011022,PORTOVENERE,SP,2021-09-01 12:59:18
5398,401096048,PORTULA,BI,2021-09-01 12:59:18
5399,420091073,POSADA,NU,2021-09-01 12:59:18
5400,405024080,POSINA,VI,2021-09-01 12:59:18
5401,415065100,POSITANO,SA,2021-09-01 12:59:18
5402,405026061,POSSAGNO,TV,2021-09-01 12:59:18
5403,412057057,POSTA,RI,2021-09-01 12:59:18
5404,412060057,POSTA FIBRENO,FR,2021-09-01 12:59:18
5405,404021066,POSTAL,BZ,2021-09-01 12:59:18
5406,403014053,POSTALESIO,SO,2021-09-01 12:59:18
5407,415065101,POSTIGLIONE,SA,2021-09-01 12:59:18
5408,401002102,POSTUA,VC,2021-09-01 12:59:18
5409,417076063,POTENZA,PZ,2021-09-01 12:59:18
5410,411043043,POTENZA PICENA,MC,2021-09-01 12:59:18
5411,405024081,POVE DEL GRAPPA,VI,2021-09-01 12:59:18
5412,405026062,POVEGLIANO,TV,2021-09-01 12:59:18
5413,405023060,POVEGLIANO VERONESE,VR,2021-09-01 12:59:18
5414,408035029,POVIGLIO,RE,2021-09-01 12:59:18
5415,406030078,POVOLETTO,UD,2021-09-01 12:59:18
5416,404022145,POZZA DI FASSA,TN,2021-09-01 12:59:18
5417,412057058,POZZAGLIA SABINO,RI,2021-09-01 12:59:18
5418,403019077,POZZAGLIO ED UNITI,CR,2021-09-01 12:59:18
5419,419088008,POZZALLO,RG,2021-09-01 12:59:18
5420,414094038,POZZILLI,IS,2021-09-01 12:59:18
5421,403015177,POZZO D'ADDA,MI,2021-09-01 12:59:18
5422,401006137,POZZOL GROPPO,AL,2021-09-01 12:59:18
5423,403017151,POZZOLENGO,BS,2021-09-01 12:59:18
5424,405024082,POZZOLEONE,VI,2021-09-01 12:59:18
5425,401006138,POZZOLO FORMIGARO,AL,2021-09-01 12:59:18
5426,420090059,POZZOMAGGIORE,SS,2021-09-01 12:59:18
5427,405028070,POZZONOVO,PD,2021-09-01 12:59:18
5428,415063060,POZZUOLI,NA,2021-09-01 12:59:18
5429,406030079,POZZUOLO DEL FRIULI,UD,2021-09-01 12:59:18
5430,403015178,POZZUOLO MARTESANA,MI,2021-09-01 12:59:18
5431,403016173,PRADALUNGA,BG,2021-09-01 12:59:18
5432,406030080,PRADAMANO,UD,2021-09-01 12:59:18
5433,401004173,PRADLEVES,CN,2021-09-01 12:59:18
5434,401001201,PRAGELATO,TO,2021-09-01 12:59:18
5435,418078101,PRAIA A MARE,CS,2021-09-01 12:59:18
5436,415065102,PRAIANO,SA,2021-09-01 12:59:18
5437,403017152,PRALBOINO,BS,2021-09-01 12:59:18
5438,401001202,PRALI,TO,2021-09-01 12:59:18
5439,401001203,PRALORMO,TO,2021-09-01 12:59:18
5440,401096049,PRALUNGO,BI,2021-09-01 12:59:18
5441,405027030,PRAMAGGIORE,VE,2021-09-01 12:59:18
5442,401001204,PRAMOLLO,TO,2021-09-01 12:59:18
5443,401002104,PRAROLO,VC,2021-09-01 12:59:18
5444,401001205,PRAROSTINO,TO,2021-09-01 12:59:18
5445,401006139,PRASCO,AL,2021-09-01 12:59:18
5446,401001206,PRASCORSANO,TO,2021-09-01 12:59:18
5447,403014054,PRATA CAMPORTACCIO,SO,2021-09-01 12:59:18
5448,413066074,PRATA D'ANSIDONIA,AQ,2021-09-01 12:59:18
5449,406093034,PRATA DI PORDENONE,PN,2021-09-01 12:59:18
5450,415064074,PRATA DI PRINCIPATO ULTRA,AV,2021-09-01 12:59:18
5451,415061063,PRATA SANNITA,CE,2021-09-01 12:59:18
5452,415061064,PRATELLA,CE,2021-09-01 12:59:18
5453,401001207,PRATIGLIONE,TO,2021-09-01 12:59:18
5454,409100005,PRATO,PO,2021-09-01 12:59:18
5455,404021067,PRATO ALLO STELVIO,BZ,2021-09-01 12:59:18
5456,406030081,PRATO CARNICO,UD,2021-09-01 12:59:18
5457,401003122,PRATO SESIA,NO,2021-09-01 12:59:18
5458,413066075,PRATOLA PELIGNA,AQ,2021-09-01 12:59:18
5459,415064075,PRATOLA SERRA,AV,2021-09-01 12:59:18
5460,409051041,PRATOVECCHIO STIA,AR,2021-09-01 12:59:18
5461,406093035,PRAVISDOMINI,PN,2021-09-01 12:59:18
5462,401096050,PRAY,BI,2021-09-01 12:59:18
5463,401004174,PRAZZO,CN,2021-09-01 12:59:18
5464,402007053,PRE'-SAINT-DIDIER,AO,2021-09-01 12:59:18
5465,406030082,PRECENICCO,UD,2021-09-01 12:59:18
5466,410054043,PRECI,PG,2021-09-01 12:59:18
5467,404022230,PREDAIA,TN,2021-09-01 12:59:18
5468,408040032,PREDAPPIO,FO,2021-09-01 12:59:18
5469,404022147,PREDAZZO,TN,2021-09-01 12:59:18
5470,404021068,PREDOI,BZ,2021-09-01 12:59:18
5471,403016174,PREDORE,BG,2021-09-01 12:59:18
5472,401006140,PREDOSA,AL,2021-09-01 12:59:18
5473,405026063,PREGANZIOL,TV,2021-09-01 12:59:18
5474,403015179,PREGNANA MILANESE,MI,2021-09-01 12:59:18
5475,407008047,PRELA',IM,2021-09-01 12:59:18
5476,403097069,PREMANA,LC,2021-09-01 12:59:18
5477,406030083,PREMARIACCO,UD,2021-09-01 12:59:18
5478,401103055,PREMENO,VB,2021-09-01 12:59:18
5479,401103056,PREMIA,VB,2021-09-01 12:59:18
5480,408040033,PREMILCUORE,FO,2021-09-01 12:59:18
5481,403016175,PREMOLO,BG,2021-09-01 12:59:18
5482,401103057,PREMOSELLO-CHIOVENDA,VB,2021-09-01 12:59:18
5483,406030084,PREONE,UD,2021-09-01 12:59:18
5484,406030085,PREPOTTO,UD,2021-09-01 12:59:18
5485,403017153,PRESEGLIE,BS,2021-09-01 12:59:18
5486,415061065,PRESENZANO,CE,2021-09-01 12:59:18
5487,403016176,PRESEZZO,BG,2021-09-01 12:59:18
5488,416075062,PRESICCE,LE,2021-09-01 12:59:18
5489,405023061,PRESSANA,VR,2021-09-01 12:59:18
5490,413069069,PRETORO,CH,2021-09-01 12:59:18
5491,403017155,PREVALLE,BS,2021-09-01 12:59:18
5492,413066076,PREZZA,AQ,2021-09-01 12:59:18
5493,401004175,PRIERO,CN,2021-09-01 12:59:18
5494,415065103,PRIGNANO CILENTO,SA,2021-09-01 12:59:18
5495,408036033,PRIGNANO SULLA SECCHIA,MO,2021-09-01 12:59:19
5496,403097070,PRIMALUNA,LC,2021-09-01 12:59:19
5497,404022245,PRIMIERO SAN MARTINO DI CASTROZZA,TN,2021-09-01 12:59:19
5498,401004176,PRIOCCA,CN,2021-09-01 12:59:19
5499,401004177,PRIOLA,CN,2021-09-01 12:59:19
5500,419089021,PRIOLO GARGALLO,SR,2021-09-01 12:59:19
5501,412059019,PRIVERNO,LT,2021-09-01 12:59:19
5502,419082060,PRIZZI,PA,2021-09-01 12:59:19
5503,412056044,PROCENO,VT,2021-09-01 12:59:19
5504,415063061,PROCIDA,NA,2021-09-01 12:59:19
5505,407010045,PROPATA,GE,2021-09-01 12:59:19
5506,403013192,PROSERPIO,CO,2021-09-01 12:59:19
5507,412059020,PROSSEDI,LT,2021-09-01 12:59:19
5508,403017156,PROVAGLIO D'ISEO,BS,2021-09-01 12:59:19
5509,403017157,PROVAGLIO VAL SABBIA,BS,2021-09-01 12:59:19
5510,404021069,PROVES,BZ,2021-09-01 12:59:19
5511,414070056,PROVVIDENTI,CB,2021-09-01 12:59:19
5512,401004178,PRUNETTO,CN,2021-09-01 12:59:19
5513,403017158,PUEGNAGO SUL GARDA,BS,2021-09-01 12:59:19
5514,415062055,PUGLIANELLO,BN,2021-09-01 12:59:19
5515,420092050,PULA,CA,2021-09-01 12:59:19
5516,406030086,PULFERO,UD,2021-09-01 12:59:19
5517,416073022,PULSANO,TA,2021-09-01 12:59:19
5518,403016177,PUMENENGO,BG,2021-09-01 12:59:19
5519,403013193,PUSIANO,CO,2021-09-01 12:59:19
5520,420090060,PUTIFIGARI,SS,2021-09-01 12:59:19
5521,416072036,PUTIGNANO,BA,2021-09-01 12:59:19
5522,415064076,QUADRELLE,AV,2021-09-01 12:59:19
5523,413069070,QUADRI,CH,2021-09-01 12:59:19
5524,401001208,QUAGLIUZZO,TO,2021-09-01 12:59:19
5525,415063062,QUALIANO,NA,2021-09-01 12:59:19
5526,401005088,QUARANTI,AT,2021-09-01 12:59:19
5527,401096051,QUAREGNA,BI,2021-09-01 12:59:19
5528,401006141,QUARGNENTO,AL,2021-09-01 12:59:19
5529,401103058,QUARNA SOPRA,VB,2021-09-01 12:59:19
5530,401103059,QUARNA SOTTO,VB,2021-09-01 12:59:19
5531,401002107,QUARONA,VC,2021-09-01 12:59:19
5532,409047017,QUARRATA,PT,2021-09-01 12:59:19
5533,402007054,QUART,AO,2021-09-01 12:59:19
5534,415063063,QUARTO,NA,2021-09-01 12:59:19
5535,405027031,QUARTO D'ALTINO,VE,2021-09-01 12:59:19
5536,420092051,QUARTU SANT'ELENA,CA,2021-09-01 12:59:19
5537,420092105,QUARTUCCIU,CA,2021-09-01 12:59:19
5538,401001209,QUASSOLO,TO,2021-09-01 12:59:19
5539,401006142,QUATTORDIO,AL,2021-09-01 12:59:19
5540,408035030,QUATTRO CASTELLA,RE,2021-09-01 12:59:19
5541,405025070,QUERO VAS,BL,2021-09-01 12:59:19
5542,407009052,QUILIANO,SV,2021-09-01 12:59:19
5543,401001210,QUINCINETTO,TO,2021-09-01 12:59:19
5544,415064077,QUINDICI,AV,2021-09-01 12:59:19
5545,403020046,QUINGENTOLE,MN,2021-09-01 12:59:19
5546,403019078,QUINTANO,CR,2021-09-01 12:59:19
5547,405026064,QUINTO DI TREVISO,TV,2021-09-01 12:59:19
5548,401002108,QUINTO VERCELLESE,VC,2021-09-01 12:59:19
5549,405024083,QUINTO VICENTINO,VI,2021-09-01 12:59:19
5550,403017159,QUINZANO D'OGLIO,BS,2021-09-01 12:59:19
5551,403020047,QUISTELLO,MN,2021-09-01 12:59:19
5552,404022150,RABBI,TN,2021-09-01 12:59:19
5553,416075063,RACALE,LE,2021-09-01 12:59:19
5554,419084029,RACALMUTO,AG,2021-09-01 12:59:19
5555,401004179,RACCONIGI,CN,2021-09-01 12:59:19
5556,419083069,RACCUJA,ME,2021-09-01 12:59:19
5557,404021070,RACINES,BZ,2021-09-01 12:59:19
5558,409052023,RADDA IN CHIANTI,SI,2021-09-01 12:59:19
5559,419087036,RADDUSA,CT,2021-09-01 12:59:19
5560,409052024,RADICOFANI,SI,2021-09-01 12:59:19
5561,409052025,RADICONDOLI,SI,2021-09-01 12:59:19
5562,419084030,RAFFADALI,AG,2021-09-01 12:59:19
5563,419087058,RAGALNA,CT,2021-09-01 12:59:19
5564,406030087,RAGOGNA,UD,2021-09-01 12:59:19
5565,419088009,RAGUSA,RG,2021-09-01 12:59:19
5566,413066077,RAIANO,AQ,2021-09-01 12:59:19
5567,419087037,RAMACCA,CT,2021-09-01 12:59:19
5568,403012115,RANCIO VALCUVIA,VA,2021-09-01 12:59:19
5569,403012116,RANCO,VA,2021-09-01 12:59:19
5570,419087038,RANDAZZO,CT,2021-09-01 12:59:19
5571,403016178,RANICA,BG,2021-09-01 12:59:19
5572,403016179,RANZANICO,BG,2021-09-01 12:59:19
5573,407008048,RANZO,IM,2021-09-01 12:59:19
5574,411109035,RAPAGNANO,FM,2021-09-01 12:59:19
5575,407010046,RAPALLO,GE,2021-09-01 12:59:19
5576,413069071,RAPINO,CH,2021-09-01 12:59:19
5577,409052026,RAPOLANO TERME,SI,2021-09-01 12:59:19
5578,417076064,RAPOLLA,PZ,2021-09-01 12:59:19
5579,417076065,RAPONE,PZ,2021-09-01 12:59:19
5580,401002110,RASSA,VC,2021-09-01 12:59:19
5581,404021071,RASUN ANTERSELVA,BZ,2021-09-01 12:59:19
5582,403014055,RASURA,SO,2021-09-01 12:59:19
5583,419084031,RAVANUSA,AG,2021-09-01 12:59:19
5584,408036034,RAVARINO,MO,2021-09-01 12:59:19
5585,406030088,RAVASCLETTO,UD,2021-09-01 12:59:19
5586,415065104,RAVELLO,SA,2021-09-01 12:59:19
5587,408039014,RAVENNA,RA,2021-09-01 12:59:19
5588,406030089,RAVEO,UD,2021-09-01 12:59:19
5589,415061066,RAVISCANINA,CE,2021-09-01 12:59:19
5590,401103060,RE,VB,2021-09-01 12:59:19
5591,403018119,REA,PV,2021-09-01 12:59:19
5592,419084032,REALMONTE,AG,2021-09-01 12:59:19
5593,406030090,REANA DEL ROJALE,UD,2026-09-19 13:22:54
5594,401001211,REANO,TO,2021-09-01 12:59:19
5595,415061067,RECALE,CE,2021-09-01 12:59:19
5596,411043044,RECANATI,MC,2021-09-01 12:59:19
5597,407010047,RECCO,GE,2021-09-01 12:59:19
5598,401003129,RECETTO,NO,2021-09-01 12:59:19
5599,405024084,RECOARO TERME,VI,2021-09-01 12:59:19
5600,403018120,REDAVALLE,PV,2021-09-01 12:59:19
5601,403020048,REDONDESCO,MN,2021-09-01 12:59:19
5602,401005089,REFRANCORE,AT,2021-09-01 12:59:19
5603,405026065,REFRONTOLO,TV,2021-09-01 12:59:19
5604,419086016,REGALBUTO,EN,2021-09-01 12:59:19
5605,409048035,REGGELLO,FI,2021-09-01 12:59:19
5606,418080063,REGGIO CALABRIA,RC,2021-09-01 12:59:19
5607,408035033,REGGIO EMILIA,RE,2021-09-01 12:59:19
5608,408035032,REGGIOLO,RE,2021-09-01 12:59:19
5609,415062056,REINO,BN,2021-09-01 12:59:19
5610,419083070,REITANO,ME,2021-09-01 12:59:19
5611,406030091,REMANZACCO,UD,2021-09-01 12:59:19
5612,403017160,REMEDELLO,BS,2021-09-01 12:59:19
5613,403108037,RENATE,MB,2021-09-01 12:59:19
5614,418078102,RENDE,CS,2021-09-01 12:59:20
5615,404021072,RENON,BZ,2021-09-01 12:59:20
5616,405026066,RESANA,TV,2021-09-01 12:59:20
5617,403015181,RESCALDINA,MI,2021-09-01 12:59:20
5618,406030092,RESIA,UD,2021-09-01 12:59:20
5619,406030093,RESIUTTA,UD,2021-09-01 12:59:20
5620,419085014,RESUTTANO,CL,2021-09-01 12:59:20
5621,403018121,RETORBIDO,PV,2021-09-01 12:59:20
5622,401004180,REVELLO,CN,2021-09-01 12:59:20
5623,403020049,REVERE,MN,2021-09-01 12:59:20
5624,401005090,REVIGLIASCO D'ASTI,AT,2021-09-01 12:59:20
5625,405026067,REVINE LAGO,TV,2021-09-01 12:59:20
5626,404022152,REVO',TN,2021-09-01 12:59:20
5627,403013195,REZZAGO,CO,2021-09-01 12:59:20
5628,403017161,REZZATO,BS,2021-09-01 12:59:20
5629,407008049,REZZO,IM,2021-09-01 12:59:20
5630,407010048,REZZOAGLIO,GE,2021-09-01 12:59:20
5631,402007055,RHEMES-NOTRE-DAME,AO,2021-09-01 12:59:20
5632,402007056,RHEMES-SAINT-GEORGES,AO,2021-09-01 12:59:20
5633,403015182,RHO,MI,2021-09-01 12:59:20
5634,418080064,RIACE,RC,2021-09-01 12:59:20
5635,407009053,RIALTO,SV,2021-09-01 12:59:20
5636,412058081,RIANO,RM,2021-09-01 12:59:20
5637,415061068,RIARDO,CE,2021-09-01 12:59:20
5638,419084033,RIBERA,AG,2021-09-01 12:59:20
5639,401001212,RIBORDONE,TO,2021-09-01 12:59:20
5640,418102030,RICADI,VV,2021-09-01 12:59:20
5641,401006143,RICALDONE,AL,2021-09-01 12:59:20
5642,414070057,RICCIA,CB,2021-09-01 12:59:20
5643,408099013,RICCIONE,RN,2021-09-01 12:59:20
5644,407011023,RICCO' DEL GOLFO DI SPEZIA,SP,2021-09-01 12:59:20
5645,403019079,RICENGO,CR,2021-09-01 12:59:20
5646,415065105,RICIGLIANO,SA,2021-09-01 12:59:20
5647,405026068,RIESE PIO X,TV,2021-09-01 12:59:20
5648,419085015,RIESI,CL,2021-09-01 12:59:20
5649,412057059,RIETI,RI,2021-09-01 12:59:20
5650,404021073,RIFIANO,BZ,2021-09-01 12:59:20
5651,401004181,RIFREDDO,CN,2021-09-01 12:59:20
5652,412058082,RIGNANO FLAMINIO,RM,2021-09-01 12:59:20
5653,416071041,RIGNANO GARGANICO,FG,2021-09-01 12:59:20
5654,409048036,RIGNANO SULL'ARNO,FI,2021-09-01 12:59:20
5655,406030094,RIGOLATO,UD,2021-09-01 12:59:20
5656,401002111,RIMA SAN GIUSEPPE,VC,2021-09-01 12:59:20
5657,401002112,RIMASCO,VC,2021-09-01 12:59:20
5658,401002113,RIMELLA,VC,2021-09-01 12:59:20
5659,408099014,RIMINI,RN,2021-09-01 12:59:20
5660,404021074,RIO DI PUSTERIA,BZ,2021-09-01 12:59:20
5661,409049015,RIO MARINA,LI,2021-09-01 12:59:20
5662,409049016,RIO NELL'ELBA,LI,2021-09-01 12:59:20
5663,408035034,RIO SALICETO,RE,2021-09-01 12:59:20
5664,412058083,RIOFREDDO,RM,2021-09-01 12:59:20
5665,420095043,RIOLA SARDO,OR,2021-09-01 12:59:20
5666,408039015,RIOLO TERME,RA,2021-09-01 12:59:20
5667,408036035,RIOLUNATO,MO,2021-09-01 12:59:20
5668,407011024,RIOMAGGIORE,SP,2021-09-01 12:59:20
5669,417076066,RIONERO IN VULTURE,PZ,2021-09-01 12:59:20
5670,414094039,RIONERO SANNITICO,IS,2021-09-01 12:59:20
5671,413069072,RIPA TEATINA,CH,2021-09-01 12:59:20
5672,414070058,RIPABOTTONI,CB,2021-09-01 12:59:20
5673,417076067,RIPACANDIDA,PZ,2021-09-01 12:59:20
5674,414070059,RIPALIMOSANI,CB,2021-09-01 12:59:20
5675,403019080,RIPALTA ARPINA,CR,2021-09-01 12:59:20
5676,403019081,RIPALTA CREMASCA,CR,2021-09-01 12:59:20
5677,403019082,RIPALTA GUERINA,CR,2021-09-01 12:59:20
5678,409050030,RIPARBELLA,PI,2021-09-01 12:59:20
5679,411044063,RIPATRANSONE,AP,2021-09-01 12:59:20
5680,411043045,RIPE SAN GINESIO,MC,2021-09-01 12:59:20
5681,412060058,RIPI,FR,2021-09-01 12:59:20
5682,419087039,RIPOSTO,CT,2021-09-01 12:59:20
5683,401004182,RITTANA,CN,2021-09-01 12:59:20
5684,404022153,RIVA DEL GARDA,TN,2021-09-01 12:59:20
5685,403016180,RIVA DI SOLTO,BG,2021-09-01 12:59:20
5686,407008050,RIVA LIGURE,IM,2021-09-01 12:59:20
5687,401001215,RIVA PRESSO CHIERI,TO,2021-09-01 12:59:20
5688,401002114,RIVA VALDOBBIA,VC,2021-09-01 12:59:20
5689,401001213,RIVALBA,TO,2021-09-01 12:59:20
5690,401006144,RIVALTA BORMIDA,AL,2021-09-01 12:59:20
5691,401001214,RIVALTA DI TORINO,TO,2021-09-01 12:59:20
5692,405025043,RIVAMONTE AGORDINO,BL,2021-09-01 12:59:20
5693,403018999,RIVANAZZANO TERME,PV,2021-09-01 12:59:20
5694,401001216,RIVARA,TO,2021-09-01 12:59:20
5695,401001217,RIVAROLO CANAVESE,TO,2021-09-01 12:59:20
5696,403019083,RIVAROLO DEL RE ED UNITI,CR,2021-09-01 12:59:20
5697,403020050,RIVAROLO MANTOVANO,MN,2021-09-01 12:59:20
5698,401006145,RIVARONE,AL,2021-09-01 12:59:20
5699,401001218,RIVAROSSA,TO,2021-09-01 12:59:20
5700,401002115,RIVE,VC,2021-09-01 12:59:20
5701,406030095,RIVE D'ARCANO,UD,2021-09-01 12:59:20
5702,417076068,RIVELLO,PZ,2021-09-01 12:59:20
5703,408033038,RIVERGARO,PC,2021-09-01 12:59:20
5704,406030188,RIVIGNANO TEOR,UD,2021-09-01 12:59:20
5705,413066078,RIVISONDOLI,AQ,2021-09-01 12:59:20
5706,412057060,RIVODUTRI,RI,2021-09-01 12:59:20
5707,401001219,RIVOLI,TO,2021-09-01 12:59:20
5708,405023062,RIVOLI VERONESE,VR,2021-09-01 12:59:20
5709,403019084,RIVOLTA D'ADDA,CR,2021-09-01 12:59:20
5710,418080065,RIZZICONI,RC,2021-09-01 12:59:20
5711,408038020,RO FERRARESE,FE,2021-09-01 12:59:20
5712,405024085,ROANA,VI,2021-09-01 12:59:20
5713,401004183,ROASCHIA,CN,2021-09-01 12:59:20
5714,401004184,ROASCIO,CN,2021-09-01 12:59:20
5715,401002116,ROASIO,VC,2021-09-01 12:59:20
5716,401005091,ROATTO,AT,2021-09-01 12:59:20
5717,401001220,ROBASSOMERO,TO,2021-09-01 12:59:20
5718,403097071,ROBBIATE,LC,2021-09-01 12:59:20
5719,403018123,ROBBIO,PV,2021-09-01 12:59:20
5720,403015183,ROBECCHETTO CON INDUNO,MI,2021-09-01 12:59:20
5721,403019085,ROBECCO D'OGLIO,CR,2021-09-01 12:59:20
5722,403018124,ROBECCO PAVESE,PV,2021-09-01 12:59:20
5723,403015184,ROBECCO SUL NAVIGLIO,MI,2021-09-01 12:59:20
5724,401005092,ROBELLA,AT,2021-09-01 12:59:20
5725,401004185,ROBILANTE,CN,2021-09-01 12:59:20
5726,401004186,ROBURENT,CN,2021-09-01 12:59:20
5727,401001221,ROCCA CANAVESE,TO,2021-09-01 12:59:20
5728,412058084,ROCCA CANTERANO,RM,2021-09-01 12:59:20
5729,401004188,ROCCA CIGLIE',CN,2021-09-01 12:59:20
5730,401005093,ROCCA D'ARAZZO,AT,2021-09-01 12:59:20
5731,412060059,ROCCA D'ARCE,FR,2021-09-01 12:59:20
5732,415061069,ROCCA D'EVANDRO,CE,2021-09-01 12:59:20
5733,401004189,ROCCA DE' BALDI,CN,2021-09-01 12:59:20
5734,403018125,ROCCA DE' GIORGI,PV,2021-09-01 12:59:20
5735,413066080,ROCCA DI BOTTE,AQ,2021-09-01 12:59:20
5736,413066081,ROCCA DI CAMBIO,AQ,2021-09-01 12:59:20
5737,412058085,ROCCA DI CAVE,RM,2021-09-01 12:59:20
5738,413066082,ROCCA DI MEZZO,AQ,2021-09-01 12:59:20
5739,418101019,ROCCA DI NETO,KR,2021-09-01 12:59:20
5740,412058086,ROCCA DI PAPA,RM,2021-09-01 12:59:20
5741,401006147,ROCCA GRIMALDA,AL,2021-09-01 12:59:20
5742,418078103,ROCCA IMPERIALE,CS,2021-09-01 12:59:20
5743,412059022,ROCCA MASSIMA,LT,2021-09-01 12:59:21
5744,413066083,ROCCA PIA,AQ,2021-09-01 12:59:21
5745,405025044,ROCCA PIETORE,BL,2021-09-01 12:59:21
5746,412058088,ROCCA PRIORA,RM,2021-09-01 12:59:21
5747,408040036,ROCCA SAN CASCIANO,FO,2021-09-01 12:59:21
5748,415064079,ROCCA SAN FELICE,AV,2021-09-01 12:59:21
5749,413069074,ROCCA SAN GIOVANNI,CH,2021-09-01 12:59:21
5750,413067036,ROCCA SANTA MARIA,TE,2021-09-01 12:59:21
5751,412058089,ROCCA SANTO STEFANO,RM,2021-09-01 12:59:21
5752,412057062,ROCCA SINIBALDA,RI,2021-09-01 12:59:21
5753,403018126,ROCCA SUSELLA,PV,2021-09-01 12:59:21
5754,415064078,ROCCABASCERANA,AV,2021-09-01 12:59:21
5755,418101018,ROCCABERNARDA,KR,2021-09-01 12:59:21
5756,408034030,ROCCABIANCA,PR,2021-09-01 12:59:21
5757,401004187,ROCCABRUNA,CN,2021-09-01 12:59:21
5758,413066079,ROCCACASALE,AQ,2021-09-01 12:59:21
5759,415065106,ROCCADASPIDE,SA,2021-09-01 12:59:21
5760,419083071,ROCCAFIORITA,ME,2021-09-01 12:59:21
5761,411044064,ROCCAFLUVIONE,AP,2021-09-01 12:59:21
5762,418080066,ROCCAFORTE DEL GRECO,RC,2021-09-01 12:59:21
5763,401006146,ROCCAFORTE LIGURE,AL,2021-09-01 12:59:21
5764,401004190,ROCCAFORTE MONDOVI',CN,2021-09-01 12:59:21
5765,416073023,ROCCAFORZATA,TA,2021-09-01 12:59:21
5766,403017162,ROCCAFRANCA,BS,2021-09-01 12:59:21
5767,412058087,ROCCAGIOVINE,RM,2021-09-01 12:59:21
5768,415065107,ROCCAGLORIOSA,SA,2021-09-01 12:59:21
5769,412059021,ROCCAGORGA,LT,2021-09-01 12:59:21
5770,409053020,ROCCALBEGNA,GR,2021-09-01 12:59:21
5771,419083072,ROCCALUMERA,ME,2021-09-01 12:59:21
5772,414094040,ROCCAMANDOLFI,IS,2021-09-01 12:59:21
5773,419082061,ROCCAMENA,PA,2021-09-01 12:59:21
5774,415061070,ROCCAMONFINA,CE,2021-09-01 12:59:21
5775,413069073,ROCCAMONTEPIANO,CH,2021-09-01 12:59:21
5776,413068034,ROCCAMORICE,PE,2021-09-01 12:59:21
5777,417076069,ROCCANOVA,PZ,2021-09-01 12:59:21
5778,412057061,ROCCANTICA,RI,2021-09-01 12:59:21
5779,419082062,ROCCAPALUMBA,PA,2021-09-01 12:59:21
5780,415065108,ROCCAPIEMONTE,SA,2021-09-01 12:59:21
5781,415063065,ROCCARAINOLA,NA,2021-09-01 12:59:21
5782,413066084,ROCCARASO,AQ,2021-09-01 12:59:21
5783,415061071,ROCCAROMANA,CE,2021-09-01 12:59:21
5784,413069075,ROCCASCALEGNA,CH,2021-09-01 12:59:21
5785,412060060,ROCCASECCA,FR,2021-09-01 12:59:21
5786,412059023,ROCCASECCA DEI VOLSCI,LT,2021-09-01 12:59:21
5787,414094041,ROCCASICURA,IS,2021-09-01 12:59:21
5788,401004191,ROCCASPARVERA,CN,2021-09-01 12:59:21
5789,413069076,ROCCASPINALVETI,CH,2021-09-01 12:59:21
5790,409053021,ROCCASTRADA,GR,2021-09-01 12:59:21
5791,419083073,ROCCAVALDINA,ME,2021-09-01 12:59:21
5792,401005094,ROCCAVERANO,AT,2021-09-01 12:59:21
5793,407009054,ROCCAVIGNALE,SV,2021-09-01 12:59:21
5794,401004192,ROCCAVIONE,CN,2021-09-01 12:59:21
5795,414070060,ROCCAVIVARA,CB,2021-09-01 12:59:21
5796,418080067,ROCCELLA IONICA,RC,2021-09-01 12:59:21
5797,419083074,ROCCELLA VALDEMONE,ME,2021-09-01 12:59:21
5798,414094042,ROCCHETTA A VOLTURNO,IS,2021-09-01 12:59:21
5799,401004193,ROCCHETTA BELBO,CN,2021-09-01 12:59:21
5800,407011025,ROCCHETTA DI VARA,SP,2021-09-01 12:59:21
5801,415061072,ROCCHETTA E CROCE,CE,2021-09-01 12:59:21
5802,401006148,ROCCHETTA LIGURE,AL,2021-09-01 12:59:21
5803,407008051,ROCCHETTA NERVINA,IM,2021-09-01 12:59:21
5804,401005095,ROCCHETTA PALAFEA,AT,2021-09-01 12:59:21
5805,416071042,ROCCHETTA SANT'ANTONIO,FG,2021-09-01 12:59:21
5806,401005096,ROCCHETTA TANARO,AT,2021-09-01 12:59:21
5807,403015185,RODANO,MI,2021-09-01 12:59:21
5808,401004194,RODDI,CN,2021-09-01 12:59:21
5809,401004195,RODDINO,CN,2021-09-01 12:59:21
5810,401004196,RODELLO,CN,2021-09-01 12:59:21
5811,404021075,RODENGO,BZ,2021-09-01 12:59:21
5812,403017163,RODENGO-SAIANO,BS,2021-09-01 12:59:21
5813,403013197,RODERO,CO,2021-09-01 12:59:21
5814,416071043,RODI GARGANICO,FG,2021-09-01 12:59:21
5815,419083075,RODI' MILICI,ME,2021-09-01 12:59:21
5816,403020051,RODIGO,MN,2021-09-01 12:59:21
5817,403017164,ROE' VOLCIANO,BS,2021-09-01 12:59:21
5818,415065109,ROFRANO,SA,2021-09-01 12:59:21
5819,403097072,ROGENO,LC,2021-09-01 12:59:21
5820,418078104,ROGGIANO GRAVINA,CS,2021-09-01 12:59:21
5821,418080068,ROGHUDI,RC,2021-09-01 12:59:21
5822,418078105,ROGLIANO,CS,2021-09-01 12:59:21
5823,403018127,ROGNANO,PV,2021-09-01 12:59:21
5824,403016182,ROGNO,BG,2021-09-01 12:59:21
5825,403014056,ROGOLO,SO,2021-09-01 12:59:21
5826,412058090,ROIATE,RM,2021-09-01 12:59:21
5827,413069077,ROIO DEL SANGRO,CH,2021-09-01 12:59:21
5828,402007057,ROISAN,AO,2021-09-01 12:59:21
5829,401001222,ROLETTO,TO,2021-09-01 12:59:21
5830,408035035,ROLO,RE,2021-09-01 12:59:21
5831,412058091,ROMA,RM,2021-09-01 12:59:21
5832,415065110,ROMAGNANO AL MONTE,SA,2021-09-01 12:59:21
5833,401003130,ROMAGNANO SESIA,NO,2021-09-01 12:59:21
5834,403018128,ROMAGNESE,PV,2021-09-01 12:59:21
5835,404022154,ROMALLO,TN,2021-09-01 12:59:21
5836,420090061,ROMANA,SS,2021-09-01 12:59:21
5837,403019086,ROMANENGO,CR,2021-09-01 12:59:21
5838,401001223,ROMANO CANAVESE,TO,2021-09-01 12:59:21
5839,405024086,ROMANO D'EZZELINO,VI,2021-09-01 12:59:21
5840,403016183,ROMANO DI LOMBARDIA,BG,2021-09-01 12:59:21
5841,406031015,ROMANS D'ISONZO,GO,2021-09-01 12:59:21
5842,418102031,ROMBIOLO,VV,2021-09-01 12:59:21
5843,404022155,ROMENO,TN,2021-09-01 12:59:21
5844,401003131,ROMENTINO,NO,2021-09-01 12:59:21
5845,419083076,ROMETTA,ME,2021-09-01 12:59:21
5846,403013199,RONAGO,CO,2021-09-01 12:59:21
5847,405023063,RONCA',VR,2021-09-01 12:59:21
5848,405026069,RONCADE,TV,2021-09-01 12:59:21
5849,403017165,RONCADELLE,BS,2021-09-01 12:59:21
5850,403018129,RONCARO,PV,2021-09-01 12:59:21
5851,404022156,RONCEGNO,TN,2021-09-01 12:59:21
5852,403108055,RONCELLO,MB,2021-09-01 12:59:21
5853,406031016,RONCHI DEI LEGIONARI,GO,2021-09-01 12:59:21
5854,404022157,RONCHI VALSUGANA,TN,2021-09-01 12:59:21
5855,406030097,RONCHIS,UD,2021-09-01 12:59:21
5856,412056045,RONCIGLIONE,VT,2021-09-01 12:59:21
5857,405023064,RONCO ALL'ADIGE,VR,2021-09-01 12:59:21
5858,401096053,RONCO BIELLESE,BI,2021-09-01 12:59:21
5859,403108038,RONCO BRIANTINO,MB,2021-09-01 12:59:21
5860,401001224,RONCO CANAVESE,TO,2021-09-01 12:59:21
5861,407010049,RONCO SCRIVIA,GE,2021-09-01 12:59:21
5862,403016184,RONCOBELLO,BG,2021-09-01 12:59:22
5863,403020052,RONCOFERRARO,MN,2021-09-01 12:59:22
5864,408040037,RONCOFREDDO,FO,2021-09-01 12:59:22
5865,403016185,RONCOLA,BG,2021-09-01 12:59:22
5866,407010050,RONDANINA,GE,2021-09-01 12:59:22
5867,401001225,RONDISSONE,TO,2021-09-01 12:59:22
5868,401002118,RONSECCO,VC,2021-09-01 12:59:22
5869,404022135,RONZO-CHIENIS,TN,2021-09-01 12:59:22
5870,404022159,RONZONE,TN,2021-09-01 12:59:22
5871,401096054,ROPPOLO,BI,2021-09-01 12:59:22
5872,401001226,RORA',TO,2021-09-01 12:59:22
5873,401001227,RORETO CHISONE,TO,2021-09-01 12:59:22
5874,405024087,ROSA',VI,2021-09-01 12:59:22
5875,418080069,ROSARNO,RC,2021-09-01 12:59:22
5876,403018130,ROSASCO,PV,2021-09-01 12:59:22
5877,403015188,ROSATE,MI,2021-09-01 12:59:22
5878,401096055,ROSAZZA,BI,2021-09-01 12:59:22
5879,413068035,ROSCIANO,PE,2021-09-01 12:59:22
5880,415065111,ROSCIGNO,SA,2021-09-01 12:59:22
5881,418078106,ROSE,CS,2021-09-01 12:59:22
5882,413069078,ROSELLO,CH,2021-09-01 12:59:22
5883,418078107,ROSETO CAPO SPULICO,CS,2021-09-01 12:59:22
5884,413067037,ROSETO DEGLI ABRUZZI,TE,2021-09-01 12:59:22
5885,416071044,ROSETO VALFORTORE,FG,2021-09-01 12:59:22
5886,409049017,ROSIGNANO MARITTIMO,LI,2021-09-01 12:59:22
5887,401006149,ROSIGNANO MONFERRATO,AL,2021-09-01 12:59:22
5888,405029040,ROSOLINA,RO,2021-09-01 12:59:22
5889,419089016,ROSOLINI,SR,2021-09-01 12:59:22
5890,411042040,ROSORA,AN,2021-09-01 12:59:22
5891,401002121,ROSSA,VC,2021-09-01 12:59:22
5892,401004197,ROSSANA,CN,2021-09-01 12:59:22
5893,418078108,ROSSANO,CS,2021-09-01 12:59:22
5894,405024088,ROSSANO VENETO,VI,2021-09-01 12:59:22
5895,407010051,ROSSIGLIONE,GE,2021-09-01 12:59:22
5896,401001228,ROSTA,TO,2021-09-01 12:59:22
5897,403016186,ROTA D'IMAGNA,BG,2021-09-01 12:59:22
5898,418078109,ROTA GRECA,CS,2021-09-01 12:59:22
5899,411044065,ROTELLA,AP,2021-09-01 12:59:22
5900,414070061,ROTELLO,CB,2021-09-01 12:59:22
5901,417076070,ROTONDA,PZ,2021-09-01 12:59:22
5902,417077023,ROTONDELLA,MT,2021-09-01 12:59:22
5903,415064080,ROTONDI,AV,2021-09-01 12:59:22
5904,408033039,ROTTOFRENO,PC,2021-09-01 12:59:22
5905,405024089,ROTZO,VI,2021-09-01 12:59:22
5906,401001571,ROURE,TO,2021-09-01 12:59:22
5907,401002122,ROVASENDA,VC,2021-09-01 12:59:22
5908,403017166,ROVATO,BS,2021-09-01 12:59:22
5909,407010052,ROVEGNO,GE,2021-09-01 12:59:22
5910,403013201,ROVELLASCA,CO,2021-09-01 12:59:22
5911,403013202,ROVELLO PORRO,CO,2021-09-01 12:59:22
5912,403020053,ROVERBELLA,MN,2021-09-01 12:59:22
5913,405023065,ROVERCHIARA,VR,2021-09-01 12:59:22
5914,404022160,ROVERE' DELLA LUNA,TN,2021-09-01 12:59:22
5915,405023067,ROVERE' VERONESE,VR,2021-09-01 12:59:22
5916,405023066,ROVEREDO DI GUA',VR,2021-09-01 12:59:22
5917,406093036,ROVEREDO IN PIANO,PN,2021-09-01 12:59:22
5918,404022161,ROVERETO,TN,2021-09-01 12:59:22
5919,403018131,ROVESCALA,PV,2021-09-01 12:59:22
5920,403016187,ROVETTA,BG,2021-09-01 12:59:22
5921,412058092,ROVIANO,RM,2021-09-01 12:59:22
5922,405029041,ROVIGO,RO,2021-09-01 12:59:22
5923,418078110,ROVITO,CS,2021-09-01 12:59:22
5924,405028071,ROVOLON,PD,2021-09-01 12:59:22
5925,403015189,ROZZANO,MI,2021-09-01 12:59:22
5926,405028072,RUBANO,PD,2021-09-01 12:59:22
5927,401001229,RUBIANA,TO,2021-09-01 12:59:22
5928,408035036,RUBIERA,RE,2021-09-01 12:59:22
5929,406030098,RUDA,UD,2021-09-01 12:59:22
5930,403017167,RUDIANO,BS,2021-09-01 12:59:22
5931,401001230,RUEGLIO,TO,2021-09-01 12:59:22
5932,416075064,RUFFANO,LE,2021-09-01 12:59:22
5933,401004198,RUFFIA,CN,2021-09-01 12:59:22
5934,404022962,RUFFRE'-MENDOLA,TN,2021-09-01 12:59:22
5935,409048037,RUFINA,FI,2021-09-01 12:59:22
5936,420095044,RUINAS,OR,2021-09-01 12:59:22
5937,403018132,RUINO,PV,2021-09-01 12:59:22
5938,404022163,RUMO,TN,2021-09-01 12:59:22
5939,417076071,RUOTI,PZ,2021-09-01 12:59:22
5940,408039016,RUSSI,RA,2021-09-01 12:59:22
5941,416072037,RUTIGLIANO,BA,2021-09-01 12:59:22
5942,415065112,RUTINO,SA,2021-09-01 12:59:22
5943,415061073,RUVIANO,CE,2021-09-01 12:59:22
5944,417076072,RUVO DEL MONTE,PZ,2021-09-01 12:59:22
5945,416072038,RUVO DI PUGLIA,BA,2021-09-01 12:59:22
5946,412059024,SABAUDIA,LT,2021-09-01 12:59:22
5947,401002123,SABBIA,VC,2021-09-01 12:59:22
5948,403017168,SABBIO CHIESE,BS,2021-09-01 12:59:22
5949,403020054,SABBIONETA,MN,2021-09-01 12:59:22
5950,415065113,SACCO,SA,2021-09-01 12:59:22
5951,405028073,SACCOLONGO,PD,2021-09-01 12:59:22
5952,406093037,SACILE,PN,2021-09-01 12:59:22
5953,412058093,SACROFANO,RM,2021-09-01 12:59:22
5954,420091074,SADALI,NU,2021-09-01 12:59:22
5955,420091075,SAGAMA,NU,2021-09-01 12:59:22
5956,401096056,SAGLIANO MICCA,BI,2021-09-01 12:59:22
5957,406031017,SAGRADO,GO,2021-09-01 12:59:22
5958,404022164,SAGRON MIS,TN,2021-09-01 12:59:22
5959,402007058,SAINT-CHRISTOPHE,AO,2021-09-01 12:59:22
5960,402007059,SAINT-DENIS,AO,2021-09-01 12:59:22
5961,402007060,SAINT-MARCEL,AO,2021-09-01 12:59:22
5962,402007061,SAINT-NICOLAS,AO,2021-09-01 12:59:22
5963,402007062,SAINT-OYEN,AO,2021-09-01 12:59:22
5964,402007063,SAINT-PIERRE,AO,2021-09-01 12:59:22
5965,402007064,SAINT-RHEMY,AO,2021-09-01 12:59:22
5966,402007065,SAINT-VINCENT,AO,2021-09-01 12:59:22
5967,408034031,SALA BAGANZA,PR,2021-09-01 12:59:22
5968,401096057,SALA BIELLESE,BI,2021-09-01 12:59:22
5969,408037050,SALA BOLOGNESE,BO,2021-09-01 12:59:22
5970,403013203,SALA COMACINA,CO,2021-09-01 12:59:22
5971,415065114,SALA CONSILINA,SA,2021-09-01 12:59:22
5972,401006150,SALA MONFERRATO,AL,2021-09-01 12:59:22
5973,417077024,SALANDRA,MT,2021-09-01 12:59:22
5974,419081017,SALAPARUTA,TP,2021-09-01 12:59:22
5975,405029042,SALARA,RO,2021-09-01 12:59:22
5976,401002126,SALASCO,VC,2021-09-01 12:59:22
5977,401001231,SALASSA,TO,2021-09-01 12:59:22
5978,401001232,SALBERTRAND,TO,2021-09-01 12:59:22
5979,405024090,SALCEDO,VI,2021-09-01 12:59:22
5980,414070062,SALCITO,CB,2021-09-01 12:59:22
5981,401006151,SALE,AL,2021-09-01 12:59:23
5982,401004199,SALE DELLE LANGHE,CN,2021-09-01 12:59:23
5983,403017169,SALE MARASINO,BS,2021-09-01 12:59:23
5984,401004200,SALE SAN GIOVANNI,CN,2021-09-01 12:59:23
5985,419081018,SALEMI,TP,2021-09-01 12:59:23
5986,415065115,SALENTO,SA,2021-09-01 12:59:23
5987,401001233,SALERANO CANAVESE,TO,2021-09-01 12:59:23
5988,403098046,SALERANO SUL LAMBRO,LO,2021-09-01 12:59:23
5989,415065116,SALERNO,SA,2021-09-01 12:59:23
5990,405028074,SALETTO,PD,2021-09-01 12:59:23
5991,405026070,SALGAREDA,TV,2021-09-01 12:59:23
5992,401002127,SALI VERCELLESE,VC,2021-09-01 12:59:23
5993,416075065,SALICE SALENTINO,LE,2021-09-01 12:59:23
5994,401004201,SALICETO,CN,2021-09-01 12:59:23
5995,412057063,SALISANO,RI,2021-09-01 12:59:23
5996,405023068,SALIZZOLE,VR,2021-09-01 12:59:23
5997,413068036,SALLE,PE,2021-09-01 12:59:23
5998,401004202,SALMOUR,CN,2021-09-01 12:59:23
5999,403017170,SALO',BS,2021-09-01 12:59:23
6000,404021076,SALORNO,BZ,2021-09-01 12:59:23
6001,408034032,SALSOMAGGIORE TERME,PR,2021-09-01 12:59:23
6002,403012117,SALTRIO,VA,2021-09-01 12:59:23
6003,408099015,SALUDECIO,RN,2021-09-01 12:59:23
6004,401002128,SALUGGIA,VC,2021-09-01 12:59:23
6005,401096058,SALUSSOLA,BI,2021-09-01 12:59:23
6006,401004203,SALUZZO,CN,2021-09-01 12:59:23
6007,416075066,SALVE,LE,2021-09-01 12:59:23
6008,403019087,SALVIROLA,CR,2021-09-01 12:59:23
6009,415065117,SALVITELLE,SA,2021-09-01 12:59:23
6010,401001234,SALZA DI PINEROLO,TO,2021-09-01 12:59:23
6011,415064081,SALZA IRPINA,AV,2021-09-01 12:59:23
6012,405027032,SALZANO,VE,2021-09-01 12:59:23
6013,403012118,SAMARATE,VA,2021-09-01 12:59:23
6014,420092052,SAMASSI,CA,2021-09-01 12:59:23
6015,420092053,SAMATZAI,CA,2021-09-01 12:59:23
6016,419084034,SAMBUCA DI SICILIA,AG,2021-09-01 12:59:23
6017,409047018,SAMBUCA PISTOIESE,PT,2021-09-01 12:59:23
6018,412058094,SAMBUCI,RM,2021-09-01 12:59:23
6019,401004204,SAMBUCO,CN,2021-09-01 12:59:23
6020,416072039,SAMMICHELE DI BARI,BA,2021-09-01 12:59:23
6021,418080070,SAMO,RC,2021-09-01 12:59:23
6022,403014057,SAMOLACO,SO,2021-09-01 12:59:23
6023,401001235,SAMONE,TO,2021-09-01 12:59:23
6024,404022165,SAMONE,TN,2021-09-01 12:59:23
6025,401004205,SAMPEYRE,CN,2021-09-01 12:59:23
6026,420095045,SAMUGHEO,OR,2021-09-01 12:59:23
6027,407008052,SAN BARTOLOMEO AL MARE,IM,2021-09-01 12:59:23
6028,415062057,SAN BARTOLOMEO IN GALDO,BN,2021-09-01 12:59:23
6029,403013204,SAN BARTOLOMEO VAL CAVARGNA,CO,2021-09-01 12:59:23
6030,418078111,SAN BASILE,CS,2021-09-01 12:59:23
6031,420092054,SAN BASILIO,CA,2021-09-01 12:59:23
6032,403019088,SAN BASSANO,CR,2021-09-01 12:59:23
6033,405029043,SAN BELLINO,RO,2021-09-01 12:59:23
6034,401004206,SAN BENEDETTO BELBO,CN,2021-09-01 12:59:23
6035,413066085,SAN BENEDETTO DEI MARSI,AQ,2021-09-01 12:59:23
6036,411044066,SAN BENEDETTO DEL TRONTO,AP,2021-09-01 12:59:23
6037,413066086,SAN BENEDETTO IN PERILLIS,AQ,2021-09-01 12:59:23
6038,403020055,SAN BENEDETTO PO,MN,2021-09-01 12:59:23
6039,418078112,SAN BENEDETTO ULLANO,CS,2021-09-01 12:59:23
6040,408037051,SAN BENEDETTO VAL DI SAMBRO,BO,2021-09-01 12:59:23
6041,401001236,SAN BENIGNO CANAVESE,TO,2021-09-01 12:59:23
6042,401103061,SAN BERNARDINO VERBANO,VB,2021-09-01 12:59:23
6043,407008053,SAN BIAGIO DELLA CIMA,IM,2021-09-01 12:59:23
6044,405026071,SAN BIAGIO DI CALLALTA,TV,2021-09-01 12:59:23
6045,419084035,SAN BIAGIO PLATANI,AG,2021-09-01 12:59:23
6046,412060061,SAN BIAGIO SARACINISCO,FR,2021-09-01 12:59:23
6047,414070063,SAN BIASE,CB,2021-09-01 12:59:23
6048,405023069,SAN BONIFACIO,VR,2021-09-01 12:59:23
6049,413069079,SAN BUONO,CH,2021-09-01 12:59:23
6050,418102032,SAN CALOGERO,VV,2021-09-01 12:59:23
6051,404021077,SAN CANDIDO,BZ,2021-09-01 12:59:23
6052,406031018,SAN CANZIAN D'ISONZO,GO,2021-09-01 12:59:23
6053,401001237,SAN CARLO CANAVESE,TO,2021-09-01 12:59:23
6054,409052027,SAN CASCIANO DEI BAGNI,SI,2021-09-01 12:59:23
6055,409048038,SAN CASCIANO IN VAL DI PESA,FI,2021-09-01 12:59:23
6056,416075095,SAN CASSIANO,LE,2021-09-01 12:59:23
6057,419085016,SAN CATALDO,CL,2021-09-01 12:59:23
6058,412058119,SAN CESAREO,RM,2021-09-01 12:59:23
6059,416075068,SAN CESARIO DI LECCE,LE,2021-09-01 12:59:23
6060,408036036,SAN CESARIO SUL PANARO,MO,2021-09-01 12:59:23
6061,417076073,SAN CHIRICO NUOVO,PZ,2021-09-01 12:59:23
6062,417076074,SAN CHIRICO RAPARO,PZ,2021-09-01 12:59:23
6063,419082063,SAN CIPIRELLO,PA,2021-09-01 12:59:23
6064,415061074,SAN CIPRIANO D'AVERSA,CE,2021-09-01 12:59:23
6065,415065118,SAN CIPRIANO PICENTINO,SA,2021-09-01 12:59:23
6066,403018133,SAN CIPRIANO PO,PV,2021-09-01 12:59:23
6067,408099016,SAN CLEMENTE,RN,2021-09-01 12:59:23
6068,403015191,SAN COLOMBANO AL LAMBRO,MI,2021-09-01 12:59:23
6069,401001238,SAN COLOMBANO BELMONTE,TO,2021-09-01 12:59:23
6070,407010053,SAN COLOMBANO CERTENOLI,GE,2021-09-01 12:59:23
6071,419087040,SAN CONO,CT,2021-09-01 12:59:23
6072,418078113,SAN COSMO ALBANESE,CS,2021-09-01 12:59:23
6073,417076075,SAN COSTANTINO ALBANESE,PZ,2021-09-01 12:59:23
6074,418102033,SAN COSTANTINO CALABRO,VV,2021-09-01 12:59:23
6075,411041051,SAN COSTANZO,PS,2021-09-01 12:59:23
6076,401006152,SAN CRISTOFORO,AL,2021-09-01 12:59:23
6077,403018134,SAN DAMIANO AL COLLE,PV,2021-09-01 12:59:23
6078,401005097,SAN DAMIANO D'ASTI,AT,2021-09-01 12:59:23
6079,401004207,SAN DAMIANO MACRA,CN,2021-09-01 12:59:23
6080,406030099,SAN DANIELE DEL FRIULI,UD,2021-09-01 12:59:23
6081,403019089,SAN DANIELE PO,CR,2021-09-01 12:59:23
6082,418078114,SAN DEMETRIO CORONE,CS,2021-09-01 12:59:23
6083,413066087,SAN DEMETRIO NE' VESTINI,AQ,2021-09-01 12:59:23
6084,401001239,SAN DIDERO,TO,2021-09-01 12:59:23
6085,405027033,SAN DONA' DI PIAVE,VE,2021-09-01 12:59:23
6086,416074013,SAN DONACI,BR,2021-09-01 12:59:23
6087,416075069,SAN DONATO DI LECCE,LE,2021-09-01 12:59:23
6088,418078115,SAN DONATO DI NINEA,CS,2021-09-01 12:59:23
6089,403015192,SAN DONATO MILANESE,MI,2021-09-01 12:59:23
6090,412060062,SAN DONATO VAL DI COMINO,FR,2021-09-01 12:59:23
6091,406032004,SAN DORLIGO DELLA VALLE,TS,2021-09-01 12:59:23
6092,403013205,SAN FEDELE INTELVI,CO,2021-09-01 12:59:23
6093,417076076,SAN FELE,PZ,2021-09-01 12:59:23
6094,415061075,SAN FELICE A CANCELLO,CE,2021-09-01 12:59:23
6095,412059025,SAN FELICE CIRCEO,LT,2021-09-01 12:59:23
6096,403017171,SAN FELICE DEL BENACO,BS,2021-09-01 12:59:23
6097,414070064,SAN FELICE DEL MOLISE,CB,2021-09-01 12:59:23
6098,408036037,SAN FELICE SUL PANARO,MO,2021-09-01 12:59:24
6099,418080097,SAN FERDINANDO,RC,2021-09-01 12:59:24
6100,416110007,SAN FERDINANDO DI PUGLIA,BT,2021-09-01 12:59:24
6101,403013206,SAN FERMO DELLA BATTAGLIA,CO,2021-09-01 12:59:24
6102,418078116,SAN FILI,CS,2021-09-01 12:59:24
6103,419083077,SAN FILIPPO DEL MELA,ME,2021-09-01 12:59:24
6104,405026072,SAN FIOR,TV,2021-09-01 12:59:24
6105,403098047,SAN FIORANO,LO,2021-09-01 12:59:24
6106,406031019,SAN FLORIANO DEL COLLIO,GO,2021-09-01 12:59:24
6107,418079108,SAN FLORO,CZ,2021-09-01 12:59:24
6108,401001240,SAN FRANCESCO AL CAMPO,TO,2021-09-01 12:59:24
6109,419083078,SAN FRATELLO,ME,2021-09-01 12:59:24
6110,420092055,SAN GAVINO MONREALE,CA,2021-09-01 12:59:24
6111,410055029,SAN GEMINI,TR,2021-09-01 12:59:24
6112,404021079,SAN GENESIO ATESINO,BZ,2021-09-01 12:59:24
6113,403018135,SAN GENESIO ED UNITI,PV,2021-09-01 12:59:24
6114,415063066,SAN GENNARO VESUVIANO,NA,2021-09-01 12:59:24
6115,401001242,SAN GERMANO CHISONE,TO,2021-09-01 12:59:24
6116,401002131,SAN GERMANO VERCELLESE,VC,2021-09-01 12:59:24
6117,403017172,SAN GERVASIO BRESCIANO,BS,2021-09-01 12:59:24
6118,414070065,SAN GIACOMO DEGLI SCHIAVONI,CB,2021-09-01 12:59:24
6119,403020056,SAN GIACOMO DELLE SEGNATE,MN,2021-09-01 12:59:24
6120,403014058,SAN GIACOMO FILIPPO,SO,2021-09-01 12:59:24
6121,401002035,SAN GIACOMO VERCELLESE,VC,2021-09-01 12:59:24
6122,401001243,SAN GILLIO,TO,2021-09-01 12:59:24
6123,409052028,SAN GIMIGNANO,SI,2021-09-01 12:59:24
6124,411043046,SAN GINESIO,MC,2021-09-01 12:59:24
6125,415063067,SAN GIORGIO A CREMANO,NA,2021-09-01 12:59:24
6126,412060063,SAN GIORGIO A LIRI,FR,2021-09-01 12:59:24
6127,418078118,SAN GIORGIO ALBANESE,CS,2021-09-01 12:59:24
6128,401001244,SAN GIORGIO CANAVESE,TO,2021-09-01 12:59:24
6129,415062058,SAN GIORGIO DEL SANNIO,BN,2021-09-01 12:59:24
6130,406093038,SAN GIORGIO DELLA RICHINVELDA,PN,2021-09-01 12:59:24
6131,405028075,SAN GIORGIO DELLE PERTICHE,PD,2021-09-01 12:59:24
6132,403018136,SAN GIORGIO DI LOMELLINA,PV,2021-09-01 12:59:24
6133,403020057,SAN GIORGIO DI MANTOVA,MN,2021-09-01 12:59:24
6134,406030100,SAN GIORGIO DI NOGARO,UD,2021-09-01 12:59:24
6135,408037052,SAN GIORGIO DI PIANO,BO,2021-09-01 12:59:24
6136,405028076,SAN GIORGIO IN BOSCO,PD,2021-09-01 12:59:24
6137,416073024,SAN GIORGIO IONICO,TA,2021-09-01 12:59:24
6138,415062059,SAN GIORGIO LA MOLARA,BN,2021-09-01 12:59:24
6139,417077025,SAN GIORGIO LUCANO,MT,2021-09-01 12:59:24
6140,401006153,SAN GIORGIO MONFERRATO,AL,2021-09-01 12:59:24
6141,418080071,SAN GIORGIO MORGETO,RC,2021-09-01 12:59:24
6142,408033040,SAN GIORGIO PIACENTINO,PC,2021-09-01 12:59:24
6143,401005098,SAN GIORGIO SCARAMPI,AT,2021-09-01 12:59:24
6144,403015194,SAN GIORGIO SU LEGNANO,MI,2021-09-01 12:59:24
6145,401001245,SAN GIORIO DI SUSA,TO,2021-09-01 12:59:24
6146,415065119,SAN GIOVANNI A PIRO,SA,2021-09-01 12:59:24
6147,406030101,SAN GIOVANNI AL NATISONE,UD,2021-09-01 12:59:24
6148,403016188,SAN GIOVANNI BIANCO,BG,2021-09-01 12:59:24
6149,403020058,SAN GIOVANNI DEL DOSSO,MN,2021-09-01 12:59:24
6150,418080072,SAN GIOVANNI DI GERACE,RC,2021-09-01 12:59:24
6151,419084036,SAN GIOVANNI GEMINI,AG,2021-09-01 12:59:24
6152,405023070,SAN GIOVANNI ILARIONE,VR,2021-09-01 12:59:24
6153,403019090,SAN GIOVANNI IN CROCE,CR,2021-09-01 12:59:24
6154,418078119,SAN GIOVANNI IN FIORE,CS,2021-09-01 12:59:24
6155,414070066,SAN GIOVANNI IN GALDO,CB,2021-09-01 12:59:24
6156,408099017,SAN GIOVANNI IN MARIGNANO,RN,2021-09-01 12:59:24
6157,408037053,SAN GIOVANNI IN PERSICETO,BO,2021-09-01 12:59:24
6158,412060064,SAN GIOVANNI INCARICO,FR,2021-09-01 12:59:24
6159,419087041,SAN GIOVANNI LA PUNTA,CT,2021-09-01 12:59:24
6160,413069080,SAN GIOVANNI LIPIONI,CH,2021-09-01 12:59:24
6161,405023071,SAN GIOVANNI LUPATOTO,VR,2021-09-01 12:59:24
6162,416071046,SAN GIOVANNI ROTONDO,FG,2021-09-01 12:59:24
6163,420092056,SAN GIOVANNI SUERGIU,CA,2021-09-01 12:59:24
6164,413069081,SAN GIOVANNI TEATINO,CH,2021-09-01 12:59:24
6165,409051033,SAN GIOVANNI VALDARNO,AR,2021-09-01 12:59:24
6166,414070067,SAN GIULIANO DEL SANNIO,CB,2021-09-01 12:59:24
6167,414070068,SAN GIULIANO DI PUGLIA,CB,2021-09-01 12:59:24
6168,403015195,SAN GIULIANO MILANESE,MI,2021-09-01 12:59:24
6169,409050031,SAN GIULIANO TERME,PI,2021-09-01 12:59:24
6170,419082064,SAN GIUSEPPE IATO,PA,2021-09-01 12:59:24
6171,415063068,SAN GIUSEPPE VESUVIANO,NA,2021-09-01 12:59:24
6172,410054044,SAN GIUSTINO,PG,2021-09-01 12:59:24
6173,401001246,SAN GIUSTO CANAVESE,TO,2021-09-01 12:59:24
6174,409048039,SAN GODENZO,FI,2021-09-01 12:59:24
6175,418102034,SAN GREGORIO D'IPPONA,VV,2021-09-01 12:59:24
6176,412058095,SAN GREGORIO DA SASSOLA,RM,2021-09-01 12:59:24
6177,419087042,SAN GREGORIO DI CATANIA,CT,2021-09-01 12:59:24
6178,415065120,SAN GREGORIO MAGNO,SA,2021-09-01 12:59:24
6179,415061076,SAN GREGORIO MATESE,CE,2021-09-01 12:59:24
6180,405025045,SAN GREGORIO NELLE ALPI,BL,2021-09-01 12:59:24
6181,408037054,SAN LAZZARO DI SAVENA,BO,2021-09-01 12:59:24
6182,408099025,SAN LEO,RN,2021-09-01 12:59:24
6183,406030102,SAN LEONARDO,UD,2021-09-01 12:59:24
6184,404021080,SAN LEONARDO IN PASSIRIA,BZ,2021-09-01 12:59:24
6185,415062060,SAN LEUCIO DEL SANNIO,BN,2021-09-01 12:59:24
6186,415062061,SAN LORENZELLO,BN,2021-09-01 12:59:24
6187,418080073,SAN LORENZO,RC,2021-09-01 12:59:24
6188,407008054,SAN LORENZO AL MARE,IM,2021-09-01 12:59:24
6189,418078120,SAN LORENZO BELLIZZI,CS,2021-09-01 12:59:24
6190,418078121,SAN LORENZO DEL VALLO,CS,2021-09-01 12:59:24
6191,404021081,SAN LORENZO DI SEBATO,BZ,2021-09-01 12:59:24
6192,404022231,SAN LORENZO DORSINO,TN,2021-09-01 12:59:24
6193,411041054,SAN LORENZO IN CAMPO,PS,2021-09-01 12:59:24
6194,406031020,SAN LORENZO ISONTINO,GO,2021-09-01 12:59:24
6195,415062062,SAN LORENZO MAGGIORE,BN,2021-09-01 12:59:24
6196,412056047,SAN LORENZO NUOVO,VT,2021-09-01 12:59:24
6197,418080074,SAN LUCA,RC,2021-09-01 12:59:24
6198,418078122,SAN LUCIDO,CS,2021-09-01 12:59:24
6199,415062063,SAN LUPO,BN,2021-09-01 12:59:24
6200,418079110,SAN MANGO D'AQUINO,CZ,2021-09-01 12:59:24
6201,415065121,SAN MANGO PIEMONTE,SA,2021-09-01 12:59:24
6202,415064082,SAN MANGO SUL CALORE,AV,2021-09-01 12:59:24
6203,415061077,SAN MARCELLINO,CE,2021-09-01 12:59:24
6204,411042041,SAN MARCELLO,AN,2021-09-01 12:59:24
6205,409047024,SAN MARCELLO PITEGLIO,PT,2021-09-01 12:59:24
6206,418078123,SAN MARCO ARGENTANO,CS,2021-09-01 12:59:24
6207,419083079,SAN MARCO D'ALUNZIO,ME,2021-09-01 12:59:24
6208,415062064,SAN MARCO DEI CAVOTI,BN,2021-09-01 12:59:24
6209,415061104,SAN MARCO EVANGELISTA,CE,2021-09-01 12:59:24
6210,416071047,SAN MARCO IN LAMIS,FG,2021-09-01 12:59:24
6211,416071048,SAN MARCO LA CATOLA,FG,2021-09-01 12:59:24
6212,406093039,SAN MARTINO AL TAGLIAMENTO,PN,2021-09-01 12:59:24
6213,401005099,SAN MARTINO ALFIERI,AT,2021-09-01 12:59:24
6214,405023073,SAN MARTINO BUON ALBERGO,VR,2021-09-01 12:59:24
6215,401001247,SAN MARTINO CANAVESE,TO,2021-09-01 12:59:24
6216,417076077,SAN MARTINO D'AGRI,PZ,2021-09-01 12:59:24
6217,403020059,SAN MARTINO DALL'ARGINE,MN,2021-09-01 12:59:25
6218,403019091,SAN MARTINO DEL LAGO,CR,2021-09-01 12:59:25
6219,418078124,SAN MARTINO DI FINITA,CS,2021-09-01 12:59:25
6220,405028077,SAN MARTINO DI LUPARI,PD,2021-09-01 12:59:25
6221,405029044,SAN MARTINO DI VENEZZE,RO,2021-09-01 12:59:25
6222,404021082,SAN MARTINO IN BADIA,BZ,2021-09-01 12:59:25
6223,404021083,SAN MARTINO IN PASSIRIA,BZ,2021-09-01 12:59:25
6224,414070069,SAN MARTINO IN PENSILIS,CB,2021-09-01 12:59:25
6225,408035037,SAN MARTINO IN RIO,RE,2021-09-01 12:59:25
6226,403098048,SAN MARTINO IN STRADA,LO,2021-09-01 12:59:25
6227,415062065,SAN MARTINO SANNITA,BN,2021-09-01 12:59:25
6228,403018137,SAN MARTINO SICCOMARIO,PV,2021-09-01 12:59:25
6229,413069082,SAN MARTINO SULLA MARRUCINA,CH,2021-09-01 12:59:25
6230,415064083,SAN MARTINO VALLE CAUDINA,AV,2021-09-01 12:59:25
6231,416073025,SAN MARZANO DI SAN GIUSEPPE,TA,2021-09-01 12:59:25
6232,401005100,SAN MARZANO OLIVETO,AT,2021-09-01 12:59:25
6233,415065122,SAN MARZANO SUL SARNO,SA,2021-09-01 12:59:25
6234,414070070,SAN MASSIMO,CB,2021-09-01 12:59:25
6235,401001248,SAN MAURIZIO CANAVESE,TO,2021-09-01 12:59:25
6236,401003133,SAN MAURIZIO D'OPAGLIO,NO,2021-09-01 12:59:25
6237,419082065,SAN MAURO CASTELVERDE,PA,2021-09-01 12:59:25
6238,415065123,SAN MAURO CILENTO,SA,2021-09-01 12:59:25
6239,405023074,SAN MAURO DI SALINE,VR,2021-09-01 12:59:25
6240,417077026,SAN MAURO FORTE,MT,2021-09-01 12:59:25
6241,415065124,SAN MAURO LA BRUCA,SA,2021-09-01 12:59:25
6242,418101020,SAN MAURO MARCHESATO,KR,2021-09-01 12:59:25
6243,408040041,SAN MAURO PASCOLI,FO,2021-09-01 12:59:25
6244,401001249,SAN MAURO TORINESE,TO,2021-09-01 12:59:25
6245,405027034,SAN MICHELE AL TAGLIAMENTO,VE,2021-09-01 12:59:25
6246,404022167,SAN MICHELE ALL'ADIGE,TN,2021-09-01 12:59:25
6247,419087043,SAN MICHELE DI GANZARIA,CT,2021-09-01 12:59:25
6248,415064084,SAN MICHELE DI SERINO,AV,2021-09-01 12:59:25
6249,401004210,SAN MICHELE MONDOVI',CN,2021-09-01 12:59:25
6250,416074014,SAN MICHELE SALENTINO,BR,2021-09-01 12:59:25
6251,409050032,SAN MINIATO,PI,2021-09-01 12:59:25
6252,405024093,SAN NAZARIO,VI,2021-09-01 12:59:25
6253,415062066,SAN NAZZARO,BN,2021-09-01 12:59:25
6254,401003134,SAN NAZZARO SESIA,NO,2021-09-01 12:59:25
6255,403013207,SAN NAZZARO VAL CAVARGNA,CO,2021-09-01 12:59:25
6256,416071049,SAN NICANDRO GARGANICO,FG,2021-09-01 12:59:25
6257,418078125,SAN NICOLA ARCELLA,CS,2021-09-01 12:59:25
6258,415064085,SAN NICOLA BARONIA,AV,2021-09-01 12:59:25
6259,418102035,SAN NICOLA DA CRISSA,VV,2021-09-01 12:59:25
6260,418101021,SAN NICOLA DELL'ALTO,KR,2021-09-01 12:59:25
6261,415061078,SAN NICOLA LA STRADA,CE,2021-09-01 12:59:25
6262,415062067,SAN NICOLA MANFREDI,BN,2021-09-01 12:59:25
6263,420095046,SAN NICOLO' D'ARCIDANO,OR,2021-09-01 12:59:25
6264,405025046,SAN NICOLO' DI COMELICO,BL,2021-09-01 12:59:25
6265,420092058,SAN NICOLO' GERREI,CA,2021-09-01 12:59:25
6266,404021084,SAN PANCRAZIO,BZ,2021-09-01 12:59:25
6267,416074015,SAN PANCRAZIO SALENTINO,BR,2021-09-01 12:59:25
6268,403017138,SAN PAOLO,BS,2021-09-01 12:59:25
6269,417076020,SAN PAOLO ALBANESE,PZ,2021-09-01 12:59:25
6270,415063069,SAN PAOLO BEL SITO,NA,2021-09-01 12:59:25
6271,403016189,SAN PAOLO D'ARGON,BG,2021-09-01 12:59:25
6272,416071050,SAN PAOLO DI CIVITATE,FG,2021-09-01 12:59:25
6273,411042042,SAN PAOLO DI JESI,AN,2021-09-01 12:59:25
6274,401005101,SAN PAOLO SOLBRITO,AT,2021-09-01 12:59:25
6275,403016190,SAN PELLEGRINO TERME,BG,2021-09-01 12:59:25
6276,406031021,SAN PIER D'ISONZO,GO,2021-09-01 12:59:25
6277,419083080,SAN PIER NICETO,ME,2021-09-01 12:59:25
6278,419083081,SAN PIERO PATTI,ME,2021-09-01 12:59:25
6279,418079114,SAN PIETRO A MAIDA,CZ,2021-09-01 12:59:25
6280,406030103,SAN PIETRO AL NATISONE,UD,2021-09-01 12:59:25
6281,415065125,SAN PIETRO AL TANAGRO,SA,2021-09-01 12:59:25
6282,418079115,SAN PIETRO APOSTOLO,CZ,2021-09-01 12:59:25
6283,414094043,SAN PIETRO AVELLANA,IS,2021-09-01 12:59:25
6284,419087044,SAN PIETRO CLARENZA,CT,2021-09-01 12:59:25
6285,405025047,SAN PIETRO DI CADORE,BL,2021-09-01 12:59:25
6286,418080075,SAN PIETRO DI CARIDA',RC,2021-09-01 12:59:25
6287,405026073,SAN PIETRO DI FELETTO,TV,2021-09-01 12:59:25
6288,405023075,SAN PIETRO DI MORUBIO,VR,2021-09-01 12:59:25
6289,418078126,SAN PIETRO IN AMANTEA,CS,2021-09-01 12:59:25
6290,405023076,SAN PIETRO IN CARIANO,VR,2021-09-01 12:59:25
6291,408037055,SAN PIETRO IN CASALE,BO,2021-09-01 12:59:25
6292,408033041,SAN PIETRO IN CERRO,PC,2021-09-01 12:59:25
6293,405028078,SAN PIETRO IN GU,PD,2021-09-01 12:59:25
6294,418078127,SAN PIETRO IN GUARANO,CS,2021-09-01 12:59:25
6295,416075071,SAN PIETRO IN LAMA,LE,2021-09-01 12:59:25
6296,415061079,SAN PIETRO INFINE,CE,2021-09-01 12:59:25
6297,401003135,SAN PIETRO MOSEZZO,NO,2021-09-01 12:59:25
6298,405024094,SAN PIETRO MUSSOLINO,VI,2021-09-01 12:59:25
6299,401001250,SAN PIETRO VAL LEMINA,TO,2021-09-01 12:59:25
6300,416074016,SAN PIETRO VERNOTICO,BR,2021-09-01 12:59:25
6301,405028079,SAN PIETRO VIMINARIO,PD,2021-09-01 12:59:25
6302,413066088,SAN PIO DELLE CAMERE,AQ,2021-09-01 12:59:25
6303,408035038,SAN POLO D'ENZA,RE,2021-09-01 12:59:25
6304,412058096,SAN POLO DEI CAVALIERI,RM,2021-09-01 12:59:25
6305,405026074,SAN POLO DI PIAVE,TV,2021-09-01 12:59:25
6306,414070071,SAN POLO MATESE,CB,2021-09-01 12:59:25
6307,401001251,SAN PONSO,TO,2021-09-01 12:59:25
6308,408036038,SAN POSSIDONIO,MO,2021-09-01 12:59:25
6309,415061080,SAN POTITO SANNITICO,CE,2021-09-01 12:59:25
6310,415064086,SAN POTITO ULTRA,AV,2021-09-01 12:59:25
6311,415061081,SAN PRISCO,CE,2021-09-01 12:59:25
6312,418080076,SAN PROCOPIO,RC,2021-09-01 12:59:25
6313,408036039,SAN PROSPERO,MO,2021-09-01 12:59:25
6314,409052030,SAN QUIRICO D'ORCIA,SI,2021-09-01 12:59:25
6315,406093040,SAN QUIRINO,PN,2021-09-01 12:59:25
6316,401001252,SAN RAFFAELE CIMENA,TO,2021-09-01 12:59:25
6317,418080077,SAN ROBERTO,RC,2021-09-01 12:59:25
6318,403098049,SAN ROCCO AL PORTO,LO,2021-09-01 12:59:25
6319,409046027,SAN ROMANO IN GARFAGNANA,LU,2021-09-01 12:59:25
6320,415065126,SAN RUFO,SA,2021-09-01 12:59:25
6321,419083082,SAN SALVATORE DI FITALIA,ME,2021-09-01 12:59:25
6322,401006154,SAN SALVATORE MONFERRATO,AL,2021-09-01 12:59:25
6323,415062068,SAN SALVATORE TELESINO,BN,2021-09-01 12:59:25
6324,413069083,SAN SALVO,CH,2021-09-01 12:59:25
6325,415063070,SAN SEBASTIANO AL VESUVIO,NA,2021-09-01 12:59:25
6326,401006155,SAN SEBASTIANO CURONE,AL,2021-09-01 12:59:25
6327,401001253,SAN SEBASTIANO DA PO,TO,2021-09-01 12:59:25
6328,401001254,SAN SECONDO DI PINEROLO,TO,2021-09-01 12:59:25
6329,408034033,SAN SECONDO PARMENSE,PR,2021-09-01 12:59:25
6330,417076078,SAN SEVERINO LUCANO,PZ,2021-09-01 12:59:25
6331,411043047,SAN SEVERINO MARCHE,MC,2021-09-01 12:59:25
6332,416071051,SAN SEVERO,FG,2021-09-01 12:59:25
6333,403013248,SAN SIRO,CO,2021-09-01 12:59:25
6334,415064087,SAN SOSSIO BARONIA,AV,2021-09-01 12:59:25
6335,418079116,SAN SOSTENE,CZ,2021-09-01 12:59:25
6336,418078128,SAN SOSTI,CS,2021-09-01 12:59:25
6337,420092059,SAN SPERATE,CA,2021-09-01 12:59:25
6338,405027936,SAN STINO DI LIVENZA,VE,2021-09-01 12:59:25
6339,415061085,SAN TAMMARO,CE,2021-09-01 12:59:25
6340,419083090,SAN TEODORO,ME,2021-09-01 12:59:25
6341,420091076,SAN TEODORO,NU,2021-09-01 12:59:25
6342,405025049,SAN TOMASO AGORDINO,BL,2021-09-01 12:59:26
6343,413068038,SAN VALENTINO IN ABRUZZO CITERIORE,PE,2021-09-01 12:59:26
6344,415065132,SAN VALENTINO TORIO,SA,2021-09-01 12:59:26
6345,410055030,SAN VENANZO,TR,2021-09-01 12:59:26
6346,405026076,SAN VENDEMIANO,TV,2021-09-01 12:59:26
6347,420095050,SAN VERO MILIS,OR,2021-09-01 12:59:26
6348,409049018,SAN VINCENZO,LI,2021-09-01 12:59:26
6349,418078135,SAN VINCENZO LA COSTA,CS,2021-09-01 12:59:26
6350,413066092,SAN VINCENZO VALLE ROVETO,AQ,2021-09-01 12:59:26
6351,415063075,SAN VITALIANO,NA,2021-09-01 12:59:26
6352,420092064,SAN VITO,CA,2021-09-01 12:59:26
6353,406093041,SAN VITO AL TAGLIAMENTO,PN,2021-09-01 12:59:26
6354,406030105,SAN VITO AL TORRE,UD,2021-09-01 12:59:26
6355,413069086,SAN VITO CHIETINO,CH,2021-09-01 12:59:26
6356,416074017,SAN VITO DEI NORMANNI,BR,2021-09-01 12:59:26
6357,405025051,SAN VITO DI CADORE,BL,2021-09-01 12:59:26
6358,406030106,SAN VITO DI FAGAGNA,UD,2021-09-01 12:59:26
6359,405024096,SAN VITO DI LEGUZZANO,VI,2021-09-01 12:59:26
6360,419081020,SAN VITO LO CAPO,TP,2021-09-01 12:59:26
6361,412058100,SAN VITO ROMANO,RM,2021-09-01 12:59:26
6362,418079122,SAN VITO SULLO IONIO,CZ,2021-09-01 12:59:26
6363,412060070,SAN VITTORE DEL LAZIO,FR,2021-09-01 12:59:26
6364,403015201,SAN VITTORE OLONA,MI,2021-09-01 12:59:26
6365,405023079,SAN ZENO DI MONTAGNA,VR,2021-09-01 12:59:26
6366,403017173,SAN ZENO NAVIGLIO,BS,2021-09-01 12:59:26
6367,403015202,SAN ZENONE AL LAMBRO,MI,2021-09-01 12:59:26
6368,403018145,SAN ZENONE AL PO,PV,2021-09-01 12:59:26
6369,405026077,SAN ZENONE DEGLI EZZELINI,TV,2021-09-01 12:59:26
6370,416075067,SANARICA,LE,2021-09-01 12:59:26
6371,401096059,SANDIGLIANO,BI,2021-09-01 12:59:26
6372,405024091,SANDRIGO,VI,2021-09-01 12:59:26
6373,401004208,SANFRE',CN,2021-09-01 12:59:26
6374,401004209,SANFRONT,CN,2021-09-01 12:59:26
6375,401001241,SANGANO,TO,2021-09-01 12:59:26
6376,403012141,SANGIANO,VA,2021-09-01 12:59:26
6377,418078117,SANGINETO,CS,2021-09-01 12:59:26
6378,405023072,SANGUINETTO,VR,2021-09-01 12:59:26
6379,420092057,SANLURI,CA,2021-09-01 12:59:26
6380,403018138,SANNAZZARO DE' BURGONDI,PV,2021-09-01 12:59:26
6381,416072040,SANNICANDRO DI BARI,BA,2021-09-01 12:59:26
6382,416075070,SANNICOLA,LE,2021-09-01 12:59:26
6383,407008055,SANREMO,IM,2021-09-01 12:59:26
6384,409051034,SANSEPOLCRO,AR,2021-09-01 12:59:26
6385,414094044,SANT'AGAPITO,IS,2021-09-01 12:59:26
6386,408037056,SANT'AGATA BOLOGNESE,BO,2021-09-01 12:59:26
6387,415062070,SANT'AGATA DE' GOTI,BN,2021-09-01 12:59:26
6388,418080079,SANT'AGATA DEL BIANCO,RC,2021-09-01 12:59:26
6389,418078131,SANT'AGATA DI ESARO,CS,2021-09-01 12:59:26
6390,419083084,SANT'AGATA DI MILITELLO,ME,2021-09-01 12:59:26
6391,416071052,SANT'AGATA DI PUGLIA,FG,2021-09-01 12:59:26
6392,408099026,SANT'AGATA FELTRIA,RN,2021-09-01 12:59:26
6393,401006156,SANT'AGATA FOSSILI,AL,2021-09-01 12:59:26
6394,419087045,SANT'AGATA LI BATTIATI,CT,2021-09-01 12:59:26
6395,408039017,SANT'AGATA SUL SANTERNO,RA,2021-09-01 12:59:26
6396,415063071,SANT'AGNELLO,NA,2021-09-01 12:59:26
6397,401004211,SANT'ALBANO STURA,CN,2021-09-01 12:59:26
6398,403018141,SANT'ALESSIO CON VIALONE,PV,2021-09-01 12:59:26
6399,418080080,SANT'ALESSIO IN ASPROMONTE,RC,2026-09-19 13:22:54
6400,419083085,SANT'ALESSIO SICULO,ME,2021-09-01 12:59:26
6401,419087046,SANT'ALFIO,CT,2021-09-01 12:59:26
6402,401001255,SANT'AMBROGIO DI TORINO,TO,2021-09-01 12:59:26
6403,405023077,SANT'AMBROGIO DI VALPOLICELLA,VR,2021-09-01 12:59:26
6404,412060065,SANT'AMBROGIO SUL GARIGLIANO,FR,2021-09-01 12:59:26
6405,415063072,SANT'ANASTASIA,NA,2021-09-01 12:59:26
6406,410054045,SANT'ANATOLIA DI NARCO,PG,2021-09-01 12:59:26
6407,418079118,SANT'ANDREA APOSTOLO DELLO IONIO,CZ,2021-09-01 12:59:26
6408,412060066,SANT'ANDREA DEL GARIGLIANO,FR,2021-09-01 12:59:26
6409,415064089,SANT'ANDREA DI CONZA,AV,2021-09-01 12:59:26
6410,420092061,SANT'ANDREA FRIUS,CA,2021-09-01 12:59:26
6411,415062071,SANT'ANGELO A CUPOLO,BN,2021-09-01 12:59:26
6412,415065128,SANT'ANGELO A FASANELLA,SA,2021-09-01 12:59:26
6413,415064091,SANT'ANGELO A SCALA,AV,2021-09-01 12:59:26
6414,415064090,SANT'ANGELO ALL'ESCA,AV,2021-09-01 12:59:26
6415,415061086,SANT'ANGELO D'ALIFE,CE,2021-09-01 12:59:26
6416,415064092,SANT'ANGELO DEI LOMBARDI,AV,2021-09-01 12:59:26
6417,414094046,SANT'ANGELO DEL PESCO,IS,2021-09-01 12:59:26
6418,419083088,SANT'ANGELO DI BROLO,ME,2021-09-01 12:59:26
6419,405028082,SANT'ANGELO DI PIOVE DI SACCO,PD,2021-09-01 12:59:26
6420,411043048,SANT'ANGELO IN PONTANO,MC,2021-09-01 12:59:26
6421,411041057,SANT'ANGELO IN VADO,PS,2021-09-01 12:59:26
6422,417076079,SANT'ANGELO LE FRATTE,PZ,2021-09-01 12:59:26
6423,414070073,SANT'ANGELO LIMOSANO,CB,2021-09-01 12:59:26
6424,403098050,SANT'ANGELO LODIGIANO,LO,2021-09-01 12:59:26
6425,403018144,SANT'ANGELO LOMELLINA,PV,2021-09-01 12:59:26
6426,419084039,SANT'ANGELO MUXARO,AG,2021-09-01 12:59:26
6427,412058098,SANT'ANGELO ROMANO,RM,2021-09-01 12:59:26
6428,420092062,SANT'ANNA ARRESI,CA,2021-09-01 12:59:26
6429,405023078,SANT'ANNA D'ALFAEDO,VR,2021-09-01 12:59:26
6430,415063073,SANT'ANTIMO,NA,2021-09-01 12:59:26
6431,420092063,SANT'ANTIOCO,CA,2021-09-01 12:59:26
6432,401001256,SANT'ANTONINO DI SUSA,TO,2021-09-01 12:59:26
6433,415063074,SANT'ANTONIO ABATE,NA,2021-09-01 12:59:26
6434,420090085,SANT'ANTONIO DI GALLURA,SS,2021-09-01 12:59:26
6435,412060067,SANT'APOLLINARE,FR,2021-09-01 12:59:26
6436,417076080,SANT'ARCANGELO,PZ,2021-09-01 12:59:26
6437,415062078,SANT'ARCANGELO TRIMONTE,BN,2021-09-01 12:59:26
6438,415061087,SANT'ARPINO,CE,2021-09-01 12:59:26
6439,415065129,SANT'ARSENIO,SA,2021-09-01 12:59:26
6440,413067038,SANT'EGIDIO ALLA VIBRATA,TE,2021-09-01 12:59:26
6441,415065130,SANT'EGIDIO DEL MONTE ALBINO,SA,2021-09-01 12:59:26
6442,405028083,SANT'ELENA,PD,2021-09-01 12:59:26
6443,414094047,SANT'ELENA SANNITA,IS,2021-09-01 12:59:26
6444,414070074,SANT'ELIA A PIANISI,CB,2021-09-01 12:59:26
6445,412060068,SANT'ELIA FIUMERAPIDO,FR,2021-09-01 12:59:26
6446,411109037,SANT'ELPIDIO A MARE,FM,2021-09-01 12:59:26
6447,413068037,SANT'EUFEMIA A MAIELLA,PE,2021-09-01 12:59:26
6448,418080081,SANT'EUFEMIA D'ASPROMONTE,RC,2021-09-01 12:59:26
6449,413069085,SANT'EUSANIO DEL SANGRO,CH,2021-09-01 12:59:26
6450,413066090,SANT'EUSANIO FORCONESE,AQ,2021-09-01 12:59:26
6451,408035039,SANT'ILARIO D'ENZA,RE,2021-09-01 12:59:26
6452,418080082,SANT'ILARIO DELLO IONIO,RC,2021-09-01 12:59:26
6453,411041058,SANT'IPPOLITO,PS,2021-09-01 12:59:26
6454,407010055,SANT'OLCESE,GE,2021-09-01 12:59:26
6455,413067039,SANT'OMERO,TE,2021-09-01 12:59:26
6456,403016992,SANT'OMOBONO TERME,BG,2021-09-01 12:59:26
6457,418102036,SANT'ONOFRIO,VV,2021-09-01 12:59:26
6458,412058099,SANT'ORESTE,RM,2021-09-01 12:59:27
6459,404022168,SANT'ORSOLA TERME,TN,2021-09-01 12:59:27
6460,405028084,SANT'URBANO,PD,2021-09-01 12:59:27
6461,403016191,SANTA BRIGIDA,BG,2021-09-01 12:59:27
6462,418078129,SANTA CATERINA ALBANESE,CS,2021-09-01 12:59:27
6463,418079117,SANTA CATERINA DELLO IONIO,CZ,2021-09-01 12:59:27
6464,419085017,SANTA CATERINA VILLARMOSA,CL,2021-09-01 12:59:27
6465,416075072,SANTA CESAREA TERME,LE,2021-09-01 12:59:27
6466,418080078,SANTA CRISTINA D'ASPROMONTE,RC,2021-09-01 12:59:27
6467,403018139,SANTA CRISTINA E BISSONE,PV,2021-09-01 12:59:27
6468,419082066,SANTA CRISTINA GELA,PA,2021-09-01 12:59:27
6469,404021085,SANTA CRISTINA VALGARDENA,BZ,2021-09-01 12:59:27
6470,419088010,SANTA CROCE CAMERINA,RG,2021-09-01 12:59:27
6471,415062069,SANTA CROCE DEL SANNIO,BN,2021-09-01 12:59:27
6472,414070072,SANTA CROCE DI MAGLIANO,CB,2021-09-01 12:59:27
6473,409050033,SANTA CROCE SULL'ARNO,PI,2021-09-01 12:59:27
6474,418078130,SANTA DOMENICA TALAO,CS,2021-09-01 12:59:27
6475,419083083,SANTA DOMENICA VITTORIA,ME,2021-09-01 12:59:27
6476,419084037,SANTA ELISABETTA,AG,2021-09-01 12:59:27
6477,409053022,SANTA FIORA,GR,2021-09-01 12:59:27
6478,419082067,SANTA FLAVIA,PA,2021-09-01 12:59:27
6479,403018140,SANTA GIULETTA,PV,2021-09-01 12:59:27
6480,420095047,SANTA GIUSTA,OR,2021-09-01 12:59:27
6481,405025048,SANTA GIUSTINA,BL,2021-09-01 12:59:27
6482,405028080,SANTA GIUSTINA IN COLLE,PD,2021-09-01 12:59:27
6483,409050034,SANTA LUCE,PI,2021-09-01 12:59:27
6484,419083086,SANTA LUCIA DEL MELA,ME,2021-09-01 12:59:27
6485,405026075,SANTA LUCIA DI PIAVE,TV,2021-09-01 12:59:27
6486,415064088,SANTA LUCIA DI SERINO,AV,2021-09-01 12:59:27
6487,405028081,SANTA MARGHERITA D'ADIGE,PD,2021-09-01 12:59:27
6488,419084038,SANTA MARGHERITA DI BELICE,AG,2021-09-01 12:59:27
6489,403018142,SANTA MARGHERITA DI STAFFORA,PV,2021-09-01 12:59:27
6490,407010054,SANTA MARGHERITA LIGURE,GE,2021-09-01 12:59:27
6491,409050035,SANTA MARIA A MONTE,PI,2021-09-01 12:59:27
6492,415061082,SANTA MARIA A VICO,CE,2021-09-01 12:59:27
6493,415061083,SANTA MARIA CAPUA VETERE,CE,2021-09-01 12:59:27
6494,420090087,SANTA MARIA COGHINAS,SS,2021-09-01 12:59:27
6495,418078132,SANTA MARIA DEL CEDRO,CS,2021-09-01 12:59:27
6496,414094045,SANTA MARIA DEL MOLISE,IS,2021-09-01 12:59:27
6497,403018143,SANTA MARIA DELLA VERSA,PV,2021-09-01 12:59:27
6498,419087047,SANTA MARIA DI LICODIA,CT,2021-09-01 12:59:27
6499,405027035,SANTA MARIA DI SALA,VE,2021-09-01 12:59:27
6500,403097074,SANTA MARIA HOE',LC,2021-09-01 12:59:27
6501,413069084,SANTA MARIA IMBARO,CH,2021-09-01 12:59:27
6502,415063090,SANTA MARIA LA CARITA',NA,2021-09-01 12:59:27
6503,415061084,SANTA MARIA LA FOSSA,CE,2021-09-01 12:59:27
6504,406030104,SANTA MARIA LA LONGA,UD,2021-09-01 12:59:27
6505,401103062,SANTA MARIA MAGGIORE,VB,2021-09-01 12:59:27
6506,411042043,SANTA MARIA NUOVA,AN,2021-09-01 12:59:27
6507,415065127,SANTA MARINA,SA,2021-09-01 12:59:27
6508,419083087,SANTA MARINA SALINA,ME,2021-09-01 12:59:27
6509,412058097,SANTA MARINELLA,RM,2021-09-01 12:59:27
6510,419081019,SANTA NINFA,TP,2021-09-01 12:59:27
6511,415064093,SANTA PAOLINA,AV,2021-09-01 12:59:27
6512,418101022,SANTA SEVERINA,KR,2021-09-01 12:59:27
6513,408040043,SANTA SOFIA,FO,2021-09-01 12:59:27
6514,418078133,SANTA SOFIA D'EPIRO,CS,2021-09-01 12:59:27
6515,419083089,SANTA TERESA DI RIVA,ME,2021-09-01 12:59:27
6516,420090063,SANTA TERESA GALLURA,SS,2021-09-01 12:59:27
6517,419087048,SANTA VENERINA,CT,2021-09-01 12:59:27
6518,401004212,SANTA VITTORIA D'ALBA,CN,2021-09-01 12:59:27
6519,411109036,SANTA VITTORIA IN MATENANO,FM,2021-09-01 12:59:27
6520,420092060,SANTADI,CA,2021-09-01 12:59:27
6521,408099018,SANTARCANGELO DI ROMAGNA,RN,2021-09-01 12:59:27
6522,413066089,SANTE MARIE,AQ,2021-09-01 12:59:27
6523,401001257,SANTENA,TO,2021-09-01 12:59:27
6524,416072041,SANTERAMO IN COLLE,BA,2021-09-01 12:59:27
6525,401002133,SANTHIA',VC,2021-09-01 12:59:27
6526,412059026,SANTI COSMA E DAMIANO,LT,2021-09-01 12:59:27
6527,407008056,SANTO STEFANO AL MARE,IM,2021-09-01 12:59:27
6528,401004213,SANTO STEFANO BELBO,CN,2021-09-01 12:59:27
6529,407010056,SANTO STEFANO D'AVETO,GE,2021-09-01 12:59:27
6530,415064095,SANTO STEFANO DEL SOLE,AV,2021-09-01 12:59:27
6531,405025050,SANTO STEFANO DI CADORE,BL,2021-09-01 12:59:27
6532,419083091,SANTO STEFANO DI CAMASTRA,ME,2021-09-01 12:59:27
6533,407011026,SANTO STEFANO DI MAGRA,SP,2021-09-01 12:59:27
6534,418078134,SANTO STEFANO DI ROGLIANO,CS,2021-09-01 12:59:27
6535,413066091,SANTO STEFANO DI SESSANIO,AQ,2021-09-01 12:59:27
6536,418080083,SANTO STEFANO IN ASPROMONTE,RC,2021-09-01 12:59:27
6537,403098051,SANTO STEFANO LODIGIANO,LO,2021-09-01 12:59:27
6538,419084040,SANTO STEFANO QUISQUINA,AG,2021-09-01 12:59:27
6539,401004214,SANTO STEFANO ROERO,CN,2021-09-01 12:59:27
6540,403015200,SANTO STEFANO TICINO,MI,2021-09-01 12:59:27
6541,415065131,SANTOMENNA,SA,2021-09-01 12:59:27
6542,412060069,SANTOPADRE,FR,2021-09-01 12:59:27
6543,405024095,SANTORSO,VI,2021-09-01 12:59:27
6544,420095049,SANTU LUSSURGIU,OR,2021-09-01 12:59:27
6545,415065133,SANZA,SA,2021-09-01 12:59:27
6546,404022169,SANZENO,TN,2021-09-01 12:59:27
6547,405028085,SAONARA,PD,2021-09-01 12:59:27
6548,419083092,SAPONARA,ME,2021-09-01 12:59:27
6549,405025052,SAPPADA,BL,2021-09-01 12:59:27
6550,415065134,SAPRI,SA,2021-09-01 12:59:27
6551,418078136,SARACENA,CS,2021-09-01 12:59:27
6552,412058101,SARACINESCO,RM,2021-09-01 12:59:27
6553,405024097,SARCEDO,VI,2021-09-01 12:59:27
6554,417076081,SARCONI,PZ,2021-09-01 12:59:27
6555,420092065,SARDARA,CA,2021-09-01 12:59:27
6556,401006157,SARDIGLIANO,AL,2021-09-01 12:59:27
6557,405024098,SAREGO,VI,2021-09-01 12:59:27
6558,404021086,SARENTINO,BZ,2021-09-01 12:59:27
6559,401006158,SAREZZANO,AL,2021-09-01 12:59:27
6560,403017174,SAREZZO,BS,2021-09-01 12:59:27
6561,408033042,SARMATO,PC,2021-09-01 12:59:27
6562,405026078,SARMEDE,TV,2021-09-01 12:59:27
6563,411043049,SARNANO,MC,2021-09-01 12:59:27
6564,403016193,SARNICO,BG,2021-09-01 12:59:27
6565,415065135,SARNO,SA,2021-09-01 12:59:27
6566,404022170,SARNONICO,TN,2021-09-01 12:59:27
6567,403012119,SARONNO,VA,2021-09-01 12:59:27
6568,402007066,SARRE,AO,2021-09-01 12:59:27
6569,420092066,SARROCH,CA,2021-09-01 12:59:27
6570,408040044,SARSINA,FO,2021-09-01 12:59:27
6571,409052031,SARTEANO,SI,2021-09-01 12:59:27
6572,403018146,SARTIRANA LOMELLINA,PV,2021-09-01 12:59:27
6573,420091077,SARULE,NU,2021-09-01 12:59:27
6574,407011027,SARZANA,SP,2021-09-01 12:59:27
6575,415065136,SASSANO,SA,2021-09-01 12:59:27
6576,420090064,SASSARI,SS,2021-09-01 12:59:27
6577,407009055,SASSELLO,SV,2021-09-01 12:59:27
6578,409049019,SASSETTA,LI,2021-09-01 12:59:27
6579,415062072,SASSINORO,BN,2021-09-01 12:59:27
6580,417076082,SASSO DI CASTALDA,PZ,2021-09-01 12:59:27
6581,408037057,SASSO MARCONI,BO,2021-09-01 12:59:27
6582,411041059,SASSOCORVARO,PS,2021-09-01 12:59:27
6583,411041060,SASSOFELTRIO,PS,2021-09-01 12:59:27
6584,411042044,SASSOFERRATO,AN,2021-09-01 12:59:27
6585,408036040,SASSUOLO,MO,2021-09-01 12:59:27
6586,418079123,SATRIANO,CZ,2021-09-01 12:59:27
6587,417076083,SATRIANO DI LUCANIA,PZ,2021-09-01 12:59:27
6588,406030107,SAURIS,UD,2021-09-01 12:59:27
6589,401001259,SAUZE D'OULX,TO,2021-09-01 12:59:27
6590,401001258,SAUZE DI CESANA,TO,2021-09-01 12:59:27
6591,416073026,SAVA,TA,2021-09-01 12:59:27
6592,418101023,SAVELLI,KR,2021-09-01 12:59:27
6593,415063076,SAVIANO,NA,2021-09-01 12:59:27
6594,401004215,SAVIGLIANO,CN,2021-09-01 12:59:27
6595,415064096,SAVIGNANO IRPINO,AV,2021-09-01 12:59:27
6596,408036041,SAVIGNANO SUL PANARO,MO,2021-09-01 12:59:27
6597,408040045,SAVIGNANO SUL RUBICONE,FO,2021-09-01 12:59:27
6598,407010057,SAVIGNONE,GE,2021-09-01 12:59:27
6599,403017175,SAVIORE DELL'ADAMELLO,BS,2021-09-01 12:59:27
6600,419083093,SAVOCA,ME,2021-09-01 12:59:27
6601,406030108,SAVOGNA,UD,2021-09-01 12:59:27
6602,406031022,SAVOGNA D'ISONZO,GO,2021-09-01 12:59:27
6603,417076084,SAVOIA DI LUCANIA,PZ,2021-09-01 12:59:27
6604,407009056,SAVONA,SV,2021-09-01 12:59:27
6605,413068039,SCAFA,PE,2021-09-01 12:59:27
6606,415065137,SCAFATI,SA,2021-09-01 12:59:27
6607,401004216,SCAGNELLO,CN,2021-09-01 12:59:27
6608,415065138,SCALA,SA,2021-09-01 12:59:27
6609,418078137,SCALA COELI,CS,2021-09-01 12:59:27
6610,403018147,SCALDASOLE,PV,2021-09-01 12:59:27
6611,418078138,SCALEA,CS,2021-09-01 12:59:27
6612,401001260,SCALENGHE,TO,2021-09-01 12:59:27
6613,419083094,SCALETTA ZANCLEA,ME,2021-09-01 12:59:27
6614,415064097,SCAMPITELLA,AV,2021-09-01 12:59:27
6615,418101024,SCANDALE,KR,2021-09-01 12:59:27
6616,408035040,SCANDIANO,RE,2021-09-01 12:59:27
6617,409048041,SCANDICCI,FI,2021-09-01 12:59:27
6618,403019092,SCANDOLARA RAVARA,CR,2021-09-01 12:59:27
6619,403019093,SCANDOLARA RIPA D'OGLIO,CR,2021-09-01 12:59:27
6620,412057064,SCANDRIGLIA,RI,2021-09-01 12:59:27
6621,413066093,SCANNO,AQ,2021-09-01 12:59:27
6622,420095051,SCANO DI MONTIFERRO,OR,2021-09-01 12:59:27
6623,409053023,SCANSANO,GR,2021-09-01 12:59:27
6624,417077031,SCANZANO JONICO,MT,2026-09-19 13:22:54
6625,403016194,SCANZOROSCIATE,BG,2021-09-01 12:59:28
6626,414094048,SCAPOLI,IS,2021-09-01 12:59:28
6627,409053024,SCARLINO,GR,2021-09-01 12:59:28
6628,401001261,SCARMAGNO,TO,2021-09-01 12:59:28
6629,401004217,SCARNAFIGI,CN,2021-09-01 12:59:28
6630,409048053,SCARPERIA E SAN PIERO,FI,2021-09-01 12:59:28
6631,404021087,SCENA,BZ,2021-09-01 12:59:28
6632,413069087,SCERNI,CH,2021-09-01 12:59:28
6633,410054046,SCHEGGIA E PASCELUPO,PG,2021-09-01 12:59:28
6634,410054047,SCHEGGINO,PG,2021-09-01 12:59:28
6635,413069088,SCHIAVI DI ABRUZZO,CH,2021-09-01 12:59:28
6636,405024099,SCHIAVON,VI,2021-09-01 12:59:28
6637,403013211,SCHIGNANO,CO,2021-09-01 12:59:28
6638,403016195,SCHILPARIO,BG,2021-09-01 12:59:28
6639,405024100,SCHIO,VI,2021-09-01 12:59:28
6640,403020060,SCHIVENOGLIA,MN,2021-09-01 12:59:28
6641,419084041,SCIACCA,AG,2021-09-01 12:59:28
6642,419082068,SCIARA,PA,2021-09-01 12:59:28
6643,419088011,SCICLI,RG,2021-09-01 12:59:28
6644,418080084,SCIDO,RC,2021-09-01 12:59:28
6645,418078139,SCIGLIANO,CS,2021-09-01 12:59:28
6646,418080085,SCILLA,RC,2021-09-01 12:59:28
6647,419082081,SCILLATO,PA,2021-09-01 12:59:28
6648,401001262,SCIOLZE,TO,2021-09-01 12:59:28
6649,415063077,SCISCIANO,NA,2021-09-01 12:59:28
6650,419082069,SCLAFANI BAGNI,PA,2021-09-01 12:59:28
6651,413066094,SCONTRONE,AQ,2021-09-01 12:59:28
6652,401002134,SCOPA,VC,2021-09-01 12:59:28
6653,401002135,SCOPELLO,VC,2021-09-01 12:59:28
6654,413066095,SCOPPITO,AQ,2021-09-01 12:59:28
6655,419087049,SCORDIA,CT,2021-09-01 12:59:28
6656,416075073,SCORRANO,LE,2021-09-01 12:59:28
6657,405027037,SCORZE',VE,2021-09-01 12:59:28
6658,413066096,SCURCOLA MARSICANA,AQ,2021-09-01 12:59:28
6659,404022171,SCURELLE,TN,2021-09-01 12:59:28
6660,401005103,SCURZOLENGO,AT,2021-09-01 12:59:28
6661,407008057,SEBORGA,IM,2021-09-01 12:59:28
6662,413066097,SECINARO,AQ,2021-09-01 12:59:28
6663,416075074,SECLI',LE,2021-09-01 12:59:28
6664,403098052,SECUGNAGO,LO,2021-09-01 12:59:28
6665,406030109,SEDEGLIANO,UD,2021-09-01 12:59:28
6666,405025053,SEDICO,BL,2021-09-01 12:59:28
6667,420095052,SEDILO,OR,2021-09-01 12:59:28
6668,420090065,SEDINI,SS,2021-09-01 12:59:28
6669,403015204,SEDRIANO,MI,2021-09-01 12:59:28
6670,403016196,SEDRINA,BG,2021-09-01 12:59:28
6671,411043050,SEFRO,MC,2021-09-01 12:59:28
6672,420092067,SEGARIU,CA,2021-09-01 12:59:28
6673,409053025,SEGGIANO,GR,2021-09-01 12:59:28
6674,412058102,SEGNI,RM,2021-09-01 12:59:28
6675,404022172,SEGONZANO,TN,2021-09-01 12:59:28
6676,403015205,SEGRATE,MI,2021-09-01 12:59:28
6677,405026079,SEGUSINO,TV,2021-09-01 12:59:28
6678,420092068,SELARGIUS,CA,2021-09-01 12:59:28
6679,412057065,SELCI,RI,2021-09-01 12:59:28
6680,420092069,SELEGAS,CA,2021-09-01 12:59:28
6681,404022246,SELLA GIUDICARIE,TN,2021-09-01 12:59:28
6682,410054048,SELLANO,PG,2021-09-01 12:59:28
6683,403017176,SELLERO,BS,2021-09-01 12:59:28
6684,418079126,SELLIA,CZ,2021-09-01 12:59:28
6685,418079127,SELLIA MARINA,CZ,2021-09-01 12:59:28
6686,404021088,SELVA DEI MOLINI,BZ,2021-09-01 12:59:28
6687,405025054,SELVA DI CADORE,BL,2021-09-01 12:59:28
6688,405023080,SELVA DI PROGNO,VR,2021-09-01 12:59:28
6689,404021089,SELVA DI VAL GARDENA,BZ,2021-09-01 12:59:28
6690,405028086,SELVAZZANO DENTRO,PD,2021-09-01 12:59:28
6691,403016197,SELVINO,BG,2021-09-01 12:59:28
6692,420090066,SEMESTENE,SS,2021-09-01 12:59:28
6693,403018148,SEMIANA,PV,2021-09-01 12:59:28
6694,418080086,SEMINARA,RC,2021-09-01 12:59:28
6695,409053028,SEMPRONIANO,GR,2021-09-01 12:59:28
6696,403015206,SENAGO,MI,2021-09-01 12:59:28
6697,404021118,SENALE-SAN FELICE,BZ,2021-09-01 12:59:28
6698,404021091,SENALES,BZ,2021-09-01 12:59:28
6699,420095053,SENEGHE,OR,2021-09-01 12:59:28
6700,415064098,SENERCHIA,AV,2021-09-01 12:59:28
6701,403017177,SENIGA,BS,2021-09-01 12:59:28
6702,411042045,SENIGALLIA,AN,2021-09-01 12:59:28
6703,420095054,SENIS,OR,2021-09-01 12:59:28
6704,417076085,SENISE,PZ,2021-09-01 12:59:28
6705,403013212,SENNA COMASCO,CO,2021-09-01 12:59:28
6706,403098053,SENNA LODIGIANA,LO,2021-09-01 12:59:28
6707,420095055,SENNARIOLO,OR,2021-09-01 12:59:28
6708,420090067,SENNORI,SS,2021-09-01 12:59:28
6709,420092070,SENORBI',CA,2021-09-01 12:59:28
6710,414070075,SEPINO,CB,2021-09-01 12:59:28
6711,406093042,SEQUALS,PN,2021-09-01 12:59:28
6712,409046028,SERAVEZZA,LU,2021-09-01 12:59:28
6713,420092071,SERDIANA,CA,2021-09-01 12:59:28
6714,403108039,SEREGNO,MB,2021-09-01 12:59:28
6715,405025055,SEREN DEL GRAPPA,BL,2021-09-01 12:59:28
6716,403019094,SERGNANO,CR,2021-09-01 12:59:28
6717,403016198,SERIATE,BG,2021-09-01 12:59:28
6718,403016199,SERINA,BG,2021-09-01 12:59:28
6719,415064099,SERINO,AV,2021-09-01 12:59:28
6720,403017178,SERLE,BS,2021-09-01 12:59:28
6721,403020061,SERMIDE,MN,2021-09-01 12:59:28
6722,412059027,SERMONETA,LT,2021-09-01 12:59:28
6723,405026080,SERNAGLIA DELLA BATTAGLIA,TV,2021-09-01 12:59:28
6724,403014059,SERNIO,SO,2021-09-01 12:59:28
6725,401005104,SEROLE,AT,2021-09-01 12:59:28
6726,418078140,SERRA D'AIELLO,CS,2021-09-01 12:59:28
6727,411042046,SERRA DE' CONTI,AN,2021-09-01 12:59:28
6728,407010058,SERRA RICCO',GE,2021-09-01 12:59:28
6729,418102037,SERRA SAN BRUNO,VV,2021-09-01 12:59:28
6730,411042047,SERRA SAN QUIRICO,AN,2021-09-01 12:59:28
6731,411041061,SERRA SANT'ABBONDIO,PS,2021-09-01 12:59:28
6732,416071053,SERRACAPRIOLA,FG,2021-09-01 12:59:28
6733,419085018,SERRADIFALCO,CL,2021-09-01 12:59:28
6734,401004218,SERRALUNGA D'ALBA,CN,2021-09-01 12:59:28
6735,401006159,SERRALUNGA DI CREA,AL,2021-09-01 12:59:28
6736,420092072,SERRAMANNA,CA,2021-09-01 12:59:28
6737,408036042,SERRAMAZZONI,MO,2021-09-01 12:59:28
6738,415065139,SERRAMEZZANA,SA,2021-09-01 12:59:28
6739,413068040,SERRAMONACESCA,PE,2021-09-01 12:59:28
6740,411043051,SERRAPETRONA,MC,2021-09-01 12:59:28
6741,415063078,SERRARA FONTANA,NA,2021-09-01 12:59:28
6742,418079129,SERRASTRETTA,CZ,2021-09-01 12:59:28
6743,418080087,SERRATA,RC,2021-09-01 12:59:29
6744,403020062,SERRAVALLE A PO,MN,2021-09-01 12:59:29
6745,411043052,SERRAVALLE DI CHIENTI,MC,2021-09-01 12:59:29
6746,401004219,SERRAVALLE LANGHE,CN,2021-09-01 12:59:29
6747,409047020,SERRAVALLE PISTOIESE,PT,2021-09-01 12:59:29
6748,401006160,SERRAVALLE SCRIVIA,AL,2021-09-01 12:59:29
6749,401002137,SERRAVALLE SESIA,VC,2021-09-01 12:59:29
6750,415065140,SERRE,SA,2021-09-01 12:59:29
6751,420092073,SERRENTI,CA,2021-09-01 12:59:29
6752,420092120,SERRI,CA,2021-09-01 12:59:29
6753,412060071,SERRONE,FR,2021-09-01 12:59:29
6754,418079130,SERSALE,CZ,2021-09-01 12:59:29
6755,411109038,SERVIGLIANO,FM,2021-09-01 12:59:29
6756,415061088,SESSA AURUNCA,CE,2021-09-01 12:59:29
6757,415065141,SESSA CILENTO,SA,2021-09-01 12:59:29
6758,401005105,SESSAME,AT,2021-09-01 12:59:29
6759,414094049,SESSANO DEL MOLISE,IS,2021-09-01 12:59:29
6760,407011028,SESTA GODANO,SP,2021-09-01 12:59:29
6761,409051035,SESTINO,AR,2021-09-01 12:59:29
6762,404021092,SESTO,BZ,2021-09-01 12:59:29
6763,406093043,SESTO AL REGHENA,PN,2021-09-01 12:59:29
6764,403012120,SESTO CALENDE,VA,2021-09-01 12:59:29
6765,414094050,SESTO CAMPANO,IS,2021-09-01 12:59:29
6766,403019095,SESTO ED UNITI,CR,2021-09-01 12:59:29
6767,409048043,SESTO FIORENTINO,FI,2021-09-01 12:59:29
6768,403015209,SESTO SAN GIOVANNI,MI,2021-09-01 12:59:29
6769,408036043,SESTOLA,MO,2021-09-01 12:59:29
6770,407010059,SESTRI LEVANTE,GE,2021-09-01 12:59:29
6771,401001263,SESTRIERE,TO,2021-09-01 12:59:29
6772,420092074,SESTU,CA,2021-09-01 12:59:29
6773,403015210,SETTALA,MI,2021-09-01 12:59:29
6774,412060072,SETTEFRATI,FR,2021-09-01 12:59:29
6775,401005106,SETTIME,AT,2021-09-01 12:59:29
6776,403015211,SETTIMO MILANESE,MI,2021-09-01 12:59:29
6777,401001264,SETTIMO ROTTARO,TO,2021-09-01 12:59:29
6778,420092075,SETTIMO SAN PIETRO,CA,2021-09-01 12:59:29
6779,401001265,SETTIMO TORINESE,TO,2021-09-01 12:59:29
6780,401001266,SETTIMO VITTONE,TO,2021-09-01 12:59:29
6781,418079131,SETTINGIANO,CZ,2021-09-01 12:59:29
6782,420092076,SETZU,CA,2021-09-01 12:59:29
6783,420091081,SEUI,NU,2021-09-01 12:59:29
6784,420091082,SEULO,NU,2021-09-01 12:59:29
6785,403108040,SEVESO,MB,2021-09-01 12:59:29
6786,401006161,SEZZADIO,AL,2021-09-01 12:59:29
6787,412059028,SEZZE,LT,2021-09-01 12:59:29
6788,404022173,SFRUZ,TN,2021-09-01 12:59:29
6789,406032005,SGONICO,TS,2021-09-01 12:59:29
6790,412060073,SGURGOLA,FR,2021-09-01 12:59:29
6791,420095056,SIAMAGGIORE,OR,2021-09-01 12:59:29
6792,420095057,SIAMANNA,OR,2021-09-01 12:59:29
6793,415065142,SIANO,SA,2021-09-01 12:59:29
6794,420095076,SIAPICCIA,OR,2021-09-01 12:59:29
6795,415065143,SICIGNANO DEGLI ALBURNI,SA,2021-09-01 12:59:29
6796,419084042,SICULIANA,AG,2021-09-01 12:59:29
6797,420092077,SIDDI,CA,2021-09-01 12:59:29
6798,418080088,SIDERNO,RC,2021-09-01 12:59:29
6799,409052032,SIENA,SI,2021-09-01 12:59:29
6800,410054049,SIGILLO,PG,2021-09-01 12:59:29
6801,409048044,SIGNA,FI,2021-09-01 12:59:29
6802,404021093,SILANDRO,BZ,2021-09-01 12:59:29
6803,420091083,SILANUS,NU,2021-09-01 12:59:29
6804,405026081,SILEA,TV,2021-09-01 12:59:29
6805,420090068,SILIGO,SS,2021-09-01 12:59:29
6806,420092078,SILIQUA,CA,2021-09-01 12:59:29
6807,420092079,SILIUS,CA,2021-09-01 12:59:29
6808,409046037,SILLANO GIUNCUGNANO,LU,2021-09-01 12:59:29
6809,401003138,SILLAVENGO,NO,2021-09-01 12:59:29
6810,401006162,SILVANO D'ORBA,AL,2021-09-01 12:59:29
6811,403018149,SILVANO PIETRA,PV,2021-09-01 12:59:29
6812,413067040,SILVI,TE,2021-09-01 12:59:29
6813,420095058,SIMALA,OR,2021-09-01 12:59:29
6814,420095059,SIMAXIS,OR,2021-09-01 12:59:29
6815,418102038,SIMBARIO,VV,2021-09-01 12:59:29
6816,418079133,SIMERI CRICHI,CZ,2026-09-19 13:22:54
6817,419083095,SINAGRA,ME,2021-09-01 12:59:29
6818,409052033,SINALUNGA,SI,2021-09-01 12:59:29
6819,420091084,SINDIA,NU,2021-09-01 12:59:29
6820,420095060,SINI,OR,2021-09-01 12:59:29
6821,401004220,SINIO,CN,2021-09-01 12:59:29
6822,420091085,SINISCOLA,NU,2021-09-01 12:59:29
6823,420092080,SINNAI,CA,2021-09-01 12:59:29
6824,418080089,SINOPOLI,RC,2021-09-01 12:59:29
6825,419089017,SIRACUSA,SR,2021-09-01 12:59:29
6826,415064100,SIRIGNANO,AV,2021-09-01 12:59:29
6827,420095061,SIRIS,OR,2021-09-01 12:59:29
6828,403017179,SIRMIONE,BS,2021-09-01 12:59:29
6829,411042048,SIROLO,AN,2021-09-01 12:59:29
6830,403097075,SIRONE,LC,2021-09-01 12:59:29
6831,403097076,SIRTORI,LC,2021-09-01 12:59:29
6832,408034049,SISSA TRECASALI,PR,2021-09-01 12:59:29
6833,420092081,SIURGUS DONIGALA,CA,2021-09-01 12:59:29
6834,403018150,SIZIANO,PV,2021-09-01 12:59:29
6835,401003139,SIZZANO,NO,2021-09-01 12:59:29
6836,404021094,SLUDERNO,BZ,2021-09-01 12:59:29
6837,411109039,SMERILLO,FM,2021-09-01 12:59:29
6838,405023081,SOAVE,VR,2021-09-01 12:59:29
6839,406030110,SOCCHIEVE,UD,2021-09-01 12:59:29
6840,420095078,SODDI,OR,2021-09-01 12:59:29
6841,408040046,SOGLIANO AL RUBICONE,FO,2021-09-01 12:59:29
6842,416075075,SOGLIANO CAVOUR,LE,2021-09-01 12:59:29
6843,401005107,SOGLIO,AT,2021-09-01 12:59:29
6844,403017180,SOIANO DEL LAGO,BS,2021-09-01 12:59:29
6845,405024101,SOLAGNA,VI,2021-09-01 12:59:29
6846,419089018,SOLARINO,SR,2021-09-01 12:59:29
6847,403015213,SOLARO,MI,2021-09-01 12:59:29
6848,408039018,SOLAROLO,RA,2021-09-01 12:59:29
6849,403019096,SOLAROLO RAINERIO,CR,2021-09-01 12:59:29
6850,420095062,SOLARUSSA,OR,2021-09-01 12:59:29
6851,403013215,SOLBIATE,CO,2021-09-01 12:59:29
6852,403012121,SOLBIATE ARNO,VA,2021-09-01 12:59:29
6853,403012122,SOLBIATE OLONA,VA,2021-09-01 12:59:29
6854,407008058,SOLDANO,IM,2021-09-01 12:59:29
6855,420092082,SOLEMINIS,CA,2021-09-01 12:59:29
6856,401006163,SOLERO,AL,2021-09-01 12:59:29
6857,405028087,SOLESINO,PD,2021-09-01 12:59:29
6858,416075076,SOLETO,LE,2021-09-01 12:59:29
6859,403020063,SOLFERINO,MN,2021-09-01 12:59:29
6860,408036044,SOLIERA,MO,2021-09-01 12:59:30
6861,408034035,SOLIGNANO,PR,2021-09-01 12:59:30
6862,415064101,SOLOFRA,AV,2021-09-01 12:59:30
6863,401006164,SOLONGHELLO,AL,2021-09-01 12:59:30
6864,415062073,SOLOPACA,BN,2021-09-01 12:59:30
6865,403016200,SOLTO COLLINA,BG,2021-09-01 12:59:30
6866,403016251,SOLZA,BG,2021-09-01 12:59:30
6867,403098054,SOMAGLIA,LO,2021-09-01 12:59:30
6868,401004221,SOMANO,CN,2021-09-01 12:59:30
6869,403012123,SOMMA LOMBARDO,VA,2021-09-01 12:59:30
6870,415063079,SOMMA VESUVIANA,NA,2021-09-01 12:59:30
6871,405023082,SOMMACAMPAGNA,VR,2021-09-01 12:59:30
6872,401004222,SOMMARIVA DEL BOSCO,CN,2021-09-01 12:59:30
6873,401004223,SOMMARIVA PERNO,CN,2021-09-01 12:59:30
6874,419085019,SOMMATINO,CL,2021-09-01 12:59:30
6875,403018151,SOMMO,PV,2021-09-01 12:59:30
6876,405023083,SONA,VR,2021-09-01 12:59:30
6877,403019097,SONCINO,CR,2021-09-01 12:59:30
6878,403014060,SONDALO,SO,2021-09-01 12:59:30
6879,403014061,SONDRIO,SO,2021-09-01 12:59:30
6880,403016201,SONGAVAZZO,BG,2021-09-01 12:59:30
6881,403017181,SONICO,BS,2021-09-01 12:59:30
6882,412059029,SONNINO,LT,2021-09-01 12:59:30
6883,401096062,SOPRANA,BI,2021-09-01 12:59:30
6884,412060074,SORA,FR,2021-09-01 12:59:30
6885,404022176,SORAGA,TN,2021-09-01 12:59:30
6886,408034036,SORAGNA,PR,2021-09-01 12:59:30
6887,409053026,SORANO,GR,2021-09-01 12:59:30
6888,418079134,SORBO SAN BASILE,CZ,2021-09-01 12:59:30
6889,415064102,SORBO SERPICO,AV,2021-09-01 12:59:30
6890,408034037,SORBOLO,PR,2021-09-01 12:59:30
6891,401096063,SORDEVOLO,BI,2021-09-01 12:59:30
6892,403098055,SORDIO,LO,2021-09-01 12:59:30
6893,403019098,SORESINA,CR,2021-09-01 12:59:30
6894,405023084,SORGA',VR,2021-09-01 12:59:30
6895,420091086,SORGONO,NU,2021-09-01 12:59:30
6896,407010060,SORI,GE,2021-09-01 12:59:30
6897,418102039,SORIANELLO,VV,2021-09-01 12:59:30
6898,418102040,SORIANO CALABRO,VV,2021-09-01 12:59:30
6899,412056048,SORIANO NEL CIMINO,VT,2021-09-01 12:59:30
6900,403013216,SORICO,CO,2021-09-01 12:59:30
6901,401003140,SORISO,NO,2021-09-01 12:59:30
6902,403016202,SORISOLE,BG,2021-09-01 12:59:30
6903,403013217,SORMANO,CO,2021-09-01 12:59:30
6904,420095063,SORRADILE,OR,2021-09-01 12:59:30
6905,415063080,SORRENTO,NA,2021-09-01 12:59:30
6906,420090069,SORSO,SS,2021-09-01 12:59:30
6907,419089019,SORTINO,SR,2021-09-01 12:59:30
6908,403019099,SOSPIRO,CR,2021-09-01 12:59:30
6909,405025056,SOSPIROLO,BL,2021-09-01 12:59:30
6910,405024102,SOSSANO,VI,2021-09-01 12:59:30
6911,401096064,SOSTEGNO,BI,2021-09-01 12:59:30
6912,403016203,SOTTO IL MONTE GIOVANNI XXIII,BG,2021-09-01 12:59:30
6913,404022177,SOVER,TN,2021-09-01 12:59:30
6914,418079137,SOVERATO,CZ,2021-09-01 12:59:30
6915,403016204,SOVERE,BG,2021-09-01 12:59:30
6916,418079138,SOVERIA MANNELLI,CZ,2021-09-01 12:59:30
6917,418079139,SOVERIA SIMERI,CZ,2021-09-01 12:59:30
6918,405025057,SOVERZENE,BL,2021-09-01 12:59:30
6919,409052034,SOVICILLE,SI,2021-09-01 12:59:30
6920,403108041,SOVICO,MB,2021-09-01 12:59:30
6921,405024103,SOVIZZO,VI,2021-09-01 12:59:30
6922,405025058,SOVRAMONTE,BL,2021-09-01 12:59:30
6923,401003141,SOZZAGO,NO,2021-09-01 12:59:30
6924,419083096,SPADAFORA,ME,2021-09-01 12:59:30
6925,418102041,SPADOLA,VV,2021-09-01 12:59:30
6926,415061089,SPARANISE,CE,2021-09-01 12:59:30
6927,401001267,SPARONE,TO,2021-09-01 12:59:30
6928,416075077,SPECCHIA,LE,2021-09-01 12:59:30
6929,410054050,SPELLO,PG,2021-09-01 12:59:30
6930,419086017,SPERLINGA,EN,2021-09-01 12:59:30
6931,412059030,SPERLONGA,LT,2021-09-01 12:59:30
6932,415064103,SPERONE,AV,2021-09-01 12:59:30
6933,403018152,SPESSA,PV,2021-09-01 12:59:30
6934,418078142,SPEZZANO ALBANESE,CS,2021-09-01 12:59:30
6935,418078143,SPEZZANO DELLA SILA,CS,2021-09-01 12:59:30
6936,404022179,SPIAZZO,TN,2021-09-01 12:59:30
6937,401006165,SPIGNO MONFERRATO,AL,2021-09-01 12:59:30
6938,412059031,SPIGNO SATURNIA,LT,2021-09-01 12:59:30
6939,408036045,SPILAMBERTO,MO,2021-09-01 12:59:30
6940,406093044,SPILIMBERGO,PN,2021-09-01 12:59:30
6941,418102042,SPILINGA,VV,2021-09-01 12:59:30
6942,403019100,SPINADESCO,CR,2021-09-01 12:59:30
6943,416110008,SPINAZZOLA,BT,2021-09-01 12:59:30
6944,405027038,SPINEA,VE,2021-09-01 12:59:30
6945,403019101,SPINEDA,CR,2021-09-01 12:59:30
6946,414070076,SPINETE,CB,2021-09-01 12:59:30
6947,401006166,SPINETO SCRIVIA,AL,2021-09-01 12:59:30
6948,411044071,SPINETOLI,AP,2021-09-01 12:59:30
6949,403019102,SPINO D'ADDA,CR,2021-09-01 12:59:30
6950,403016205,SPINONE AL LAGO,BG,2021-09-01 12:59:30
6951,417076086,SPINOSO,PZ,2021-09-01 12:59:30
6952,403016206,SPIRANO,BG,2021-09-01 12:59:30
6953,410054051,SPOLETO,PG,2021-09-01 12:59:30
6954,413068041,SPOLTORE,PE,2021-09-01 12:59:30
6955,416075078,SPONGANO,LE,2021-09-01 12:59:30
6956,404022180,SPORMAGGIORE,TN,2021-09-01 12:59:30
6957,404022181,SPORMINORE,TN,2021-09-01 12:59:30
6958,407009057,SPOTORNO,SV,2021-09-01 12:59:30
6959,405026082,SPRESIANO,TV,2021-09-01 12:59:30
6960,403014062,SPRIANA,SO,2021-09-01 12:59:30
6961,418079142,SQUILLACE,CZ,2021-09-01 12:59:30
6962,416075079,SQUINZANO,LE,2021-09-01 12:59:30
6963,411042049,STAFFOLO,AN,2021-09-01 12:59:30
6964,403019103,STAGNO LOMBARDO,CR,2021-09-01 12:59:30
6965,418080090,STAITI,RC,2021-09-01 12:59:30
6966,418079143,STALETTI,CZ,2021-09-01 12:59:30
6967,405028088,STANGHELLA,PD,2021-09-01 12:59:30
6968,406031023,STARANZANO,GO,2021-09-01 12:59:30
6969,416073029,STATTE,TA,2021-09-01 12:59:30
6970,401006167,STAZZANO,AL,2021-09-01 12:59:30
6971,409046030,STAZZEMA,LU,2021-09-01 12:59:30
6972,403013218,STAZZONA,CO,2021-09-01 12:59:30
6973,418102043,STEFANACONI,VV,2021-09-01 12:59:30
6974,407009058,STELLA,SV,2021-09-01 12:59:30
6975,415065144,STELLA CILENTO,SA,2021-09-01 12:59:30
6976,407009059,STELLANELLO,SV,2021-09-01 12:59:30
6977,404021095,STELVIO,BZ,2021-09-01 12:59:30
6978,404022182,STENICO,TN,2021-09-01 12:59:31
6979,416075080,STERNATIA,LE,2021-09-01 12:59:31
6980,403016207,STEZZANO,BG,2021-09-01 12:59:31
6981,405029045,STIENTA,RO,2021-09-01 12:59:31
6982,417077027,STIGLIANO,MT,2021-09-01 12:59:31
6983,418080091,STIGNANO,RC,2021-09-01 12:59:31
6984,418080092,STILO,RC,2021-09-01 12:59:31
6985,412057066,STIMIGLIANO,RI,2021-09-01 12:59:31
6986,420090089,STINTINO,SS,2021-09-01 12:59:31
6987,415065145,STIO,SA,2021-09-01 12:59:31
6988,416071054,STORNARA,FG,2021-09-01 12:59:31
6989,416071055,STORNARELLA,FG,2021-09-01 12:59:31
6990,404022183,STORO,TN,2021-09-01 12:59:31
6991,405027039,STRA,VE,2021-09-01 12:59:31
6992,403018153,STRADELLA,PV,2021-09-01 12:59:31
6993,401001268,STRAMBINELLO,TO,2021-09-01 12:59:31
6994,401001269,STRAMBINO,TO,2021-09-01 12:59:31
6995,412060075,STRANGOLAGALLI,FR,2021-09-01 12:59:31
6996,406030111,STREGNA,UD,2021-09-01 12:59:31
6997,404022184,STREMBO,TN,2021-09-01 12:59:31
6998,401103064,STRESA,VB,2021-09-01 12:59:31
6999,401006168,STREVI,AL,2021-09-01 12:59:31
7000,415063081,STRIANO,NA,2021-09-01 12:59:31
7001,401096065,STRONA,BI,2021-09-01 12:59:31
7002,410055031,STRONCONE,TR,2021-09-01 12:59:31
7003,418101025,STRONGOLI,KR,2021-09-01 12:59:31
7004,401002142,STROPPIANA,VC,2021-09-01 12:59:31
7005,401004224,STROPPO,CN,2021-09-01 12:59:31
7006,403016208,STROZZA,BG,2021-09-01 12:59:31
7007,415064104,STURNO,AV,2021-09-01 12:59:31
7008,403018154,SUARDI,PV,2021-09-01 12:59:31
7009,409051037,SUBBIANO,AR,2021-09-01 12:59:31
7010,412058103,SUBIACO,RM,2021-09-01 12:59:31
7011,415061090,SUCCIVO,CE,2021-09-01 12:59:31
7012,403097077,SUEGLIO,LC,2021-09-01 12:59:31
7013,420092083,SUELLI,CA,2021-09-01 12:59:31
7014,403097078,SUELLO,LC,2021-09-01 12:59:31
7015,403016209,SUISIO,BG,2021-09-01 12:59:31
7016,403108042,SULBIATE,MB,2021-09-01 12:59:31
7017,413066098,SULMONA,AQ,2021-09-01 12:59:31
7018,403017182,SULZANO,BS,2021-09-01 12:59:31
7019,403012124,SUMIRAGO,VA,2021-09-01 12:59:31
7020,415064105,SUMMONTE,AV,2021-09-01 12:59:31
7021,420091087,SUNI,NU,2021-09-01 12:59:31
7022,401003143,SUNO,NO,2021-09-01 12:59:31
7023,416075081,SUPERSANO,LE,2021-09-01 12:59:31
7024,412060076,SUPINO,FR,2021-09-01 12:59:31
7025,416075082,SURANO,LE,2021-09-01 12:59:31
7026,416075083,SURBO,LE,2021-09-01 12:59:31
7027,401001270,SUSA,TO,2021-09-01 12:59:31
7028,405026083,SUSEGANA,TV,2021-09-01 12:59:31
7029,403020064,SUSTINENTE,MN,2021-09-01 12:59:31
7030,419085020,SUTERA,CL,2021-09-01 12:59:31
7031,412056049,SUTRI,VT,2021-09-01 12:59:31
7032,406030112,SUTRIO,UD,2021-09-01 12:59:31
7033,409049020,SUVERETO,LI,2021-09-01 12:59:31
7034,403020065,SUZZARA,MN,2021-09-01 12:59:31
7035,403097079,TACENO,LC,2021-09-01 12:59:31
7036,420095064,TADASUNI,OR,2021-09-01 12:59:31
7037,407008059,TAGGIA,IM,2021-09-01 12:59:31
7038,413066099,TAGLIACOZZO,AQ,2021-09-01 12:59:31
7039,405029046,TAGLIO DI PO,RO,2021-09-01 12:59:31
7040,401006169,TAGLIOLO MONFERRATO,AL,2021-09-01 12:59:31
7041,405025059,TAIBON AGORDINO,BL,2021-09-01 12:59:31
7042,403012125,TAINO,VA,2021-09-01 12:59:31
7043,406030113,TAIPANA,UD,2021-09-01 12:59:31
7044,408099027,TALAMELLO,RN,2021-09-01 12:59:31
7045,403014063,TALAMONA,SO,2021-09-01 12:59:31
7046,420091088,TALANA,NU,2021-09-01 12:59:31
7047,403016210,TALEGGIO,BG,2021-09-01 12:59:31
7048,409051038,TALLA,AR,2021-09-01 12:59:31
7049,406030114,TALMASSONS,UD,2021-09-01 12:59:31
7050,405025060,TAMBRE,BL,2021-09-01 12:59:31
7051,419083097,TAORMINA,ME,2021-09-01 12:59:31
7052,412057067,TARANO,RI,2021-09-01 12:59:31
7053,413069089,TARANTA PELIGNA,CH,2021-09-01 12:59:31
7054,401004225,TARANTASCA,CN,2021-09-01 12:59:31
7055,416073027,TARANTO,TA,2021-09-01 12:59:31
7056,406030116,TARCENTO,UD,2021-09-01 12:59:31
7057,412056050,TARQUINIA,VT,2021-09-01 12:59:31
7058,418078145,TARSIA,CS,2021-09-01 12:59:31
7059,403014064,TARTANO,SO,2021-09-01 12:59:31
7060,406030117,TARVISIO,UD,2021-09-01 12:59:31
7061,405026084,TARZO,TV,2021-09-01 12:59:31
7062,401006170,TASSAROLO,AL,2021-09-01 12:59:31
7063,415064106,TAURANO,AV,2021-09-01 12:59:31
7064,415064107,TAURASI,AV,2021-09-01 12:59:31
7065,418080093,TAURIANOVA,RC,2021-09-01 12:59:31
7066,416075084,TAURISANO,LE,2021-09-01 12:59:31
7067,406030118,TAVAGNACCO,UD,2021-09-01 12:59:31
7068,401001271,TAVAGNASCO,TO,2021-09-01 12:59:31
7069,409048045,TAVARNELLE VAL DI PESA,FI,2021-09-01 12:59:31
7070,403098056,TAVAZZANO CON VILLAVESCO,LO,2021-09-01 12:59:31
7071,414070077,TAVENNA,CB,2021-09-01 12:59:31
7072,418079146,TAVERNA,CZ,2021-09-01 12:59:31
7073,403013222,TAVERNERIO,CO,2021-09-01 12:59:31
7074,403016211,TAVERNOLA BERGAMASCA,BG,2021-09-01 12:59:31
7075,403017183,TAVERNOLE SUL MELLA,BS,2021-09-01 12:59:31
7076,416075085,TAVIANO,LE,2021-09-01 12:59:31
7077,401096066,TAVIGLIANO,BI,2021-09-01 12:59:31
7078,411041064,TAVOLETO,PS,2021-09-01 12:59:31
7079,411041065,TAVULLIA,PS,2021-09-01 12:59:31
7080,417076087,TEANA,PZ,2021-09-01 12:59:31
7081,415061091,TEANO,CE,2021-09-01 12:59:31
7082,415065146,TEGGIANO,SA,2021-09-01 12:59:31
7083,403014065,TEGLIO,SO,2021-09-01 12:59:31
7084,405027040,TEGLIO VENETO,VE,2021-09-01 12:59:31
7085,415062074,TELESE TERME,BN,2021-09-01 12:59:31
7086,403016212,TELGATE,BG,2021-09-01 12:59:31
7087,420090080,TELTI,SS,2021-09-01 12:59:31
7088,404022188,TELVE,TN,2021-09-01 12:59:31
7089,404022189,TELVE DI SOPRA,TN,2021-09-01 12:59:31
7090,420090070,TEMPIO PAUSANIA,SS,2021-09-01 12:59:31
7091,403017184,TEMU',BS,2021-09-01 12:59:31
7092,404022190,TENNA,TN,2021-09-01 12:59:31
7093,404022191,TENNO,TN,2021-09-01 12:59:31
7094,405028089,TEOLO,PD,2021-09-01 12:59:31
7095,415064108,TEORA,AV,2021-09-01 12:59:31
7096,413067041,TERAMO,TE,2021-09-01 12:59:32
7097,401003144,TERDOBBIATE,NO,2021-09-01 12:59:32
7098,412060077,TERELLE,FR,2021-09-01 12:59:32
7099,404021096,TERENTO,BZ,2021-09-01 12:59:32
7100,408034038,TERENZO,PR,2021-09-01 12:59:32
7101,420090086,TERGU,SS,2021-09-01 12:59:32
7102,404021097,TERLANO,BZ,2021-09-01 12:59:32
7103,416072043,TERLIZZI,BA,2021-09-01 12:59:32
7104,419083106,TERME VIGLIATORE,ME,2021-09-01 12:59:32
7105,404021098,TERMENO SULLA STRADA DEL VINO,BZ,2021-09-01 12:59:32
7106,419082070,TERMINI IMERESE,PA,2021-09-01 12:59:32
7107,414070078,TERMOLI,CB,2021-09-01 12:59:32
7108,403012126,TERNATE,VA,2021-09-01 12:59:32
7109,401096067,TERNENGO,BI,2021-09-01 12:59:32
7110,410055032,TERNI,TR,2021-09-01 12:59:32
7111,403016213,TERNO D'ISOLA,BG,2021-09-01 12:59:32
7112,412059032,TERRACINA,LT,2021-09-01 12:59:32
7113,404022193,TERRAGNOLO,TN,2021-09-01 12:59:32
7114,420095065,TERRALBA,OR,2021-09-01 12:59:32
7115,418078146,TERRANOVA DA SIBARI,CS,2021-09-01 12:59:32
7116,403098057,TERRANOVA DEI PASSERINI,LO,2021-09-01 12:59:32
7117,417076088,TERRANOVA DI POLLINO,PZ,2021-09-01 12:59:32
7118,418080094,TERRANOVA SAPPO MINULIO,RC,2021-09-01 12:59:32
7119,409051039,TERRANUOVA BRACCIOLINI,AR,2021-09-01 12:59:32
7120,419082071,TERRASINI,PA,2021-09-01 12:59:32
7121,405028090,TERRASSA PADOVANA,PD,2021-09-01 12:59:32
7122,418078147,TERRAVECCHIA,CS,2021-09-01 12:59:32
7123,405023085,TERRAZZO,VR,2021-09-01 12:59:32
7124,408038028,TERRE DEL RENO,FE,2021-09-01 12:59:32
7125,411041070,TERRE ROVERESCHE,PS,2021-09-01 12:59:32
7126,409050036,TERRICCIOLA,PI,2021-09-01 12:59:32
7127,401006171,TERRUGGIA,AL,2021-09-01 12:59:32
7128,420091089,TERTENIA,NU,2021-09-01 12:59:32
7129,415063082,TERZIGNO,NA,2021-09-01 12:59:32
7130,401006172,TERZO,AL,2021-09-01 12:59:32
7131,406030120,TERZO DI AQUILEIA,UD,2021-09-01 12:59:32
7132,404022195,TERZOLAS,TN,2021-09-01 12:59:32
7133,407008060,TERZORIO,IM,2021-09-01 12:59:32
7134,404022196,TESERO,TN,2021-09-01 12:59:32
7135,404021099,TESIMO,BZ,2021-09-01 12:59:32
7136,412056051,TESSENNANO,VT,2021-09-01 12:59:32
7137,407009060,TESTICO,SV,2021-09-01 12:59:32
7138,420091090,TETI,NU,2021-09-01 12:59:32
7139,420092084,TEULADA,CA,2021-09-01 12:59:32
7140,415061092,TEVEROLA,CE,2021-09-01 12:59:32
7141,405024104,TEZZE SUL BRENTA,VI,2021-09-01 12:59:32
7142,405024105,THIENE,VI,2021-09-01 12:59:32
7143,420090071,THIESI,SS,2021-09-01 12:59:32
7144,420091091,TIANA,NU,2021-09-01 12:59:32
7145,403019104,TICENGO,CR,2021-09-01 12:59:32
7146,401006173,TICINETO,AL,2021-09-01 12:59:32
7147,416075086,TIGGIANO,LE,2021-09-01 12:59:32
7148,407010061,TIGLIETO,GE,2021-09-01 12:59:32
7149,401005108,TIGLIOLE,AT,2021-09-01 12:59:32
7150,403017185,TIGNALE,BS,2021-09-01 12:59:32
7151,420091092,TINNURA,NU,2021-09-01 12:59:32
7152,413066100,TIONE DEGLI ABRUZZI,AQ,2021-09-01 12:59:32
7153,404022199,TIONE DI TRENTO,TN,2021-09-01 12:59:32
7154,403014066,TIRANO,SO,2021-09-01 12:59:32
7155,404021100,TIRES,BZ,2021-09-01 12:59:32
7156,418079147,TIRIOLO,CZ,2021-09-01 12:59:32
7157,404021101,TIROLO,BZ,2021-09-01 12:59:32
7158,420090072,TISSI,SS,2021-09-01 12:59:32
7159,417076089,TITO,PZ,2021-09-01 12:59:32
7160,412058104,TIVOLI,RM,2021-09-01 12:59:32
7161,408034039,TIZZANO VAL PARMA,PR,2021-09-01 12:59:32
7162,408035041,TOANO,RE,2021-09-01 12:59:32
7163,415062075,TOCCO CAUDIO,BN,2021-09-01 12:59:32
7164,413068042,TOCCO DA CASAURIA,PE,2021-09-01 12:59:32
7165,401103065,TOCENO,VB,2021-09-01 12:59:32
7166,410054052,TODI,PG,2021-09-01 12:59:32
7167,412057068,TOFFIA,RI,2021-09-01 12:59:32
7168,407009061,TOIRANO,SV,2021-09-01 12:59:32
7169,411043053,TOLENTINO,MC,2021-09-01 12:59:32
7170,412058105,TOLFA,RM,2021-09-01 12:59:32
7171,401096068,TOLLEGNO,BI,2021-09-01 12:59:32
7172,413069090,TOLLO,CH,2021-09-01 12:59:32
7173,406030121,TOLMEZZO,UD,2021-09-01 12:59:32
7174,417076090,TOLVE,PZ,2021-09-01 12:59:32
7175,405028091,TOMBOLO,PD,2021-09-01 12:59:32
7176,404022200,TON,TN,2021-09-01 12:59:32
7177,420091093,TONARA,NU,2021-09-01 12:59:32
7178,401005109,TONCO,AT,2021-09-01 12:59:32
7179,401005110,TONENGO,AT,2021-09-01 12:59:32
7180,405024106,TONEZZA DEL CIMONE,VI,2021-09-01 12:59:32
7181,415061093,TORA E PICCILLI,CE,2021-09-01 12:59:32
7182,418078148,TORANO CASTELLO,CS,2021-09-01 12:59:32
7183,413067042,TORANO NUOVO,TE,2021-09-01 12:59:32
7184,403017186,TORBOLE CASAGLIA,BS,2021-09-01 12:59:32
7185,404022202,TORCEGNO,TN,2021-09-01 12:59:32
7186,415065147,TORCHIARA,SA,2021-09-01 12:59:32
7187,416074018,TORCHIAROLO,BR,2021-09-01 12:59:32
7188,415064109,TORELLA DEI LOMBARDI,AV,2026-09-19 13:22:54
7189,414070079,TORELLA DEL SANNIO,CB,2021-09-01 12:59:32
7190,410054053,TORGIANO,PG,2021-09-01 12:59:32
7191,402007067,TORGNON,AO,2021-09-01 12:59:32
7192,401001272,TORINO,TO,2021-09-01 12:59:32
7193,413069091,TORINO DI SANGRO,CH,2021-09-01 12:59:32
7194,416072044,TORITTO,BA,2021-09-01 12:59:32
7195,403019105,TORLINO VIMERCATI,CR,2021-09-01 12:59:32
7196,401003146,TORNACO,NO,2021-09-01 12:59:32
7197,413069092,TORNARECCIO,CH,2021-09-01 12:59:32
7198,403019106,TORNATA,CR,2021-09-01 12:59:32
7199,413066101,TORNIMPARTE,AQ,2021-09-01 12:59:32
7200,403013223,TORNO,CO,2021-09-01 12:59:32
7201,408034040,TORNOLO,PR,2021-09-01 12:59:32
7202,414070080,TORO,CB,2021-09-01 12:59:32
7203,420091094,TORPE',NU,2021-09-01 12:59:32
7204,415065148,TORRACA,SA,2021-09-01 12:59:32
7205,420090073,TORRALBA,SS,2021-09-01 12:59:32
7206,403018155,TORRAZZA COSTE,PV,2021-09-01 12:59:32
7207,401001273,TORRAZZA PIEMONTE,TO,2021-09-01 12:59:32
7208,401096069,TORRAZZO,BI,2021-09-01 12:59:32
7209,415063083,TORRE ANNUNZIATA,NA,2021-09-01 12:59:32
7210,403018156,TORRE BERETTI E CASTELLARO,PV,2021-09-01 12:59:32
7211,403016214,TORRE BOLDONE,BG,2021-09-01 12:59:32
7212,401004226,TORRE BORMIDA,CN,2021-09-01 12:59:32
7213,412060078,TORRE CAJETANI,FR,2021-09-01 12:59:32
7214,401001274,TORRE CANAVESE,TO,2021-09-01 12:59:32
7215,403018157,TORRE D'ARESE,PV,2021-09-01 12:59:33
7216,403018159,TORRE D'ISOLA,PV,2021-09-01 12:59:33
7217,403097080,TORRE DE' BUSI,LC,2021-09-01 12:59:33
7218,413068043,TORRE DE' PASSERI,PE,2021-09-01 12:59:33
7219,403019107,TORRE DE' PICENARDI,CR,2021-09-01 12:59:33
7220,403016216,TORRE DE' ROVERI,BG,2021-09-01 12:59:33
7221,403018158,TORRE DEI NEGRI,PV,2021-09-01 12:59:33
7222,415063084,TORRE DEL GRECO,NA,2021-09-01 12:59:33
7223,405027041,TORRE DI MOSTO,VE,2021-09-01 12:59:33
7224,418079148,TORRE DI RUGGIERO,CZ,2021-09-01 12:59:33
7225,403014067,TORRE DI SANTA MARIA,SO,2021-09-01 12:59:33
7226,415064110,TORRE LE NOCELLE,AV,2021-09-01 12:59:33
7227,401004227,TORRE MONDOVI',CN,2021-09-01 12:59:33
7228,415065149,TORRE ORSAIA,SA,2021-09-01 12:59:33
7229,403016217,TORRE PALLAVICINA,BG,2021-09-01 12:59:33
7230,401001275,TORRE PELLICE,TO,2021-09-01 12:59:33
7231,401004228,TORRE SAN GIORGIO,CN,2021-09-01 12:59:33
7232,411109040,TORRE SAN PATRIZIO,FM,2021-09-01 12:59:33
7233,416074019,TORRE SANTA SUSANNA,BR,2021-09-01 12:59:33
7234,406030122,TORREANO,UD,2021-09-01 12:59:33
7235,405024107,TORREBELVICINO,VI,2021-09-01 12:59:33
7236,413069093,TORREBRUNA,CH,2021-09-01 12:59:33
7237,415062076,TORRECUSO,BN,2021-09-01 12:59:33
7238,405028092,TORREGLIA,PD,2021-09-01 12:59:33
7239,419083098,TORREGROTTA,ME,2021-09-01 12:59:33
7240,416071056,TORREMAGGIORE,FG,2021-09-01 12:59:33
7241,419083108,TORRENOVA,ME,2021-09-01 12:59:33
7242,401004229,TORRESINA,CN,2021-09-01 12:59:33
7243,419082072,TORRETTA,PA,2021-09-01 12:59:33
7244,403018160,TORREVECCHIA PIA,PV,2021-09-01 12:59:33
7245,413069094,TORREVECCHIA TEATINA,CH,2021-09-01 12:59:33
7246,405023086,TORRI DEL BENACO,VR,2021-09-01 12:59:33
7247,405024108,TORRI DI QUARTESOLO,VI,2021-09-01 12:59:33
7248,412057070,TORRI IN SABINA,RI,2021-09-01 12:59:33
7249,412060079,TORRICE,FR,2021-09-01 12:59:33
7250,416073028,TORRICELLA,TA,2021-09-01 12:59:33
7251,403019108,TORRICELLA DEL PIZZO,CR,2021-09-01 12:59:33
7252,412057069,TORRICELLA IN SABINA,RI,2021-09-01 12:59:33
7253,413069095,TORRICELLA PELIGNA,CH,2021-09-01 12:59:33
7254,413067043,TORRICELLA SICURA,TE,2021-09-01 12:59:33
7255,403018161,TORRICELLA VERZATE,PV,2021-09-01 12:59:33
7256,407010062,TORRIGLIA,GE,2021-09-01 12:59:33
7257,408034041,TORRILE,PR,2021-09-01 12:59:33
7258,415064111,TORRIONI,AV,2021-09-01 12:59:33
7259,409052035,TORRITA DI SIENA,SI,2021-09-01 12:59:33
7260,412058106,TORRITA TIBERINA,RM,2021-09-01 12:59:33
7261,420091095,TORTOLI',NU,2021-09-01 12:59:33
7262,401006174,TORTONA,AL,2021-09-01 12:59:33
7263,418078149,TORTORA,CS,2021-09-01 12:59:33
7264,415065150,TORTORELLA,SA,2021-09-01 12:59:33
7265,413067044,TORTORETO,TE,2021-09-01 12:59:33
7266,419083099,TORTORICI,ME,2021-09-01 12:59:33
7267,406030123,TORVISCOSA,UD,2021-09-01 12:59:33
7268,403017187,TOSCOLANO MADERNO,BS,2021-09-01 12:59:33
7269,413067045,TOSSICIA,TE,2021-09-01 12:59:33
7270,403014068,TOVO DI SANT'AGATA,SO,2021-09-01 12:59:33
7271,407009062,TOVO SAN GIACOMO,SV,2021-09-01 12:59:33
7272,419082073,TRABIA,PA,2021-09-01 12:59:33
7273,403012127,TRADATE,VA,2021-09-01 12:59:33
7274,420095066,TRAMATZA,OR,2021-09-01 12:59:33
7275,404022203,TRAMBILENO,TN,2021-09-01 12:59:33
7276,415065151,TRAMONTI,SA,2021-09-01 12:59:33
7277,406093045,TRAMONTI DI SOPRA,PN,2021-09-01 12:59:33
7278,406093046,TRAMONTI DI SOTTO,PN,2021-09-01 12:59:33
7279,417076091,TRAMUTOLA,PZ,2021-09-01 12:59:33
7280,401001276,TRANA,TO,2021-09-01 12:59:33
7281,416110009,TRANI,BT,2021-09-01 12:59:33
7282,403014069,TRAONA,SO,2021-09-01 12:59:33
7283,419081021,TRAPANI,TP,2021-09-01 12:59:33
7284,419082074,TRAPPETO,PA,2021-09-01 12:59:33
7285,401103066,TRAREGO-VIGGIONA,VB,2021-09-01 12:59:33
7286,413066102,TRASACCO,AQ,2021-09-01 12:59:33
7287,406030124,TRASAGHIS,UD,2021-09-01 12:59:33
7288,401103067,TRASQUERA,VB,2021-09-01 12:59:33
7289,420092085,TRATALIAS,CA,2021-09-01 12:59:33
7290,401001277,TRAUSELLA,TO,2021-09-01 12:59:33
7291,403018162,TRAVACO' SICCOMARIO,PV,2021-09-01 12:59:33
7292,403017188,TRAVAGLIATO,BS,2021-09-01 12:59:33
7293,403012128,TRAVEDONA-MONATE,VA,2021-09-01 12:59:33
7294,401001278,TRAVERSELLA,TO,2021-09-01 12:59:33
7295,408034042,TRAVERSETOLO,PR,2021-09-01 12:59:33
7296,401001279,TRAVES,TO,2021-09-01 12:59:33
7297,406093047,TRAVESIO,PN,2021-09-01 12:59:33
7298,408033043,TRAVO,PC,2021-09-01 12:59:33
7299,404022247,TRE VILLE,TN,2021-09-01 12:59:33
7300,405028093,TREBASELEGHE,PD,2021-09-01 12:59:33
7301,418078150,TREBISACCE,CS,2021-09-01 12:59:33
7302,415063091,TRECASE,NA,2021-09-01 12:59:33
7303,419087050,TRECASTAGNI,CT,2021-09-01 12:59:33
7304,411042050,TRECASTELLI,AN,2021-09-01 12:59:33
7305,401003149,TRECATE,NO,2021-09-01 12:59:33
7306,417076092,TRECCHINA,PZ,2021-09-01 12:59:33
7307,405029047,TRECENTA,RO,2021-09-01 12:59:33
7308,408040049,TREDOZIO,FO,2021-09-01 12:59:33
7309,413069096,TREGLIO,CH,2021-09-01 12:59:33
7310,405023087,TREGNAGO,VR,2021-09-01 12:59:33
7311,411043054,TREIA,MC,2021-09-01 12:59:33
7312,401004230,TREISO,CN,2021-09-01 12:59:33
7313,403097081,TREMENICO,LC,2021-09-01 12:59:33
7314,419087051,TREMESTIERI ETNEO,CT,2021-09-01 12:59:33
7315,403013252,TREMEZZINA,CO,2021-09-01 12:59:33
7316,403017189,TREMOSINE,BS,2021-09-01 12:59:33
7317,415065152,TRENTINARA,SA,2021-09-01 12:59:33
7318,404022205,TRENTO,TN,2021-09-01 12:59:33
7319,415061094,TRENTOLA-DUCENTA,CE,2021-09-01 12:59:33
7320,403017190,TRENZANO,BS,2021-09-01 12:59:33
7321,406030125,TREPPO CARNICO,UD,2021-09-01 12:59:33
7322,406030126,TREPPO GRANDE,UD,2021-09-01 12:59:33
7323,416075087,TREPUZZI,LE,2021-09-01 12:59:33
7324,409052036,TREQUANDA,SI,2021-09-01 12:59:33
7325,409045015,TRESANA,MS,2021-09-01 12:59:33
7326,403016218,TRESCORE BALNEARIO,BG,2021-09-01 12:59:33
7327,403019109,TRESCORE CREMASCO,CR,2021-09-01 12:59:33
7328,408038024,TRESIGALLO,FE,2021-09-01 12:59:33
7329,403014070,TRESIVIO,SO,2021-09-01 12:59:33
7330,420095067,TRESNURAGHES,OR,2021-09-01 12:59:33
7331,405023088,TREVENZUOLO,VR,2021-09-01 12:59:33
7332,410054054,TREVI,PG,2021-09-01 12:59:33
7333,412060080,TREVI NEL LAZIO,FR,2021-09-01 12:59:33
7334,415064112,TREVICO,AV,2021-09-01 12:59:33
7335,403016219,TREVIGLIO,BG,2021-09-01 12:59:34
7336,405026085,TREVIGNANO,TV,2021-09-01 12:59:34
7337,412058107,TREVIGNANO ROMANO,RM,2021-09-01 12:59:34
7338,401006175,TREVILLE,AL,2021-09-01 12:59:34
7339,403016220,TREVIOLO,BG,2021-09-01 12:59:34
7340,405026086,TREVISO,TV,2021-09-01 12:59:34
7341,403017191,TREVISO BRESCIANO,BS,2021-09-01 12:59:34
7342,403015219,TREZZANO ROSA,MI,2021-09-01 12:59:34
7343,403015220,TREZZANO SUL NAVIGLIO,MI,2021-09-01 12:59:34
7344,403015221,TREZZO SULL'ADDA,MI,2021-09-01 12:59:34
7345,401004231,TREZZO TINELLA,CN,2021-09-01 12:59:34
7346,403013226,TREZZONE,CO,2021-09-01 12:59:34
7347,405028094,TRIBANO,PD,2021-09-01 12:59:34
7348,403015222,TRIBIANO,MI,2021-09-01 12:59:34
7349,407010063,TRIBOGNA,GE,2021-09-01 12:59:34
7350,417077028,TRICARICO,MT,2021-09-01 12:59:34
7351,416075088,TRICASE,LE,2021-09-01 12:59:34
7352,401002147,TRICERRO,VC,2021-09-01 12:59:34
7353,406030127,TRICESIMO,UD,2021-09-01 12:59:34
7354,405025061,TRICHIANA,BL,2021-09-01 12:59:34
7355,420091097,TRIEI,NU,2021-09-01 12:59:34
7356,406032006,TRIESTE,TS,2021-09-01 12:59:34
7357,416072046,TRIGGIANO,BA,2021-09-01 12:59:34
7358,403019110,TRIGOLO,CR,2021-09-01 12:59:34
7359,401004232,TRINITA',CN,2021-09-01 12:59:34
7360,420090074,TRINITA' D'AGULTU E VIGNOLA,SS,2021-09-01 12:59:34
7361,416110010,TRINITAPOLI,BT,2021-09-01 12:59:34
7362,401002148,TRINO,VC,2021-09-01 12:59:34
7363,407008061,TRIORA,IM,2021-09-01 12:59:34
7364,419083100,TRIPI,ME,2021-09-01 12:59:34
7365,401006176,TRISOBBIO,AL,2021-09-01 12:59:34
7366,405024110,TRISSINO,VI,2021-09-01 12:59:34
7367,403108043,TRIUGGIO,MB,2021-09-01 12:59:34
7368,414070081,TRIVENTO,CB,2021-09-01 12:59:34
7369,401096070,TRIVERO,BI,2021-09-01 12:59:34
7370,412060081,TRIVIGLIANO,FR,2021-09-01 12:59:34
7371,406030128,TRIVIGNANO UDINESE,UD,2021-09-01 12:59:34
7372,417076093,TRIVIGNO,PZ,2021-09-01 12:59:34
7373,403018163,TRIVOLZIO,PV,2021-09-01 12:59:34
7374,404021102,TRODENA,BZ,2021-09-01 12:59:34
7375,401001280,TROFARELLO,TO,2021-09-01 12:59:34
7376,416071058,TROIA,FG,2021-09-01 12:59:34
7377,419086018,TROINA,EN,2021-09-01 12:59:34
7378,403018164,TROMELLO,PV,2021-09-01 12:59:34
7379,401103068,TRONTANO,VB,2021-09-01 12:59:34
7380,403012129,TRONZANO LAGO MAGGIORE,VA,2021-09-01 12:59:34
7381,401002150,TRONZANO VERCELLESE,VC,2021-09-01 12:59:34
7382,418102044,TROPEA,VV,2021-09-01 12:59:34
7383,403018165,TROVO,PV,2021-09-01 12:59:34
7384,403015224,TRUCCAZZANO,MI,2021-09-01 12:59:34
7385,404021103,TUBRE,BZ,2021-09-01 12:59:34
7386,414070082,TUFARA,CB,2021-09-01 12:59:34
7387,413069097,TUFILLO,CH,2021-09-01 12:59:34
7388,415063085,TUFINO,NA,2021-09-01 12:59:34
7389,415064113,TUFO,AV,2021-09-01 12:59:34
7390,416075089,TUGLIE,LE,2021-09-01 12:59:34
7391,420092086,TUILI,CA,2021-09-01 12:59:34
7392,420090075,TULA,SS,2021-09-01 12:59:34
7393,410054055,TUORO SUL TRASIMENO,PG,2021-09-01 12:59:34
7394,412057071,TURANIA,RI,2021-09-01 12:59:34
7395,403098058,TURANO LODIGIANO,LO,2021-09-01 12:59:34
7396,403013227,TURATE,CO,2021-09-01 12:59:34
7397,403015226,TURBIGO,MI,2021-09-01 12:59:34
7398,416072047,TURI,BA,2021-09-01 12:59:34
7399,420092087,TURRI,CA,2021-09-01 12:59:34
7400,406031024,TURRIACO,GO,2021-09-01 12:59:34
7401,413068044,TURRIVALIGNANI,PE,2021-09-01 12:59:34
7402,417077029,TURSI,MT,2021-09-01 12:59:34
7403,419083101,TUSA,ME,2021-09-01 12:59:34
7404,412056052,TUSCANIA,VT,2021-09-01 12:59:34
7405,403016221,UBIALE CLANEZZO,BG,2021-09-01 12:59:34
7406,403012130,UBOLDO,VA,2021-09-01 12:59:34
7407,419083102,UCRIA,ME,2021-09-01 12:59:34
7408,406030129,UDINE,UD,2021-09-01 12:59:34
7409,416075090,UGENTO,LE,2021-09-01 12:59:34
7410,416075091,UGGIANO LA CHIESA,LE,2021-09-01 12:59:34
7411,403013228,UGGIATE-TREVANO,CO,2021-09-01 12:59:34
7412,420095068,ULA' TIRSO,OR,2021-09-01 12:59:34
7413,420091098,ULASSAI,NU,2021-09-01 12:59:34
7414,404021104,ULTIMO,BZ,2021-09-01 12:59:34
7415,410054056,UMBERTIDE,PG,2021-09-01 12:59:34
7416,418101026,UMBRIATICO,KR,2021-09-01 12:59:34
7417,403017192,URAGO D'OGLIO,BS,2021-09-01 12:59:34
7418,420095069,URAS,OR,2021-09-01 12:59:34
7419,405028095,URBANA,PD,2021-09-01 12:59:34
7420,411041066,URBANIA,PS,2021-09-01 12:59:34
7421,407009063,URBE,SV,2021-09-01 12:59:34
7422,411041067,URBINO,PS,2021-09-01 12:59:34
7423,411043055,URBISAGLIA,MC,2021-09-01 12:59:34
7424,403016222,URGNANO,BG,2021-09-01 12:59:34
7425,420090076,URI,SS,2021-09-01 12:59:34
7426,414070083,URURI,CB,2021-09-01 12:59:34
7427,420091099,URZULEI,NU,2021-09-01 12:59:34
7428,407010064,USCIO,GE,2021-09-01 12:59:34
7429,420095070,USELLUS,OR,2021-09-01 12:59:34
7430,420090077,USINI,SS,2021-09-01 12:59:34
7431,403108044,USMATE VELATE,MB,2021-09-01 12:59:34
7432,420092088,USSANA,CA,2021-09-01 12:59:34
7433,420092089,USSARAMANNA,CA,2021-09-01 12:59:34
7434,420091100,USSASSAI,NU,2021-09-01 12:59:34
7435,401001281,USSEAUX,TO,2021-09-01 12:59:34
7436,401001282,USSEGLIO,TO,2021-09-01 12:59:34
7437,411043056,USSITA,MC,2021-09-01 12:59:34
7438,419082075,USTICA,PA,2021-09-01 12:59:34
7439,420092090,UTA,CA,2021-09-01 12:59:34
7440,409047021,UZZANO,PT,2021-09-01 12:59:34
7441,418078152,VACCARIZZO ALBANESE,CS,2021-09-01 12:59:34
7442,412057072,VACONE,RI,2021-09-01 12:59:34
7443,413069098,VACRI,CH,2021-09-01 12:59:34
7444,404021105,VADENA,BZ,2021-09-01 12:59:34
7445,407009064,VADO LIGURE,SV,2021-09-01 12:59:34
7446,409046031,VAGLI SOTTO,LU,2021-09-01 12:59:34
7447,409048046,VAGLIA,FI,2021-09-01 12:59:34
7448,417076094,VAGLIO BASILICATA,PZ,2021-09-01 12:59:34
7449,401005111,VAGLIO SERRA,AT,2021-09-01 12:59:34
7450,409100006,VAIANO,PO,2021-09-01 12:59:34
7451,403019111,VAIANO CREMASCO,CR,2021-09-01 12:59:34
7452,401001283,VAIE,TO,2021-09-01 12:59:34
7453,403019112,VAILATE,CR,2021-09-01 12:59:35
7454,415061095,VAIRANO PATENORA,CE,2021-09-01 12:59:35
7455,406093052,VAJONT,PN,2021-09-01 12:59:35
7456,403016253,VAL BREMBILLA,BG,2021-09-01 12:59:35
7457,401001284,VAL DELLA TORRE,TO,2021-09-01 12:59:35
7458,403018166,VAL DI NIZZA,PV,2021-09-01 12:59:35
7459,404021107,VAL DI VIZZE,BZ,2021-09-01 12:59:35
7460,405025073,VAL DI ZOLDO,BL,2021-09-01 12:59:35
7461,405024123,VAL LIONA,VI,2021-09-01 12:59:35
7462,403014074,VAL MASINO,SO,2021-09-01 12:59:35
7463,403013233,VAL REZZO,CO,2021-09-01 12:59:35
7464,403016223,VALBONDIONE,BG,2021-09-01 12:59:35
7465,403016224,VALBREMBO,BG,2021-09-01 12:59:35
7466,407010065,VALBREVENNA,GE,2021-09-01 12:59:35
7467,403013229,VALBRONA,CO,2021-09-01 12:59:35
7468,405024111,VALDAGNO,VI,2021-09-01 12:59:35
7469,404022232,VALDAONE,TN,2021-09-01 12:59:35
7470,404021106,VALDAORA,BZ,2021-09-01 12:59:35
7471,405024112,VALDASTICO,VI,2021-09-01 12:59:35
7472,401096071,VALDENGO,BI,2021-09-01 12:59:35
7473,419081022,VALDERICE,TP,2021-09-01 12:59:35
7474,403014071,VALDIDENTRO,SO,2021-09-01 12:59:35
7475,401004233,VALDIERI,CN,2021-09-01 12:59:35
7476,419083103,VALDINA,ME,2021-09-01 12:59:35
7477,403014072,VALDISOTTO,SO,2021-09-01 12:59:35
7478,405026087,VALDOBBIADENE,TV,2021-09-01 12:59:35
7479,401002152,VALDUGGIA,VC,2021-09-01 12:59:35
7480,403018167,VALEGGIO,PV,2021-09-01 12:59:35
7481,405023089,VALEGGIO SUL MINCIO,VR,2021-09-01 12:59:35
7482,412056053,VALENTANO,VT,2021-09-01 12:59:35
7483,401006177,VALENZA,AL,2021-09-01 12:59:35
7484,416072048,VALENZANO,BA,2021-09-01 12:59:35
7485,403098059,VALERA FRATTA,LO,2021-09-01 12:59:35
7486,410054057,VALFABBRICA,PG,2021-09-01 12:59:35
7487,401005112,VALFENERA,AT,2021-09-01 12:59:35
7488,404022209,VALFLORIANA,TN,2021-09-01 12:59:35
7489,411043058,VALFORNACE,MC,2021-09-01 12:59:35
7490,403014073,VALFURVA,SO,2021-09-01 12:59:35
7491,403012131,VALGANNA,VA,2021-09-01 12:59:35
7492,401001285,VALGIOIE,TO,2021-09-01 12:59:35
7493,403016225,VALGOGLIO,BG,2021-09-01 12:59:35
7494,401004234,VALGRANA,CN,2021-09-01 12:59:35
7495,403097082,VALGREGHENTINO,LC,2021-09-01 12:59:35
7496,402007068,VALGRISENCHE,AO,2021-09-01 12:59:35
7497,419086019,VALGUARNERA CAROPEPE,EN,2021-09-01 12:59:35
7498,405025062,VALLADA AGORDINA,BL,2021-09-01 12:59:35
7499,401096072,VALLANZENGO,BI,2021-09-01 12:59:35
7500,404022210,VALLARSA,TN,2021-09-01 12:59:35
7501,415064114,VALLATA,AV,2021-09-01 12:59:35
7502,415061096,VALLE AGRICOLA,CE,2021-09-01 12:59:35
7503,404021108,VALLE AURINA,BZ,2021-09-01 12:59:35
7504,413067046,VALLE CASTELLANA,TE,2021-09-01 12:59:35
7505,415065153,VALLE DELL'ANGELO,SA,2021-09-01 12:59:35
7506,405025063,VALLE DI CADORE,BL,2021-09-01 12:59:35
7507,404021109,VALLE DI CASIES,BZ,2021-09-01 12:59:35
7508,415061097,VALLE DI MADDALONI,CE,2021-09-01 12:59:35
7509,403018168,VALLE LOMELLINA,PV,2021-09-01 12:59:35
7510,401096073,VALLE MOSSO,BI,2021-09-01 12:59:35
7511,403018169,VALLE SALIMBENE,PV,2021-09-01 12:59:35
7512,401096074,VALLE SAN NICOLAO,BI,2021-09-01 12:59:35
7513,407008062,VALLEBONA,IM,2021-09-01 12:59:35
7514,412060082,VALLECORSA,FR,2021-09-01 12:59:35
7515,407008063,VALLECROSIA,IM,2021-09-01 12:59:35
7516,419082076,VALLEDOLMO,PA,2021-09-01 12:59:35
7517,420090079,VALLEDORIA,SS,2021-09-01 12:59:35
7518,418079151,VALLEFIORITA,CZ,2021-09-01 12:59:35
7519,411041068,VALLEFOGLIA,PS,2021-09-01 12:59:35
7520,404022248,VALLELAGHI,TN,2021-09-01 12:59:35
7521,418102045,VALLELONGA,VV,2021-09-01 12:59:35
7522,419085021,VALLELUNGA PRATAMENO,CL,2021-09-01 12:59:35
7523,412060083,VALLEMAIO,FR,2021-09-01 12:59:35
7524,412058108,VALLEPIETRA,RM,2021-09-01 12:59:35
7525,412056054,VALLERANO,VT,2021-09-01 12:59:35
7526,420092091,VALLERMOSA,CA,2021-09-01 12:59:35
7527,412060084,VALLEROTONDA,FR,2021-09-01 12:59:35
7528,415064115,VALLESACCARDA,AV,2021-09-01 12:59:35
7529,403016226,VALLEVE,BG,2021-09-01 12:59:35
7530,405024113,VALLI DEL PASUBIO,VI,2021-09-01 12:59:35
7531,412058109,VALLINFREDA,RM,2021-09-01 12:59:35
7532,403017999,VALLIO TERME,BS,2021-09-01 12:59:35
7533,415065154,VALLO DELLA LUCANIA,SA,2021-09-01 12:59:35
7534,410054058,VALLO DI NERA,PG,2021-09-01 12:59:35
7535,401001286,VALLO TORINESE,TO,2021-09-01 12:59:35
7536,401004235,VALLORIATE,CN,2021-09-01 12:59:35
7537,401006178,VALMACCA,AL,2021-09-01 12:59:35
7538,403097083,VALMADRERA,LC,2021-09-01 12:59:35
7539,401004236,VALMALA,CN,2021-09-01 12:59:35
7540,412058110,VALMONTONE,RM,2021-09-01 12:59:35
7541,403013232,VALMOREA,CO,2021-09-01 12:59:35
7542,408034044,VALMOZZOLA,PR,2021-09-01 12:59:35
7543,403016227,VALNEGRA,BG,2021-09-01 12:59:35
7544,402007069,VALPELLINE,AO,2021-09-01 12:59:35
7545,401001287,VALPERGA,TO,2021-09-01 12:59:35
7546,401001288,VALPRATO SOANA,TO,2021-09-01 12:59:35
7547,408037061,VALSAMOGGIA,BO,2021-09-01 12:59:35
7548,402007070,VALSAVARENCHE,AO,2021-09-01 12:59:35
7549,417077030,VALSINNI,MT,2021-09-01 12:59:35
7550,403013234,VALSOLDA,CO,2021-09-01 12:59:35
7551,405024114,VALSTAGNA,VI,2021-09-01 12:59:35
7552,401103069,VALSTRONA,VB,2021-09-01 12:59:35
7553,410054059,VALTOPINA,PG,2021-09-01 12:59:35
7554,403016229,VALTORTA,BG,2021-09-01 12:59:35
7555,402007071,VALTOURNENCHE,AO,2021-09-01 12:59:35
7556,415065155,VALVA,SA,2021-09-01 12:59:35
7557,406093053,VALVASONE ARZENE,PN,2021-09-01 12:59:35
7558,403018170,VALVERDE,PV,2021-09-01 12:59:35
7559,419087052,VALVERDE,CT,2021-09-01 12:59:35
7560,403017194,VALVESTINO,BS,2021-09-01 12:59:35
7561,404021110,VANDOIES,BZ,2021-09-01 12:59:35
7562,403015249,VANZAGHELLO,MI,2021-09-01 12:59:35
7563,403015229,VANZAGO,MI,2021-09-01 12:59:35
7564,401103070,VANZONE CON SAN CARLO,VB,2021-09-01 12:59:35
7565,403015230,VAPRIO D'ADDA,MI,2021-09-01 12:59:35
7566,401003153,VAPRIO D'AGOGNA,NO,2021-09-01 12:59:35
7567,401002156,VARALLO,VC,2021-09-01 12:59:35
7568,401003154,VARALLO POMBIA,NO,2021-09-01 12:59:35
7569,403012132,VARANO BORGHI,VA,2021-09-01 12:59:35
7570,408034045,VARANO DE' MELEGARI,PR,2021-09-01 12:59:35
7571,418080095,VARAPODIO,RC,2021-09-01 12:59:35
7572,407009065,VARAZZE,SV,2021-09-01 12:59:35
7573,412057073,VARCO SABINO,RI,2021-09-01 12:59:36
7574,403108045,VAREDO,MB,2021-09-01 12:59:36
7575,404022211,VARENA,TN,2021-09-01 12:59:36
7576,403097084,VARENNA,LC,2021-09-01 12:59:36
7577,403012133,VARESE,VA,2021-09-01 12:59:36
7578,407011029,VARESE LIGURE,SP,2021-09-01 12:59:36
7579,401001289,VARISELLA,TO,2021-09-01 12:59:36
7580,406030130,VARMO,UD,2021-09-01 12:59:36
7581,404021111,VARNA,BZ,2021-09-01 12:59:36
7582,408034046,VARSI,PR,2021-09-01 12:59:36
7583,403018171,VARZI,PV,2021-09-01 12:59:36
7584,401103071,VARZO,VB,2021-09-01 12:59:36
7585,412056055,VASANELLO,VT,2021-09-01 12:59:36
7586,407008064,VASIA,IM,2021-09-01 12:59:36
7587,413069099,VASTO,CH,2021-09-01 12:59:36
7588,414094051,VASTOGIRARDI,IS,2021-09-01 12:59:36
7589,401001290,VAUDA CANAVESE,TO,2021-09-01 12:59:36
7590,418102046,VAZZANO,VV,2021-09-01 12:59:36
7591,405026088,VAZZOLA,TV,2021-09-01 12:59:36
7592,409050037,VECCHIANO,PI,2021-09-01 12:59:36
7593,403108046,VEDANO AL LAMBRO,MB,2021-09-01 12:59:36
7594,403012134,VEDANO OLONA,VA,2021-09-01 12:59:36
7595,405026089,VEDELAGO,TV,2021-09-01 12:59:36
7596,403016230,VEDESETA,BG,2021-09-01 12:59:36
7597,403108047,VEDUGGIO CON COLZANO,MB,2021-09-01 12:59:36
7598,405028096,VEGGIANO,PD,2021-09-01 12:59:36
7599,416075092,VEGLIE,LE,2021-09-01 12:59:36
7600,401096075,VEGLIO,BI,2021-09-01 12:59:36
7601,412056056,VEJANO,VT,2021-09-01 12:59:36
7602,403013236,VELESO,CO,2021-09-01 12:59:36
7603,403018172,VELEZZO LOMELLINA,PV,2021-09-01 12:59:36
7604,412058111,VELLETRI,RM,2021-09-01 12:59:36
7605,403018173,VELLEZZO BELLINI,PV,2021-09-01 12:59:36
7606,405024115,VELO D'ASTICO,VI,2021-09-01 12:59:36
7607,405023090,VELO VERONESE,VR,2021-09-01 12:59:36
7608,404021116,VELTURNO,BZ,2021-09-01 12:59:36
7609,414094052,VENAFRO,IS,2021-09-01 12:59:36
7610,401001292,VENARIA REALE,TO,2021-09-01 12:59:36
7611,411044073,VENAROTTA,AP,2021-09-01 12:59:36
7612,401004237,VENASCA,CN,2021-09-01 12:59:36
7613,401001291,VENAUS,TO,2021-09-01 12:59:36
7614,407009066,VENDONE,SV,2021-09-01 12:59:36
7615,403097085,VENDROGNO,LC,2021-09-01 12:59:36
7616,403012136,VENEGONO INFERIORE,VA,2021-09-01 12:59:36
7617,403012137,VENEGONO SUPERIORE,VA,2021-09-01 12:59:36
7618,419083104,VENETICO,ME,2021-09-01 12:59:36
7619,405027042,VENEZIA,VE,2021-09-01 12:59:36
7620,403013238,VENIANO,CO,2021-09-01 12:59:36
7621,417076095,VENOSA,PZ,2021-09-01 12:59:36
7622,408035046,VENTASSO,RE,2021-09-01 12:59:36
7623,415064116,VENTICANO,AV,2021-09-01 12:59:36
7624,407008065,VENTIMIGLIA,IM,2021-09-01 12:59:36
7625,419082077,VENTIMIGLIA DI SICILIA,PA,2021-09-01 12:59:36
7626,412059033,VENTOTENE,LT,2021-09-01 12:59:36
7627,406030131,VENZONE,UD,2021-09-01 12:59:36
7628,404021112,VERANO,BZ,2021-09-01 12:59:36
7629,403108048,VERANO BRIANZA,MB,2021-09-01 12:59:36
7630,401103072,VERBANIA,VB,2021-09-01 12:59:36
7631,418078153,VERBICARO,CS,2021-09-01 12:59:36
7632,403013239,VERCANA,CO,2021-09-01 12:59:36
7633,403014075,VERCEIA,SO,2021-09-01 12:59:36
7634,401002158,VERCELLI,VC,2021-09-01 12:59:36
7635,403097086,VERCURAGO,LC,2021-09-01 12:59:36
7636,403016232,VERDELLINO,BG,2021-09-01 12:59:36
7637,403016233,VERDELLO,BG,2021-09-01 12:59:36
7638,403097091,VERDERIO,LC,2021-09-01 12:59:36
7639,401004238,VERDUNO,CN,2021-09-01 12:59:36
7640,408037059,VERGATO,BO,2021-09-01 12:59:36
7641,408040050,VERGHERETO,FO,2021-09-01 12:59:36
7642,403012138,VERGIATE,VA,2021-09-01 12:59:36
7643,403015235,VERMEZZO,MI,2021-09-01 12:59:36
7644,404022213,VERMIGLIO,TN,2021-09-01 12:59:36
7645,401004239,VERNANTE,CN,2021-09-01 12:59:36
7646,408033044,VERNASCA,PC,2021-09-01 12:59:36
7647,403015236,VERNATE,MI,2021-09-01 12:59:36
7648,407011030,VERNAZZA,SP,2021-09-01 12:59:36
7649,409100007,VERNIO,PO,2021-09-01 12:59:36
7650,416075093,VERNOLE,LE,2021-09-01 12:59:36
7651,403017195,VEROLANUOVA,BS,2021-09-01 12:59:36
7652,403017196,VEROLAVECCHIA,BS,2021-09-01 12:59:36
7653,401001293,VEROLENGO,TO,2021-09-01 12:59:36
7654,412060085,VEROLI,FR,2021-09-01 12:59:36
7655,405023091,VERONA,VR,2021-09-01 12:59:36
7656,405023092,VERONELLA,VR,2021-09-01 12:59:36
7657,402007072,VERRAYES,AO,2021-09-01 12:59:36
7658,402007073,VERRES,AO,2021-09-01 12:59:36
7659,403018174,VERRETTO,PV,2021-09-01 12:59:36
7660,401096076,VERRONE,BI,2021-09-01 12:59:36
7661,403018175,VERRUA PO,PV,2021-09-01 12:59:36
7662,401001294,VERRUA SAVOIA,TO,2021-09-01 12:59:36
7663,403013242,VERTEMATE CON MINOPRIO,CO,2021-09-01 12:59:36
7664,403016234,VERTOVA,BG,2021-09-01 12:59:36
7665,408099020,VERUCCHIO,RN,2021-09-01 12:59:36
7666,401003157,VERUNO,NO,2021-09-01 12:59:36
7667,403014076,VERVIO,SO,2021-09-01 12:59:36
7668,406030132,VERZEGNIS,UD,2021-09-01 12:59:36
7669,418101027,VERZINO,KR,2021-09-01 12:59:36
7670,401004240,VERZUOLO,CN,2021-09-01 12:59:36
7671,405028097,VESCOVANA,PD,2021-09-01 12:59:36
7672,403019113,VESCOVATO,CR,2021-09-01 12:59:36
7673,401005113,VESIME,AT,2021-09-01 12:59:36
7674,401003158,VESPOLATE,NO,2021-09-01 12:59:36
7675,407008066,VESSALICO,IM,2021-09-01 12:59:36
7676,405023093,VESTENANOVA,VR,2021-09-01 12:59:36
7677,401001295,VESTIGNE',TO,2021-09-01 12:59:36
7678,403017197,VESTONE,BS,2021-09-01 12:59:36
7679,403097089,VESTRENO,LC,2021-09-01 12:59:36
7680,412056057,VETRALLA,VT,2021-09-01 12:59:36
7681,408035042,VETTO,RE,2021-09-01 12:59:36
7682,401004241,VEZZA D'ALBA,CN,2021-09-01 12:59:36
7683,403017198,VEZZA D'OGLIO,BS,2021-09-01 12:59:36
7684,407011031,VEZZANO LIGURE,SP,2021-09-01 12:59:36
7685,408035043,VEZZANO SUL CROSTOLO,RE,2021-09-01 12:59:36
7686,407009067,VEZZI PORTIO,SV,2021-09-01 12:59:36
7687,403020066,VIADANA,MN,2021-09-01 12:59:36
7688,403016235,VIADANICA,BG,2021-09-01 12:59:36
7689,419087053,VIAGRANDE,CT,2021-09-01 12:59:36
7690,401005114,VIALE D'ASTI,AT,2021-09-01 12:59:37
7691,401001296,VIALFRE',TO,2021-09-01 12:59:37
7692,408035044,VIANO,RE,2021-09-01 12:59:37
7693,409046033,VIAREGGIO,LU,2021-09-01 12:59:37
7694,401005115,VIARIGI,AT,2021-09-01 12:59:37
7695,418102047,VIBO VALENTIA,VV,2021-09-01 12:59:37
7696,415065156,VIBONATI,SA,2021-09-01 12:59:37
7697,412060086,VICALVI,FR,2021-09-01 12:59:37
7698,419082078,VICARI,PA,2021-09-01 12:59:37
7699,409048049,VICCHIO,FI,2021-09-01 12:59:37
7700,405024116,VICENZA,VI,2021-09-01 12:59:37
7701,401001297,VICO CANAVESE,TO,2021-09-01 12:59:37
7702,416071059,VICO DEL GARGANO,FG,2021-09-01 12:59:37
7703,415063086,VICO EQUENSE,NA,2021-09-01 12:59:37
7704,412060087,VICO NEL LAZIO,FR,2021-09-01 12:59:37
7705,401004242,VICOFORTE,CN,2021-09-01 12:59:37
7706,413068045,VICOLI,PE,2021-09-01 12:59:37
7707,401003159,VICOLUNGO,NO,2021-09-01 12:59:37
7708,409050038,VICOPISANO,PI,2021-09-01 12:59:37
7709,412058112,VICOVARO,RM,2021-09-01 12:59:37
7710,420090082,VIDDALBA,SS,2021-09-01 12:59:37
7711,403018176,VIDIGULFO,PV,2021-09-01 12:59:37
7712,405026090,VIDOR,TV,2021-09-01 12:59:37
7713,401001298,VIDRACCO,TO,2021-09-01 12:59:37
7714,416071060,VIESTE,FG,2021-09-01 12:59:37
7715,417076096,VIETRI DI POTENZA,PZ,2021-09-01 12:59:37
7716,415065157,VIETRI SUL MARE,SA,2021-09-01 12:59:37
7717,403016236,VIGANO SAN MARTINO,BG,2021-09-01 12:59:37
7718,403097090,VIGANO',LC,2021-09-01 12:59:37
7719,408038022,VIGARANO MAINARDA,FE,2021-09-01 12:59:37
7720,405023094,VIGASIO,VR,2021-09-01 12:59:37
7721,403018177,VIGEVANO,PV,2021-09-01 12:59:37
7722,417076097,VIGGIANELLO,PZ,2021-09-01 12:59:37
7723,417076098,VIGGIANO,PZ,2021-09-01 12:59:37
7724,403012139,VIGGIU',VA,2021-09-01 12:59:37
7725,405028098,VIGHIZZOLO D'ESTE,PD,2021-09-01 12:59:37
7726,401096077,VIGLIANO BIELLESE,BI,2021-09-01 12:59:37
7727,401005116,VIGLIANO D'ASTI,AT,2021-09-01 12:59:37
7728,401006179,VIGNALE MONFERRATO,AL,2021-09-01 12:59:37
7729,412056058,VIGNANELLO,VT,2021-09-01 12:59:37
7730,403015237,VIGNATE,MI,2021-09-01 12:59:37
7731,408036046,VIGNOLA,MO,2021-09-01 12:59:37
7732,404022216,VIGNOLA-FALESINA,TN,2021-09-01 12:59:37
7733,401006180,VIGNOLE BORBERA,AL,2021-09-01 12:59:37
7734,401004243,VIGNOLO,CN,2021-09-01 12:59:37
7735,401103074,VIGNONE,VB,2021-09-01 12:59:37
7736,405025065,VIGO DI CADORE,BL,2021-09-01 12:59:37
7737,404022217,VIGO DI FASSA,TN,2021-09-01 12:59:37
7738,405028099,VIGODARZERE,PD,2021-09-01 12:59:37
7739,403016237,VIGOLO,BG,2021-09-01 12:59:37
7740,408033045,VIGOLZONE,PC,2021-09-01 12:59:37
7741,401001299,VIGONE,TO,2021-09-01 12:59:37
7742,405027043,VIGONOVO,VE,2021-09-01 12:59:37
7743,405028100,VIGONZA,PD,2021-09-01 12:59:37
7744,401006181,VIGUZZOLO,AL,2021-09-01 12:59:37
7745,405023095,VILLA BARTOLOMEA,VR,2021-09-01 12:59:37
7746,409046034,VILLA BASILICA,LU,2021-09-01 12:59:37
7747,403018178,VILLA BISCOSSI,PV,2021-09-01 12:59:37
7748,403017199,VILLA CARCINA,BS,2021-09-01 12:59:37
7749,416074020,VILLA CASTELLI,BR,2021-09-01 12:59:37
7750,413068046,VILLA CELIERA,PE,2021-09-01 12:59:37
7751,409046035,VILLA COLLEMANDINA,LU,2021-09-01 12:59:37
7752,403015248,VILLA CORTESE,MI,2021-09-01 12:59:37
7753,403016238,VILLA D'ADDA,BG,2021-09-01 12:59:37
7754,403016239,VILLA D'ALME',BG,2021-09-01 12:59:37
7755,403016241,VILLA D'OGNA,BG,2021-09-01 12:59:37
7756,401096078,VILLA DEL BOSCO,BI,2021-09-01 12:59:37
7757,405028101,VILLA DEL CONTE,PD,2021-09-01 12:59:37
7758,415061098,VILLA DI BRIANO,CE,2021-09-01 12:59:37
7759,403014077,VILLA DI CHIAVENNA,SO,2021-09-01 12:59:37
7760,403016240,VILLA DI SERIO,BG,2021-09-01 12:59:37
7761,403014078,VILLA DI TIRANO,SO,2021-09-01 12:59:37
7762,405028102,VILLA ESTENSE,PD,2021-09-01 12:59:37
7763,407008067,VILLA FARALDI,IM,2021-09-01 12:59:37
7764,403013245,VILLA GUARDIA,CO,2021-09-01 12:59:37
7765,404022222,VILLA LAGARINA,TN,2021-09-01 12:59:37
7766,412060088,VILLA LATINA,FR,2021-09-01 12:59:37
7767,415061099,VILLA LITERNO,CE,2021-09-01 12:59:37
7768,408035045,VILLA MINOZZO,RE,2021-09-01 12:59:37
7769,403020067,VILLA POMA,MN,2021-09-01 12:59:37
7770,418080096,VILLA SAN GIOVANNI,RC,2021-09-01 12:59:37
7771,412056046,VILLA SAN GIOVANNI IN TUSCIA,VT,2021-09-01 12:59:37
7772,420092099,VILLA SAN PIETRO,CA,2021-09-01 12:59:37
7773,401005119,VILLA SAN SECONDO,AT,2021-09-01 12:59:37
7774,413066105,VILLA SANT'ANGELO,AQ,2021-09-01 12:59:37
7775,420095048,VILLA SANT'ANTONIO,OR,2021-09-01 12:59:37
7776,412060089,VILLA SANTA LUCIA,FR,2021-09-01 12:59:37
7777,413066104,VILLA SANTA LUCIA DEGLI ABRUZZI,AQ,2021-09-01 12:59:37
7778,413069102,VILLA SANTA MARIA,CH,2021-09-01 12:59:37
7779,406030133,VILLA SANTINA,UD,2021-09-01 12:59:37
7780,412060090,VILLA SANTO STEFANO,FR,2021-09-01 12:59:37
7781,420095073,VILLA VERDE,OR,2021-09-01 12:59:37
7782,406030134,VILLA VICENTINA,UD,2021-09-01 12:59:37
7783,404021113,VILLABASSA,BZ,2021-09-01 12:59:37
7784,419082079,VILLABATE,PA,2021-09-01 12:59:37
7785,403017200,VILLACHIARA,BS,2021-09-01 12:59:37
7786,420092092,VILLACIDRO,CA,2021-09-01 12:59:37
7787,401006182,VILLADEATI,AL,2021-09-01 12:59:37
7788,405029048,VILLADOSE,RO,2021-09-01 12:59:37
7789,401103075,VILLADOSSOLA,VB,2021-09-01 12:59:37
7790,401004244,VILLAFALLETTO,CN,2021-09-01 12:59:37
7791,401005117,VILLAFRANCA D'ASTI,AT,2021-09-01 12:59:37
7792,405023096,VILLAFRANCA DI VERONA,VR,2021-09-01 12:59:37
7793,409045016,VILLAFRANCA IN LUNIGIANA,MS,2021-09-01 12:59:37
7794,405028103,VILLAFRANCA PADOVANA,PD,2021-09-01 12:59:37
7795,401001300,VILLAFRANCA PIEMONTE,TO,2021-09-01 12:59:37
7796,419084043,VILLAFRANCA SICULA,AG,2021-09-01 12:59:37
7797,419083105,VILLAFRANCA TIRRENA,ME,2021-09-01 12:59:37
7798,419082080,VILLAFRATI,PA,2021-09-01 12:59:37
7799,405024117,VILLAGA,VI,2021-09-01 12:59:37
7800,420091101,VILLAGRANDE STRISAILI,NU,2021-09-01 12:59:37
7801,413066103,VILLALAGO,AQ,2021-09-01 12:59:37
7802,419085022,VILLALBA,CL,2021-09-01 12:59:37
7803,413069100,VILLALFONSINA,CH,2021-09-01 12:59:37
7804,401006183,VILLALVERNIA,AL,2021-09-01 12:59:37
7805,413069101,VILLAMAGNA,CH,2021-09-01 12:59:37
7806,415064117,VILLAMAINA,AV,2021-09-01 12:59:37
7807,420092093,VILLAMAR,CA,2021-09-01 12:59:37
7808,405029049,VILLAMARZANA,RO,2021-09-01 12:59:37
7809,420092094,VILLAMASSARGIA,CA,2021-09-01 12:59:38
7810,401006184,VILLAMIROGLIO,AL,2021-09-01 12:59:38
7811,404021114,VILLANDRO,BZ,2021-09-01 12:59:38
7812,401096079,VILLANOVA BIELLESE,BI,2021-09-01 12:59:38
7813,401001301,VILLANOVA CANAVESE,TO,2021-09-01 12:59:38
7814,407009068,VILLANOVA D'ALBENGA,SV,2021-09-01 12:59:38
7815,403018179,VILLANOVA D'ARDENGHI,PV,2021-09-01 12:59:38
7816,401005118,VILLANOVA D'ASTI,AT,2021-09-01 12:59:38
7817,415064118,VILLANOVA DEL BATTISTA,AV,2021-09-01 12:59:38
7818,405029050,VILLANOVA DEL GHEBBO,RO,2021-09-01 12:59:38
7819,403098060,VILLANOVA DEL SILLARO,LO,2021-09-01 12:59:38
7820,405028104,VILLANOVA DI CAMPOSAMPIERO,PD,2021-09-01 12:59:38
7821,405029051,VILLANOVA MARCHESANA,RO,2021-09-01 12:59:38
7822,401004245,VILLANOVA MONDOVI',CN,2021-09-01 12:59:38
7823,401006185,VILLANOVA MONFERRATO,AL,2021-09-01 12:59:38
7824,420090078,VILLANOVA MONTELEONE,SS,2021-09-01 12:59:38
7825,401004246,VILLANOVA SOLARO,CN,2021-09-01 12:59:38
7826,408033046,VILLANOVA SULL'ARDA,PC,2021-09-01 12:59:38
7827,420095071,VILLANOVA TRUSCHEDU,OR,2021-09-01 12:59:38
7828,420091102,VILLANOVA TULO,NU,2021-09-01 12:59:38
7829,420092095,VILLANOVAFORRU,CA,2021-09-01 12:59:38
7830,420092096,VILLANOVAFRANCA,CA,2021-09-01 12:59:38
7831,403018180,VILLANTERIO,PV,2021-09-01 12:59:38
7832,403017201,VILLANUOVA SUL CLISI,BS,2021-09-01 12:59:38
7833,420092104,VILLAPERUCCIO,CA,2021-09-01 12:59:38
7834,418078154,VILLAPIANA,CS,2021-09-01 12:59:38
7835,420092097,VILLAPUTZU,CA,2021-09-01 12:59:38
7836,401001303,VILLAR DORA,TO,2021-09-01 12:59:38
7837,401001305,VILLAR FOCCHIARDO,TO,2021-09-01 12:59:38
7838,401001306,VILLAR PELLICE,TO,2021-09-01 12:59:38
7839,401001307,VILLAR PEROSA,TO,2021-09-01 12:59:38
7840,401004247,VILLAR SAN COSTANZO,CN,2021-09-01 12:59:38
7841,401001302,VILLARBASSE,TO,2021-09-01 12:59:38
7842,401002163,VILLARBOIT,VC,2021-09-01 12:59:38
7843,401001304,VILLAREGGIA,TO,2021-09-01 12:59:38
7844,415063087,VILLARICCA,NA,2021-09-01 12:59:38
7845,401006186,VILLAROMAGNANO,AL,2021-09-01 12:59:38
7846,419086020,VILLAROSA,EN,2021-09-01 12:59:38
7847,420092098,VILLASALTO,CA,2021-09-01 12:59:38
7848,403108049,VILLASANTA,MB,2021-09-01 12:59:38
7849,420092100,VILLASIMIUS,CA,2021-09-01 12:59:38
7850,420092101,VILLASOR,CA,2021-09-01 12:59:38
7851,420092102,VILLASPECIOSA,CA,2021-09-01 12:59:38
7852,401001308,VILLASTELLONE,TO,2021-09-01 12:59:38
7853,401002164,VILLATA,VC,2021-09-01 12:59:38
7854,420095072,VILLAURBANA,OR,2021-09-01 12:59:38
7855,413066106,VILLAVALLELONGA,AQ,2021-09-01 12:59:38
7856,405024118,VILLAVERLA,VI,2021-09-01 12:59:38
7857,404022249,VILLE D'ANAUNIA,TN,2021-09-01 12:59:38
7858,402007074,VILLENEUVE,AO,2021-09-01 12:59:38
7859,406031025,VILLESSE,GO,2021-09-01 12:59:38
7860,413066107,VILLETTA BARREA,AQ,2021-09-01 12:59:38
7861,401103076,VILLETTE,VB,2021-09-01 12:59:38
7862,403020068,VILLIMPENTA,MN,2021-09-01 12:59:38
7863,403016242,VILLONGO,BG,2021-09-01 12:59:38
7864,405026091,VILLORBA,TV,2021-09-01 12:59:38
7865,403016243,VILMINORE DI SCALVE,BG,2021-09-01 12:59:38
7866,403108050,VIMERCATE,MB,2021-09-01 12:59:38
7867,403015242,VIMODRONE,MI,2021-09-01 12:59:38
7868,401004248,VINADIO,CN,2021-09-01 12:59:38
7869,414070084,VINCHIATURO,CB,2021-09-01 12:59:38
7870,401005120,VINCHIO,AT,2021-09-01 12:59:38
7871,409048050,VINCI,FI,2021-09-01 12:59:38
7872,401001309,VINOVO,TO,2021-09-01 12:59:38
7873,401003164,VINZAGLIO,NO,2021-09-01 12:59:38
7874,401004249,VIOLA,CN,2021-09-01 12:59:38
7875,403017202,VIONE,BS,2021-09-01 12:59:38
7876,404021115,VIPITENO,BZ,2021-09-01 12:59:38
7877,401001310,VIRLE PIEMONTE,TO,2021-09-01 12:59:38
7878,403017203,VISANO,BS,2021-09-01 12:59:38
7879,401001311,VISCHE,TO,2021-09-01 12:59:38
7880,415063088,VISCIANO,NA,2021-09-01 12:59:38
7881,406030135,VISCO,UD,2021-09-01 12:59:38
7882,401006187,VISONE,AL,2021-09-01 12:59:38
7883,411043057,VISSO,MC,2021-09-01 12:59:38
7884,403018181,VISTARINO,PV,2021-09-01 12:59:38
7885,401001312,VISTRORIO,TO,2021-09-01 12:59:38
7886,419081023,VITA,TP,2021-09-01 12:59:38
7887,412056059,VITERBO,VT,2021-09-01 12:59:38
7888,412060091,VITICUSO,FR,2021-09-01 12:59:38
7889,406093049,VITO D'ASIO,PN,2021-09-01 12:59:38
7890,412056060,VITORCHIANO,VT,2021-09-01 12:59:38
7891,419088012,VITTORIA,RG,2021-09-01 12:59:38
7892,405026092,VITTORIO VENETO,TV,2021-09-01 12:59:38
7893,413066108,VITTORITO,AQ,2021-09-01 12:59:38
7894,403015243,VITTUONE,MI,2021-09-01 12:59:38
7895,415062077,VITULANO,BN,2021-09-01 12:59:38
7896,415061100,VITULAZIO,CE,2021-09-01 12:59:38
7897,401001313,VIU',TO,2021-09-01 12:59:38
7898,406093050,VIVARO,PN,2021-09-01 12:59:38
7899,412058113,VIVARO ROMANO,RM,2021-09-01 12:59:38
7900,401096080,VIVERONE,BI,2021-09-01 12:59:38
7901,419087054,VIZZINI,CT,2021-09-01 12:59:38
7902,403012140,VIZZOLA TICINO,VA,2021-09-01 12:59:38
7903,403015244,VIZZOLO PREDABISSI,MI,2021-09-01 12:59:38
7904,405028105,VO,PD,2021-09-01 12:59:38
7905,403017204,VOBARNO,BS,2021-09-01 12:59:38
7906,407010066,VOBBIA,GE,2021-09-01 12:59:38
7907,401002166,VOCCA,VC,2021-09-01 12:59:38
7908,405025066,VODO DI CADORE,BL,2021-09-01 12:59:38
7909,403018182,VOGHERA,PV,2021-09-01 12:59:38
7910,408038023,VOGHIERA,FE,2021-09-01 12:59:38
7911,401103077,VOGOGNA,VB,2021-09-01 12:59:38
7912,404022224,VOLANO,TN,2021-09-01 12:59:38
7913,415063089,VOLLA,NA,2021-09-01 12:59:38
7914,403019114,VOLONGO,CR,2021-09-01 12:59:38
7915,405026093,VOLPAGO DEL MONTELLO,TV,2021-09-01 12:59:38
7916,403018183,VOLPARA,PV,2021-09-01 12:59:38
7917,401006188,VOLPEDO,AL,2021-09-01 12:59:38
7918,401006189,VOLPEGLINO,AL,2021-09-01 12:59:38
7919,401001314,VOLPIANO,TO,2021-09-01 12:59:38
7920,403020070,VOLTA MANTOVANA,MN,2021-09-01 12:59:38
7921,401006190,VOLTAGGIO,AL,2021-09-01 12:59:38
7922,405025067,VOLTAGO AGORDINO,BL,2021-09-01 12:59:38
7923,409050039,VOLTERRA,PI,2021-09-01 12:59:38
7924,403019115,VOLTIDO,CR,2021-09-01 12:59:38
7925,416071061,VOLTURARA APPULA,FG,2021-09-01 12:59:38
7926,415064119,VOLTURARA IRPINA,AV,2021-09-01 12:59:38
7927,416071062,VOLTURINO,FG,2021-09-01 12:59:38
7928,401001315,VOLVERA,TO,2021-09-01 12:59:38
7929,401004250,VOTTIGNASCO,CN,2021-09-01 12:59:39
7930,418102048,ZACCANOPOLI,VV,2021-09-01 12:59:39
7931,419087055,ZAFFERANA ETNEA,CT,2021-09-01 12:59:39
7932,418079157,ZAGARISE,CZ,2021-09-01 12:59:39
7933,412058114,ZAGAROLO,RM,2021-09-01 12:59:39
7934,404022225,ZAMBANA,TN,2021-09-01 12:59:39
7935,418102049,ZAMBRONE,VV,2021-09-01 12:59:39
7936,403016244,ZANDOBBIO,BG,2021-09-01 12:59:39
7937,405024119,ZANE',VI,2021-09-01 12:59:39
7938,403016245,ZANICA,BG,2021-09-01 12:59:39
7939,416071064,ZAPPONETA,FG,2021-09-01 12:59:39
7940,403018184,ZAVATTARELLO,PV,2021-09-01 12:59:39
7941,403018185,ZECCONE,PV,2021-09-01 12:59:39
7942,420095074,ZEDDIANI,OR,2021-09-01 12:59:39
7943,403013246,ZELBIO,CO,2021-09-01 12:59:39
7944,403098061,ZELO BUON PERSICO,LO,2021-09-01 12:59:39
7945,403015246,ZELO SURRIGONE,MI,2021-09-01 12:59:39
7946,403018186,ZEME,PV,2021-09-01 12:59:39
7947,403018187,ZENEVREDO,PV,2021-09-01 12:59:39
7948,405026094,ZENSON DI PIAVE,TV,2021-09-01 12:59:39
7949,408033047,ZERBA,PC,2021-09-01 12:59:39
7950,403018188,ZERBO,PV,2021-09-01 12:59:39
7951,403018189,ZERBOLO',PV,2021-09-01 12:59:39
7952,420095075,ZERFALIU,OR,2021-09-01 12:59:39
7953,409045017,ZERI,MS,2021-09-01 12:59:39
7954,405024120,ZERMEGHEDO,VI,2021-09-01 12:59:39
7955,405026095,ZERO BRANCO,TV,2021-09-01 12:59:39
7956,405023097,ZEVIO,VR,2021-09-01 12:59:39
7957,404022226,ZIANO DI FIEMME,TN,2021-09-01 12:59:39
7958,408033048,ZIANO PIACENTINO,PC,2021-09-01 12:59:39
7959,403015247,ZIBIDO SAN GIACOMO,MI,2021-09-01 12:59:39
7960,407011032,ZIGNAGO,SP,2021-09-01 12:59:39
7961,405023098,ZIMELLA,VR,2021-09-01 12:59:39
7962,401096081,ZIMONE,BI,2021-09-01 12:59:39
7963,403018190,ZINASCO,PV,2021-09-01 12:59:39
7964,407010067,ZOAGLI,GE,2021-09-01 12:59:39
7965,408036047,ZOCCA,MO,2021-09-01 12:59:39
7966,403016246,ZOGNO,BG,2021-09-01 12:59:39
7967,408037060,ZOLA PREDOSA,BO,2021-09-01 12:59:39
7968,416075094,ZOLLINO,LE,2021-09-01 12:59:39
7969,403017205,ZONE,BS,2021-09-01 12:59:39
7970,405025069,ZOPPE' DI CADORE,BL,2021-09-01 12:59:39
7971,406093051,ZOPPOLA,PN,2021-09-01 12:59:39
7972,405024121,ZOVENCEDO,VI,2021-09-01 12:59:39
7973,401096082,ZUBIENA,BI,2021-09-01 12:59:39
7974,407009069,ZUCCARELLO,SV,2021-09-01 12:59:39
7975,405024122,ZUGLIANO,VI,2021-09-01 12:59:39
7976,406030136,ZUGLIO,UD,2021-09-01 12:59:39
7977,401096083,ZUMAGLIA,BI,2021-09-01 12:59:39
7978,418078155,ZUMPANO,CS,2021-09-01 12:59:39
7979,415064120,ZUNGOLI,AV,2021-09-01 12:59:39
7980,418102050,ZUNGRI,VV,2021-09-01 12:59:39
7981,401001317,VAL DI CHY,TO,2026-09-19 13:22:54
7982,401001318,VALCHIUSA,TO,2026-09-19 13:22:54
7983,401001501,ABBADIA ALPINA,TO,2026-09-19 13:22:54
7984,401001502,AVUGLIONE E VERNONE,TO,2026-09-19 13:22:54
7985,401001503,BAIO DORA,TO,2026-09-19 13:22:54
7986,401001504,BAIRO TORRE,TO,2026-09-19 13:22:54
7987,401001505,BARATONIA,TO,2026-09-19 13:22:54
7988,401001506,BARDASSANO,TO,2026-09-19 13:22:54
7989,401001507,BEAULARD,TO,2026-09-19 13:22:54
7990,401001508,BONZO,TO,2026-09-19 13:22:54
7991,401001509,BOUSSON,TO,2026-09-19 13:22:54
7992,401001510,BOVILE,TO,2026-09-19 13:22:54
7993,401001511,BRUSASCO CAVAGNOLO,TO,2026-09-19 13:22:54
7994,401001512,BUSSOLINO GASSINESE,TO,2026-09-19 13:22:54
7995,401001513,CAMAGNA DI TORINO,TO,2026-09-19 13:22:54
7996,401001514,CAMPO CANAVESE,TO,2026-09-19 13:22:54
7997,401001515,CAVORETTO,TO,2026-09-19 13:22:54
7998,401001516,CESNOLA,TO,2026-09-19 13:22:54
7999,401001517,CHAMPLAS DU COL,TO,2026-09-19 13:22:54
8000,401001518,CHIABRANO,TO,2026-09-19 13:22:54
8001,401001519,COL SAN GIOVANNI,TO,2026-09-19 13:22:54
8002,401001520,DESERTES,TO,2026-09-19 13:22:54
8003,401001521,DRUSACCO,TO,2026-09-19 13:22:54
8004,401001522,FAETTO,TO,2026-09-19 13:22:54
8005,401001523,FAVRIA-OGLIANICO,TO,2026-09-19 13:22:54
8006,401001524,FENILE,TO,2026-09-19 13:22:54
8007,401001525,FENILS,TO,2026-09-19 13:22:54
8008,401001526,FORESTO DI SUSA,TO,2026-09-19 13:22:54
8009,401001527,FORNO ALPI GRAIE,TO,2026-09-19 13:22:54
8010,401001528,FRASSINERE,TO,2026-09-19 13:22:54
8011,401001529,GAUNA,TO,2026-09-19 13:22:54
8012,401001530,INVERSO PORTE,TO,2026-09-19 13:22:54
8013,401001531,LUSERNA,TO,2026-09-19 13:22:54
8014,401001532,MANIGLIA,TO,2026-09-19 13:22:54
8015,401001533,MARCORENGO,TO,2026-09-19 13:22:54
8016,401001534,MEANO,TO,2026-09-19 13:22:54
8017,401001535,MELEZET,TO,2026-09-19 13:22:54
8018,401001536,MENTOULLES,TO,2026-09-19 13:22:54
8019,401001537,MILLAURES,TO,2026-09-19 13:22:54
8020,401001538,MOCCHIE,TO,2026-09-19 13:22:54
8021,401001539,MOLLIERES,TO,2026-09-19 13:22:54
8022,401001540,MONASTEROLO TORINESE,TO,2026-09-19 13:22:54
8023,401001541,MONDRONE,TO,2026-09-19 13:22:54
8024,401001542,MONTESTRUTTO,TO,2026-09-19 13:22:54
8025,401001543,MURIAGLIO,TO,2026-09-19 13:22:54
8026,401001544,NOVAREGLIA,TO,2026-09-19 13:22:54
8027,401001545,TAVERNETTE,TO,2026-09-19 13:22:54
8028,401001546,PALAZZO PIVERONE,TO,2026-09-19 13:22:54
8029,401001547,PEDANEA,TO,2026-09-19 13:22:54
8030,401001548,PIAZZO,TO,2026-09-19 13:22:54
8031,401001549,PRIACCO,TO,2026-09-19 13:22:54
8032,401001550,REVIGLIASCO TORINESE,TO,2026-09-19 13:22:54
8033,401001551,RICLARETTO,TO,2026-09-19 13:22:54
8034,401001552,RIVERA,TO,2026-09-19 13:22:54
8035,401001553,ROCCAPIATTA,TO,2026-09-19 13:22:54
8036,401001554,ROCCHEMOLLES,TO,2026-09-19 13:22:54
8037,401001555,RODORETTO,TO,2026-09-19 13:22:54
8038,401001556,ROLLIERES,TO,2026-09-19 13:22:54
8039,401001557,SALE CANISCHIO,TO,2026-09-19 13:22:54
8040,401001558,SALE CASTELNUOVO,TO,2026-09-19 13:22:54
8041,401001559,SALTO,TO,2026-09-19 13:22:54
8042,401001560,SAN GILLIO TORINESE,TO,2026-09-19 13:22:54
8043,401001561,SAN GIOVANNI PELLICE,TO,2026-09-19 13:22:54
8044,401001562,SAN MARTINO DI PERRERO,TO,2026-09-19 13:22:54
8045,401001563,SAVOULX,TO,2026-09-19 13:22:54
8046,401001564,SOLOMIAC,TO,2026-09-19 13:22:54
8047,401001565,STRAMBINO ROMANO,TO,2026-09-19 13:22:54
8048,401001566,THURES,TO,2026-09-19 13:22:54
8049,401001567,TINA,TO,2026-09-19 13:22:54
8050,401001568,TRAVERSE,TO,2026-09-19 13:22:54
8051,401001569,VALCHIUSELLA,TO,2026-09-19 13:22:54
8052,401001570,VALPRATO,TO,2026-09-19 13:22:54
8053,401002170,ALTO SERMENZA,VC,2026-09-19 13:22:54
8054,401002171,CELLIO CON BREIA,VC,2026-09-19 13:22:54
8055,401002501,AGNONA,VC,2026-09-19 13:22:54
8056,401002502,ANDORNO CACCIORNA,VC,2026-09-19 13:22:54
8057,401002503,ARANCO,VC,2026-09-19 13:22:54
8058,401002504,BORNATE,VC,2026-09-19 13:22:54
8059,401002505,CAMASCO,VC,2026-09-19 13:22:54
8060,401002506,CASCINE DI STRA,VC,2026-09-19 13:22:54
8061,401002507,CASTELLENGO,VC,2026-09-19 13:22:54
8062,401002508,CASTELLETTO VILLA,VC,2026-09-19 13:22:54
8063,401002509,CERVAROLO,VC,2026-09-19 13:22:54
8064,401002510,CHIAVAZZA,VC,2026-09-19 13:22:54
8065,401002511,COSSILA,VC,2026-09-19 13:22:54
8066,401002512,CREVOLA SESIA,VC,2026-09-19 13:22:54
8067,401002513,CROCE DI MOSSO,VC,2026-09-19 13:22:54
8068,401002514,DOCCIO,VC,2026-09-19 13:22:54
8069,401002515,FERRUTA,VC,2026-09-19 13:22:54
8070,401002516,FLECCHIA,VC,2026-09-19 13:22:54
8071,401002517,FORESTO SESIA,VC,2026-09-19 13:22:54
8072,401002518,ISOLELLA,VC,2026-09-19 13:22:54
8073,401002519,LOCARNO,VC,2026-09-19 13:22:54
8074,401002520,MORCA,VC,2026-09-19 13:22:54
8075,401002521,MORONDO,VC,2026-09-19 13:22:54
8076,401002522,PARONE,VC,2026-09-19 13:22:54
8077,401002523,PIANCERI,VC,2026-09-19 13:22:54
8078,401002524,SAN GIUSEPPE DI CASTO,VC,2026-09-19 13:22:54
8079,401002525,VALLE SUPERIORE MOSSO,VC,2026-09-19 13:22:54
8080,401002526,VALMAGGIA,VC,2026-09-19 13:22:54
8081,401002527,VINTEBBIO,VC,2026-09-19 13:22:54
8082,401002528,AILOCHE,VC,2026-09-19 13:22:54
8083,401002529,ANDORNO MICCA,VC,2026-09-19 13:22:54
8084,401002530,BENNA,VC,2026-09-19 13:22:54
8085,401002531,BIELLA,VC,2026-09-19 13:22:54
8086,401002532,BIOGLIO,VC,2026-09-19 13:22:54
8087,401002533,BORRIANA,VC,2026-09-19 13:22:54
8088,401002534,BRUSNENGO,VC,2026-09-19 13:22:54
8089,401002535,CALLABIANA,VC,2026-09-19 13:22:54
8090,401002536,CAMANDONA,VC,2026-09-19 13:22:54
8091,401002537,CAMBURZANO,VC,2026-09-19 13:22:54
8092,401002538,CAMPIGLIA CERVO,VC,2026-09-19 13:22:54
8093,401002539,CANDELO,VC,2026-09-19 13:22:54
8094,401002540,CAPRILE,VC,2026-09-19 13:22:54
8095,401002541,CASAPINTA,VC,2026-09-19 13:22:54
8096,401002542,CASTELLETTO CERVO,VC,2026-09-19 13:22:54
8097,401002543,CAVAGLIA',VC,2026-09-19 13:22:54
8098,401002544,CERRETO CASTELLO,VC,2026-09-19 13:22:54
8099,401002545,CERRIONE,VC,2026-09-19 13:22:54
8100,401002546,COGGIOLA,VC,2026-09-19 13:22:54
8101,401002547,COSSATO,VC,2026-09-19 13:22:54
8102,401002548,CREVACUORE,VC,2026-09-19 13:22:54
8103,401002549,CROSA,VC,2026-09-19 13:22:54
8104,401002550,CURINO,VC,2026-09-19 13:22:54
8105,401002551,DONATO,VC,2026-09-19 13:22:54
8106,401002552,DORZANO,VC,2026-09-19 13:22:54
8107,401002553,GAGLIANICO,VC,2026-09-19 13:22:54
8108,401002554,GIFFLENGA,VC,2026-09-19 13:22:54
8109,401002555,GRAGLIA,VC,2026-09-19 13:22:54
8110,401002556,LESSONA,VC,2026-09-19 13:22:54
8111,401002557,MAGNANO,VC,2026-09-19 13:22:54
8112,401002558,MASSAZZA,VC,2026-09-19 13:22:54
8113,401002559,MASSERANO,VC,2026-09-19 13:22:54
8114,401002560,MEZZANA MORTIGLIENGO,VC,2026-09-19 13:22:54
8115,401002561,MIAGLIANO,VC,2026-09-19 13:22:54
8116,401002562,MONGRANDO,VC,2026-09-19 13:22:54
8117,401002563,MOSSO SANTA MARIA,VC,2026-09-19 13:22:54
8118,401002564,MOTTALCIATA,VC,2026-09-19 13:22:54
8119,401002565,MUZZANO,VC,2026-09-19 13:22:54
8120,401002566,NETRO,VC,2026-09-19 13:22:54
8121,401002567,OCCHIEPPO INFERIORE,VC,2026-09-19 13:22:54
8122,401002568,OCCHIEPPO SUPERIORE,VC,2026-09-19 13:22:54
8123,401002569,PETTINENGO,VC,2026-09-19 13:22:54
8124,401002570,PIATTO,VC,2026-09-19 13:22:54
8125,401002571,PIEDICAVALLO,VC,2026-09-19 13:22:54
8126,401002572,PISTOLESA,VC,2026-09-19 13:22:54
8127,401002573,POLLONE,VC,2026-09-19 13:22:54
8128,401002574,PONDERANO,VC,2026-09-19 13:22:54
8129,401002575,PORTULA,VC,2026-09-19 13:22:54
8130,401002576,PRALUNGO,VC,2026-09-19 13:22:54
8131,401002577,QUAREGNA,VC,2026-09-19 13:22:54
8132,401002578,QUITTENGO,VC,2026-09-19 13:22:54
8133,401002579,RONCO BIELLESE,VC,2026-09-19 13:22:54
8134,401002580,ROPPOLO,VC,2026-09-19 13:22:54
8135,401002581,ROSAZZA,VC,2026-09-19 13:22:54
8136,401002582,SAGLIANO MICCA,VC,2026-09-19 13:22:54
8137,401002583,SALA BIELLESE,VC,2026-09-19 13:22:54
8138,401002584,SALUSSOLA,VC,2026-09-19 13:22:54
8139,401002585,SAN PAOLO CERVO,VC,2026-09-19 13:22:54
8140,401002586,SANDIGLIANO,VC,2026-09-19 13:22:54
8141,401002587,SELVE MARCONE,VC,2026-09-19 13:22:54
8142,401002588,SOPRANA,VC,2026-09-19 13:22:54
8143,401002589,SORDEVOLO,VC,2026-09-19 13:22:54
8144,401002590,SOSTEGNO,VC,2026-09-19 13:22:54
8145,401002591,STRONA,VC,2026-09-19 13:22:54
8146,401002592,TAVIGLIANO,VC,2026-09-19 13:22:54
8147,401002593,TERNENGO,VC,2026-09-19 13:22:54
8148,401002594,TOLLEGNO,VC,2026-09-19 13:22:54
8149,401002595,TORRAZZO,VC,2026-09-19 13:22:54
8150,401002596,TRIVERO,VC,2026-09-19 13:22:54
8151,401002597,VALDENGO,VC,2026-09-19 13:22:54
8152,401002598,VALLANZENGO,VC,2026-09-19 13:22:54
8153,401002599,VALLE MOSSO,VC,2026-09-19 13:22:54
8154,401002600,VALLE SAN NICOLAO,VC,2026-09-19 13:22:54
8155,401002601,VEGLIO,VC,2026-09-19 13:22:54
8156,401002602,VERRONE,VC,2026-09-19 13:22:54
8157,401002603,VIGLIANO BIELLESE,VC,2026-09-19 13:22:54
8158,401002604,VILLA DEL BOSCO,VC,2026-09-19 13:22:54
8159,401002605,VILLANOVA BIELLESE,VC,2026-09-19 13:22:54
8160,401002606,VIVERONE,VC,2026-09-19 13:22:54
8161,401002607,ZIMONE,VC,2026-09-19 13:22:54
8162,401002608,ZUBIENA,VC,2026-09-19 13:22:54
8163,401002609,ZUMAGLIA,VC,2026-09-19 13:22:54
8164,401002610,PRAY,VC,2026-09-19 13:22:54
8165,401003166,GATTICO-VERUNO,NO,2026-09-19 13:22:54
8166,401003501,AGARO,NO,2026-09-19 13:22:54
8167,401003502,AGNELLENGO,NO,2026-09-19 13:22:54
8168,401003503,AGRANO,NO,2026-09-19 13:22:54
8169,401003504,ALBOGNO,NO,2026-09-19 13:22:54
8170,401003505,ALZATE CON LINDUNO,NO,2026-09-19 13:22:54
8171,401003506,ANTRONAPIANA,NO,2026-09-19 13:22:54
8172,401003507,ANZINO,NO,2026-09-19 13:22:54
8173,401003508,ARA,NO,2026-09-19 13:22:54
8174,401003509,ARIZZANO INFERIORE,NO,2026-09-19 13:22:54
8175,401003510,ARIZZANO SUPERIORE,NO,2026-09-19 13:22:54
8176,401003511,ARTO,NO,2026-09-19 13:22:54
8177,401003512,AUZATE,NO,2026-09-19 13:22:54
8178,401003513,BEURA,NO,2026-09-19 13:22:54
8179,401003514,BIENO,NO,2026-09-19 13:22:54
8180,401003515,BOGNANCO DENTRO,NO,2026-09-19 13:22:54
8181,401003516,BOGNANCO FUORI,NO,2026-09-19 13:22:54
8182,401003517,BOLETO,NO,2026-09-19 13:22:54
8183,401003518,BORGONE D'OSSOLA,NO,2026-09-19 13:22:54
8184,401003519,BRISINO,NO,2026-09-19 13:22:54
8185,401003520,BROVELLO,NO,2026-09-19 13:22:54
8186,401003521,MONTEBUGLIO,NO,2026-09-19 13:22:54
8187,401003522,BUGNATE,NO,2026-09-19 13:22:54
8188,401003523,BUTTOGNO,NO,2026-09-19 13:22:54
8189,401003524,CADDO,NO,2026-09-19 13:22:54
8190,401003525,CALICE OSSOLANO,NO,2026-09-19 13:22:54
8191,401003526,CALOGNA,NO,2026-09-19 13:22:54
8192,401003527,CAMPELLO MONTI,NO,2026-09-19 13:22:54
8193,401003528,CARDEZZA,NO,2026-09-19 13:22:54
8194,401003529,CARGIAGO,NO,2026-09-19 13:22:54
8195,401003530,CARPUGNINO,NO,2026-09-19 13:22:54
8196,401003531,CASALEGGIO CASTELLAZZO,NO,2026-09-19 13:22:54
8197,401003532,CASTELLI CUSIANI,NO,2026-09-19 13:22:54
8198,401003533,CASTIGLIONE D'OSSOLA,NO,2026-09-19 13:22:54
8199,401003534,CAVAGLIO SAN DONNINO,NO,2026-09-19 13:22:54
8200,401003535,CAVANDONE,NO,2026-09-19 13:22:54
8201,401003536,CHIGNOLO VERBANO,NO,2026-09-19 13:22:54
8202,401003537,CIMAMULERA,NO,2026-09-19 13:22:54
8203,401003538,CIREGGIO,NO,2026-09-19 13:22:54
8204,401003539,CISORE,NO,2026-09-19 13:22:54
8205,401003540,COIMO,NO,2026-09-19 13:22:54
8206,401003541,COIROMONTE,NO,2026-09-19 13:22:54
8207,401003542,COMNAGO,NO,2026-09-19 13:22:54
8208,401003543,CORCIAGO,NO,2026-09-19 13:22:54
8209,401003544,CRANA,NO,2026-09-19 13:22:54
8210,401003545,CRANA CATTUGNO,NO,2026-09-19 13:22:54
8211,401003546,CRAVEGNA,NO,2026-09-19 13:22:54
8212,401003547,CRODO MOZZIO,NO,2026-09-19 13:22:54
8213,401003548,CRUSINALLO,NO,2026-09-19 13:22:54
8214,401003549,CURSOLO,NO,2026-09-19 13:22:54
8215,401003550,CUZZAGO,NO,2026-09-19 13:22:54
8216,401003551,DAGNENTE,NO,2026-09-19 13:22:54
8217,401003552,DISSIMO,NO,2026-09-19 13:22:54
8218,401003553,ESIO,NO,2026-09-19 13:22:54
8219,401003554,FINERO,NO,2026-09-19 13:22:54
8220,401003555,FOLSOGNO,NO,2026-09-19 13:22:54
8221,401003556,FOMARCO,NO,2026-09-19 13:22:54
8222,401003557,FORNERO,NO,2026-09-19 13:22:54
8223,401003558,FORNO,NO,2026-09-19 13:22:54
8224,401003559,FOSSENO,NO,2026-09-19 13:22:54
8225,401003560,GHEVIO,NO,2026-09-19 13:22:54
8226,401003561,GRAGLIA PIANA,NO,2026-09-19 13:22:54
8227,401003562,INTRA,NO,2026-09-19 13:22:54
8228,401003563,INVORIO INFERIORE,NO,2026-09-19 13:22:54
8229,401003564,INVORIO SUPERIORE,NO,2026-09-19 13:22:54
8230,401003565,ISOLA SAN GIULIO,NO,2026-09-19 13:22:54
8231,401003566,LESA-BELGIRATE,NO,2026-09-19 13:22:54
8232,401003567,LUZZOGNO,NO,2026-09-19 13:22:54
8233,401003568,MAGOGNINO,NO,2026-09-19 13:22:54
8234,401003569,MERCURAGO,NO,2026-09-19 13:22:54
8235,401003570,MIGIANDONE,NO,2026-09-19 13:22:54
8236,401003571,MONTE OSSOLANO,NO,2026-09-19 13:22:54
8237,401003572,MONTRIGIASCO,NO,2026-09-19 13:22:54
8238,401003573,MOZZIO,NO,2026-09-19 13:22:54
8239,401003574,NOCCO,NO,2026-09-19 13:22:54
8240,401003575,OLGIA,NO,2026-09-19 13:22:54
8241,401003576,ORASSO,NO,2026-09-19 13:22:54
8242,401003577,ORTA NOVARESE,NO,2026-09-19 13:22:54
8243,401003578,PALLANZA,NO,2026-09-19 13:22:54
8244,401003579,PIANE SESIA,NO,2026-09-19 13:22:54
8245,401003580,PREGLIA,NO,2026-09-19 13:22:54
8246,401003581,PREQUARTERA,NO,2026-09-19 13:22:54
8247,401003582,PRESTINONE,NO,2026-09-19 13:22:54
8248,401003583,QUARNA,NO,2026-09-19 13:22:54
8249,401003584,ROCCA PIETRA,NO,2026-09-19 13:22:54
8250,401003585,ROVEGRO,NO,2026-09-19 13:22:54
8251,401003586,RUMIANCA,NO,2026-09-19 13:22:54
8252,401003587,SALECCHIO,NO,2026-09-19 13:22:54
8253,401003588,SAMBUGHETTO,NO,2026-09-19 13:22:54
8254,401003589,SAN BARTOLOMEO VALMARA,NO,2026-09-19 13:22:54
8255,401003590,SAN CARLO D'OSSOLA,NO,2026-09-19 13:22:54
8256,401003591,SANT'AGATA SOPRA CANNOBIO,NO,2026-09-19 13:22:54
8257,401003592,SANTA MARIA MAGGIORE E CRANA,NO,2026-09-19 13:22:54
8258,401003593,SANTINO,NO,2026-09-19 13:22:54
8259,401003594,SCHIERANCO,NO,2026-09-19 13:22:54
8260,401003595,SOLOGNO,NO,2026-09-19 13:22:54
8261,401003596,SOVAZZA,NO,2026-09-19 13:22:54
8262,401003597,SPOCCIA,NO,2026-09-19 13:22:54
8263,401003598,STROPINO,NO,2026-09-19 13:22:54
8264,401003599,SUNA,NO,2026-09-19 13:22:54
8265,401003600,TAPIGLIANO,NO,2026-09-19 13:22:54
8266,401003601,TAPPIA,NO,2026-09-19 13:22:54
8267,401003602,TRAFFIUME,NO,2026-09-19 13:22:54
8268,401003603,TROBASO,NO,2026-09-19 13:22:54
8269,401003604,UNCHIO,NO,2026-09-19 13:22:54
8270,401003605,VAGNA,NO,2026-09-19 13:22:54
8271,401003606,VERGANO NOVARESE,NO,2026-09-19 13:22:54
8272,401003607,VEZZO,NO,2026-09-19 13:22:54
8273,401003608,VICENO,NO,2026-09-19 13:22:54
8274,401003609,VIGGIONA,NO,2026-09-19 13:22:54
8275,401003610,VOCOGNO E PRESTINONE,NO,2026-09-19 13:22:54
8276,401003611,ZORNASCO,NO,2026-09-19 13:22:54
8277,401003612,ZOVERALLO,NO,2026-09-19 13:22:54
8278,401003613,ANTRONA SCHIERANCO,NO,2026-09-19 13:22:54
8279,401003614,ANZOLA D'OSSOLA,NO,2026-09-19 13:22:54
8280,401003615,ARIZZANO,NO,2026-09-19 13:22:54
8281,401003616,AROLA,NO,2026-09-19 13:22:54
8282,401003617,AURANO,NO,2026-09-19 13:22:54
8283,401003618,BACENO,NO,2026-09-19 13:22:54
8284,401003619,BANNIO ANZINO,NO,2026-09-19 13:22:54
8285,401003620,BAVENO,NO,2026-09-19 13:22:54
8286,401003621,BEE,NO,2026-09-19 13:22:54
8287,401003622,BELGIRATE,NO,2026-09-19 13:22:54
8288,401003623,BEURA-CARDEZZA,NO,2026-09-19 13:22:54
8289,401003624,BOGNANCO,NO,2026-09-19 13:22:54
8290,401003625,BROVELLO-CARPUGNINO,NO,2026-09-19 13:22:54
8291,401003626,CALASCA-CASTIGLIONE,NO,2026-09-19 13:22:54
8292,401003627,CAMBIASCA,NO,2026-09-19 13:22:54
8293,401003628,CANNERO RIVIERA,NO,2026-09-19 13:22:54
8294,401003629,CANNOBIO,NO,2026-09-19 13:22:54
8295,401003630,CAPREZZO,NO,2026-09-19 13:22:54
8296,401003631,CASALE CORTE CERRO,NO,2026-09-19 13:22:54
8297,401003632,CAVAGLIO-SPOCCIA,NO,2026-09-19 13:22:54
8298,401003633,CEPPO MORELLI,NO,2026-09-19 13:22:54
8299,401003634,CESARA,NO,2026-09-19 13:22:54
8300,401003635,COSSOGNO,NO,2026-09-19 13:22:54
8301,401003636,CRAVEGGIA,NO,2026-09-19 13:22:54
8302,401003637,CREVOLADOSSOLA,NO,2026-09-19 13:22:54
8303,401003638,CRODO,NO,2026-09-19 13:22:54
8304,401003639,CURSOLO-ORASSO,NO,2026-09-19 13:22:54
8305,401003640,DOMODOSSOLA,NO,2026-09-19 13:22:54
8306,401003641,DRUOGNO,NO,2026-09-19 13:22:54
8307,401003642,FALMENTA,NO,2026-09-19 13:22:54
8308,401003643,FORMAZZA,NO,2026-09-19 13:22:54
8309,401003644,GERMAGNO,NO,2026-09-19 13:22:54
8310,401003645,GHIFFA,NO,2026-09-19 13:22:54
8311,401003646,GIGNESE,NO,2026-09-19 13:22:54
8312,401003647,GRAVELLONA TOCE,NO,2026-09-19 13:22:54
8313,401003648,GURRO,NO,2026-09-19 13:22:54
8314,401003649,INTRAGNA,NO,2026-09-19 13:22:54
8315,401003650,LOREGLIA,NO,2026-09-19 13:22:54
8316,401003651,MACUGNAGA,NO,2026-09-19 13:22:54
8317,401003652,MADONNA DEL SASSO,NO,2026-09-19 13:22:54
8318,401003653,MALESCO,NO,2026-09-19 13:22:54
8319,401003654,MASERA,NO,2026-09-19 13:22:54
8320,401003655,MASSIOLA,NO,2026-09-19 13:22:54
8321,401003656,MERGOZZO,NO,2026-09-19 13:22:54
8322,401003657,MIAZZINA,NO,2026-09-19 13:22:54
8323,401003658,MONTECRESTESE,NO,2026-09-19 13:22:54
8324,401003659,MONTESCHENO,NO,2026-09-19 13:22:54
8325,401003660,NONIO,NO,2026-09-19 13:22:54
8326,401003661,OGGEBBIO,NO,2026-09-19 13:22:54
8327,401003662,OMEGNA,NO,2026-09-19 13:22:54
8328,401003663,ORNAVASSO,NO,2026-09-19 13:22:54
8329,401003664,PALLANZENO,NO,2026-09-19 13:22:54
8330,401003665,PIEDIMULERA,NO,2026-09-19 13:22:54
8331,401003666,PIEVE VERGONTE,NO,2026-09-19 13:22:54
8332,401003667,PREMENO,NO,2026-09-19 13:22:54
8333,401003668,PREMIA,NO,2026-09-19 13:22:54
8334,401003669,PREMOSELLO-CHIOVENDA,NO,2026-09-19 13:22:54
8335,401003670,QUARNA SOPRA,NO,2026-09-19 13:22:54
8336,401003671,QUARNA SOTTO,NO,2026-09-19 13:22:54
8337,401003672,RE,NO,2026-09-19 13:22:54
8338,401003673,SAN BERNARDINO VERBANO,NO,2026-09-19 13:22:54
8339,401003674,SANTA MARIA MAGGIORE,NO,2026-09-19 13:22:54
8340,401003675,SEPPIANA,NO,2026-09-19 13:22:54
8341,401003676,STRESA,NO,2026-09-19 13:22:54
8342,401003677,TOCENO,NO,2026-09-19 13:22:54
8343,401003678,TRASQUERA,NO,2026-09-19 13:22:54
8344,401003679,TRONTANO,NO,2026-09-19 13:22:54
8345,401003680,VALSTRONA,NO,2026-09-19 13:22:54
8346,401003681,VANZONE CON SAN CARLO,NO,2026-09-19 13:22:54
8347,401003682,VARZO,NO,2026-09-19 13:22:54
8348,401003683,VERBANIA,NO,2026-09-19 13:22:54
8349,401003684,VIGANELLA,NO,2026-09-19 13:22:54
8350,401003685,VIGNONE,NO,2026-09-19 13:22:54
8351,401003686,VILLADOSSOLA,NO,2026-09-19 13:22:54
8352,401003687,VILLETTE,NO,2026-09-19 13:22:54
8353,401003688,VOGOGNA,NO,2026-09-19 13:22:54
8354,401004051,CASTELLINALDO,CN,2026-09-19 13:22:54
8355,401004501,ALBARETTO VALLE DI MACRA,CN,2026-09-19 13:22:54
8356,401004502,ALMA,CN,2026-09-19 13:22:54
8357,401004503,ANDONNO,CN,2026-09-19 13:22:54
8358,401004504,BERSEZIO,CN,2026-09-19 13:22:54
8359,401004505,BRIGA MARITTIMA,CN,2026-09-19 13:22:54
8360,401004506,CASTELLETTO MONFORTE,CN,2026-09-19 13:22:54
8361,401004507,GAIOLA-MOIOLA,CN,2026-09-19 13:22:54
8362,401004508,GORRINO,CN,2026-09-19 13:22:54
8363,401004509,LOTTULO,CN,2026-09-19 13:22:54
8364,401004510,MALPOTREMO,CN,2026-09-19 13:22:54
8365,401004511,NOVELLO MONCHIERO,CN,2026-09-19 13:22:54
8366,401004512,PAGLIERES,CN,2026-09-19 13:22:54
8367,401004513,PERNO,CN,2026-09-19 13:22:54
8368,401004514,PRIERO-MONTEZEMOLO,CN,2026-09-19 13:22:54
8369,401004515,SAMBUCO PIETRAPORZIO,CN,2026-09-19 13:22:54
8370,401004516,SAN MICHELE PRAZZO,CN,2026-09-19 13:22:54
8371,401004517,SAN PIETRO DI MONTEROSSO,CN,2026-09-19 13:22:54
8372,401004518,SCALETTA UZZONE,CN,2026-09-19 13:22:54
8373,401004519,SCARNAFIGI-RUFFIA,CN,2026-09-19 13:22:54
8374,401004520,TENDA,CN,2026-09-19 13:22:54
8375,401004521,TORRE UZZONE,CN,2026-09-19 13:22:54
8376,401004522,USSOLO,CN,2026-09-19 13:22:54
8377,401004523,VILLANOVAVETTA,CN,2026-09-19 13:22:54
8378,401005043,COLCAVAGNO,AT,2026-09-19 13:22:54
8379,401005078,MONTIGLIO,AT,2026-09-19 13:22:54
8380,401005102,SCANDELUZZA,AT,2026-09-19 13:22:54
8381,401005122,MORANSENGO-TONENGO,AT,2026-09-19 13:22:54
8382,401005501,BAGNASCO D'ASTI,AT,2026-09-19 13:22:54
8383,401005502,DUSINO,AT,2026-09-19 13:22:54
8384,401005503,MARMORITO,AT,2026-09-19 13:22:54
8385,401005504,PASSERANO,AT,2026-09-19 13:22:54
8386,401005505,PRIMEGLIO SCHIERANO,AT,2026-09-19 13:22:54
8387,401005506,RINCO,AT,2026-09-19 13:22:54
8388,401005507,SAN MARZANO MOASCA,AT,2026-09-19 13:22:54
8389,401005508,SAN MARZANOTTO,AT,2026-09-19 13:22:54
8390,401005509,SAN MICHELE D'ASTI,AT,2026-09-19 13:22:54
8391,401005510,SAN PAOLO DELLA VALLE,AT,2026-09-19 13:22:54
8392,401005511,SERRAVALLE D'ASTI,AT,2026-09-19 13:22:54
8393,401005512,SESSANT,AT,2026-09-19 13:22:54
8394,401005513,SOLBRITO,AT,2026-09-19 13:22:54
8395,401005514,VAGLIERANO,AT,2026-09-19 13:22:54
8396,401005515,VILLA CORSIONE,AT,2026-09-19 13:22:54
8397,401005914,CALLIANO MONFERRATO,AT,2026-09-19 13:22:54
8398,401005920,CASORZO MONFERRATO,AT,2026-09-19 13:22:54
8399,401005956,GRANA MONFERRATO,AT,2026-09-19 13:22:54
8400,401005977,MONTEMAGNO MONFERRATO,AT,2026-09-19 13:22:54
8401,401006076,FUBINE,AL,2026-09-19 13:22:54
8402,401006191,CASSANO SPINOLA,AL,2026-09-19 13:22:54
8403,401006192,ALLUVIONI PIOVERA,AL,2026-09-19 13:22:54
8404,401006193,LU E CUCCARO MONFERRATO,AL,2026-09-19 13:22:54
8405,401006501,BISIO,AL,2026-09-19 13:22:54
8406,401006502,BRIGNANO DEL CURONE,AL,2026-09-19 13:22:54
8407,401006503,BRUSASCHETTO,AL,2026-09-19 13:22:54
8408,401006504,CAREZZANO SUPERIORE,AL,2026-09-19 13:22:54
8409,401006505,CASTEL DE' RATTI,AL,2026-09-19 13:22:54
8410,401006506,CASTEL SAN PIETRO MONFERRATO,AL,2026-09-19 13:22:54
8411,401006507,CASTELVERO D'ASTI,AL,2026-09-19 13:22:54
8412,401006508,CASTIGLIONE D'ASTI,AL,2026-09-19 13:22:54
8413,401006509,COCCONITO,AL,2026-09-19 13:22:54
8414,401006510,CORTERANZO,AL,2026-09-19 13:22:54
8415,401006511,CUQUELLO,AL,2026-09-19 13:22:54
8416,401006512,FOROTONDO,AL,2026-09-19 13:22:54
8417,401006513,FRASCATA,AL,2026-09-19 13:22:54
8418,401006514,FRASSINELLO-OLIVOLA,AL,2026-09-19 13:22:54
8419,401006515,GROPPO,AL,2026-09-19 13:22:54
8420,401006516,VILLABELLA,AL,2026-09-19 13:22:54
8421,401006517,MALVINO,AL,2026-09-19 13:22:54
8422,401006518,MOLINO ALZANO,AL,2026-09-19 13:22:54
8423,401006519,MOLO DI BORBERA,AL,2026-09-19 13:22:54
8424,401006520,MONDONIO,AL,2026-09-19 13:22:54
8425,401006521,MONTALERO,AL,2026-09-19 13:22:54
8426,401006522,MONTECHIARO DENICE,AL,2026-09-19 13:22:54
8427,401006523,PAVONE D'ALESSANDRIA,AL,2026-09-19 13:22:54
8428,401006524,QUARTI,AL,2026-09-19 13:22:54
8429,401006525,QUARTO ASTESE,AL,2026-09-19 13:22:54
8430,401006526,ROSINGO,AL,2026-09-19 13:22:54
8431,401006527,SALABUE,AL,2026-09-19 13:22:54
8432,401006528,SORLI,AL,2026-09-19 13:22:54
8433,401006529,TAGLIOLO-BELFORTE,AL,2026-09-19 13:22:54
8434,401006530,TORRE DE' RATTI,AL,2026-09-19 13:22:54
8435,401006531,VARENGO,AL,2026-09-19 13:22:54
8436,401006532,VARGO,AL,2026-09-19 13:22:54
8437,401006945,CASTELLANIA COPPI,AL,2026-09-19 13:22:54
8438,401096011,CAMPIGLIA CERVO,BI,2026-09-19 13:22:54
8439,401096022,CROSA,BI,2026-09-19 13:22:54
8440,401096029,LESSONA,BI,2026-09-19 13:22:54
8441,401096036,MOSSO SANTA MARIA,BI,2026-09-19 13:22:54
8442,401096045,PISTOLESA,BI,2026-09-19 13:22:54
8443,401096052,QUITTENGO,BI,2026-09-19 13:22:54
8444,401096060,SAN PAOLO CERVO,BI,2026-09-19 13:22:54
8445,401096061,SELVE MARCONE,BI,2026-09-19 13:22:54
8446,401096087,QUAREGNA CERRETO,BI,2026-09-19 13:22:54
8447,401096088,VALDILANA,BI,2026-09-19 13:22:54
8448,401103063,SEPPIANA,VB,2026-09-19 13:22:54
8449,401103073,VIGANELLA,VB,2026-09-19 13:22:54
8450,401103079,VALLE CANNOBINA,VB,2026-09-19 13:22:54
8451,402007501,CHALLANT SAINT ANSELME ET CHALLANT SAI,AO,2026-09-19 13:22:54
8452,402007502,GRESSONEY,AO,2026-09-19 13:22:54
8453,402007503,RHEMES,AO,2026-09-19 13:22:54
8454,402007504,VALDIGNA D'AOSTA,AO,2026-09-19 13:22:54
8455,402007505,VILLA CASTELNUOVO,AO,2026-09-19 13:22:54
8456,402007964,SAINT-RHEMY-EN-BOSSES,AO,2026-09-19 13:22:54
8457,403012094,MACCAGNO,VA,2026-09-19 13:22:54
8458,403012112,PINO SULLA SPONDA DEL LAGO MAGGIORE,VA,2026-09-19 13:22:54
8459,403012135,VEDDASCA,VA,2026-09-19 13:22:54
8460,403012143,CADREZZATE CON OSMATE,VA,2026-09-19 13:22:54
8461,403012144,BARDELLO CON MALGESSO E BREGANO,VA,2026-09-19 13:22:54
8462,403012501,ABBIATEGUAZZONE,VA,2026-09-19 13:22:54
8463,403012502,ALBUSCIAGO,VA,2026-09-19 13:22:54
8464,403012503,ARBIZZO,VA,2026-09-19 13:22:54
8465,403012504,ARCUMEGGIA,VA,2026-09-19 13:22:54
8466,403012505,ARDENA,VA,2026-09-19 13:22:54
8467,403012506,ARMIO,VA,2026-09-19 13:22:54
8468,403012507,ARNATE,VA,2026-09-19 13:22:54
8469,403012508,AROLO,VA,2026-09-19 13:22:54
8470,403012509,BALLARATE,VA,2026-09-19 13:22:54
8471,403012510,BARZA,VA,2026-09-19 13:22:54
8472,403012511,BARZOLA,VA,2026-09-19 13:22:54
8473,403012512,BIEGNO,VA,2026-09-19 13:22:54
8474,403012513,BIZZOZERO,VA,2026-09-19 13:22:54
8475,403012514,BOBBIATE,VA,2026-09-19 13:22:54
8476,403012515,BODIO,VA,2026-09-19 13:22:54
8477,403012516,BOGNO,VA,2026-09-19 13:22:54
8478,403012517,BOSCO VALTRAVAGLIA,VA,2026-09-19 13:22:54
8479,403012518,BRENNO USERIA,VA,2026-09-19 13:22:54
8480,403012519,BRISSAGO,VA,2026-09-19 13:22:54
8481,403012520,CADEGLIANO,VA,2026-09-19 13:22:54
8482,403012521,CADERO CON GRAGLIO,VA,2026-09-19 13:22:54
8483,403012522,CAIDATE,VA,2026-09-19 13:22:54
8484,403012523,CAMPAGNANO VEDASCA,VA,2026-09-19 13:22:54
8485,403012524,CAPOLAGO,VA,2026-09-19 13:22:54
8486,403012525,CAPRONNO,VA,2026-09-19 13:22:54
8487,403012526,CARDANA,VA,2026-09-19 13:22:54
8488,403012527,CARONNO CORBELLARO,VA,2026-09-19 13:22:54
8489,403012528,CASSINA FERRARA,VA,2026-09-19 13:22:54
8490,403012529,CASSINA PERTUSELLA,VA,2026-09-19 13:22:54
8491,403012530,CASSINA VERGHERA,VA,2026-09-19 13:22:54
8492,403012531,CASTAGNATE OLONA,VA,2026-09-19 13:22:54
8493,403012532,CASTELNOVATE,VA,2026-09-19 13:22:54
8494,403012533,CAVONA,VA,2026-09-19 13:22:54
8495,403012534,CELINA,VA,2026-09-19 13:22:54
8496,403012535,CERRO LAGO MAGGIORE,VA,2026-09-19 13:22:54
8497,403012536,CIMBRO,VA,2026-09-19 13:22:54
8498,403012537,COCQUIO,VA,2026-09-19 13:22:54
8499,403012538,CORGENO,VA,2026-09-19 13:22:54
8500,403012539,DUE COSSANI,VA,2026-09-19 13:22:54
8501,403012540,CRENNA,VA,2026-09-19 13:22:54
8502,403012541,CRUGNOLA,VA,2026-09-19 13:22:54
8503,403012542,FABIASCO,VA,2026-09-19 13:22:54
8504,403012543,GARABIOLO,VA,2026-09-19 13:22:54
8505,403012544,GAZZADA,VA,2026-09-19 13:22:54
8506,403012545,GORNATE SUPERIORE,VA,2026-09-19 13:22:54
8507,403012546,GURONE,VA,2026-09-19 13:22:54
8508,403012547,JERAGO,VA,2026-09-19 13:22:54
8509,403012548,JERAGO CON BESNATE,VA,2026-09-19 13:22:54
8510,403012549,JERAGO CON BESNATE ED ORAGO,VA,2026-09-19 13:22:54
8511,403012550,LAVENO,VA,2026-09-19 13:22:54
8512,403012551,LEGGIUNO-SANGIANO,VA,2026-09-19 13:22:54
8513,403012552,LISANZA,VA,2026-09-19 13:22:54
8514,403012553,LISSAGO,VA,2026-09-19 13:22:54
8515,403012554,LOZZO,VA,2026-09-19 13:22:54
8516,403012555,MACCAGNO INFERIORE,VA,2026-09-19 13:22:54
8517,403012556,MASNAGO,VA,2026-09-19 13:22:54
8518,403012557,MENZAGO,VA,2026-09-19 13:22:54
8519,403012558,MEZZANA SUPERIORE,VA,2026-09-19 13:22:54
8520,403012559,MOMBELLO LAGO MAGGIORE,VA,2026-09-19 13:22:54
8521,403012560,MONATE,VA,2026-09-19 13:22:54
8522,403012561,MONTEGRINO,VA,2026-09-19 13:22:54
8523,403012562,MONTENATE,VA,2026-09-19 13:22:54
8524,403012563,MONTEVIASCO,VA,2026-09-19 13:22:54
8525,403012564,MONTONATE,VA,2026-09-19 13:22:54
8526,403012565,MOROSOLO,VA,2026-09-19 13:22:54
8527,403012566,MUCENO,VA,2026-09-19 13:22:54
8528,403012567,MUSADINO,VA,2026-09-19 13:22:54
8529,403012568,MUSIGNANO,VA,2026-09-19 13:22:54
8530,403012569,NIZZOLINA,VA,2026-09-19 13:22:54
8531,403012570,OLGINASIO,VA,2026-09-19 13:22:54
8532,403012571,OLTRONA AL LAGO,VA,2026-09-19 13:22:54
8533,403012572,ORIANO SOPRA TICINO,VA,2026-09-19 13:22:54
8534,403012573,ORINO AZZIO,VA,2026-09-19 13:22:54
8535,403012574,PEVERANZA,VA,2026-09-19 13:22:54
8536,403012575,PREMEZZO,VA,2026-09-19 13:22:54
8537,403012576,QUINZANO SAN PIETRO,VA,2026-09-19 13:22:54
8538,403012577,ROGGIANO VALTRAVAGLIA,VA,2026-09-19 13:22:54
8539,403012578,ROVATE,VA,2026-09-19 13:22:54
8540,403012579,RUNO,VA,2026-09-19 13:22:54
8541,403012580,SACCONAGO,VA,2026-09-19 13:22:54
8542,403012581,SAN PANCRAZIO AL COLLE,VA,2026-09-19 13:22:54
8543,403012582,SANTA MARIA DEL MONTE,VA,2026-09-19 13:22:54
8544,403012583,SANT'AMBROGIO-OLONA,VA,2026-09-19 13:22:54
8545,403012584,SCHIANNO,VA,2026-09-19 13:22:54
8546,403012585,SESONA,VA,2026-09-19 13:22:54
8547,403012586,TORBA,VA,2026-09-19 13:22:54
8548,403012587,TORNAVENTO,VA,2026-09-19 13:22:54
8549,403012588,TRAVEDONA,VA,2026-09-19 13:22:54
8550,403012589,TREVISAGO,VA,2026-09-19 13:22:54
8551,403012590,VAL MARCHIROLO,VA,2026-09-19 13:22:54
8552,403012591,VARARO,VA,2026-09-19 13:22:54
8553,403012592,VECCANA,VA,2026-09-19 13:22:54
8554,403012593,VELATE,VA,2026-09-19 13:22:54
8555,403012594,VENEGONO,VA,2026-09-19 13:22:54
8556,403012595,VERGOBBIO,VA,2026-09-19 13:22:54
8557,403012596,VICONAGO,VA,2026-09-19 13:22:54
8558,403012597,VILLA DOSIA,VA,2026-09-19 13:22:54
8559,403012598,VINAGO,VA,2026-09-19 13:22:54
8560,403012599,VOLDOMINO,VA,2026-09-19 13:22:54
8561,403012600,VOLTORRE,VA,2026-09-19 13:22:54
8562,403013019,BELLAGIO,CO,2026-09-19 13:22:54
8563,403013061,CAVALLASCA,CO,2026-09-19 13:22:54
8564,403013070,CIVENNA,CO,2026-09-19 13:22:54
8565,403013076,CONSIGLIO DI RUMO,CO,2026-09-19 13:22:54
8566,403013093,DREZZO,CO,2026-09-19 13:22:54
8567,403013108,GERMASINO,CO,2026-09-19 13:22:54
8568,403013109,GIRONICO,CO,2026-09-19 13:22:54
8569,403013112,GRAVEDONA,CO,2026-09-19 13:22:54
8570,403013122,LANZO D'INTELVI,CO,2026-09-19 13:22:54
8571,403013125,LENNO,CO,2026-09-19 13:22:54
8572,403013148,MEZZEGRA,CO,2026-09-19 13:22:54
8573,403013156,MONTICELLO BRIANZA,CO,2026-09-19 13:22:54
8574,403013172,OSSUCCIO,CO,2026-09-19 13:22:54
8575,403013175,PARE',CO,2026-09-19 13:22:54
8576,403013179,PELLIO INTELVI,CO,2026-09-19 13:22:54
8577,403013194,RAMPONIO VERNA,CO,2026-09-19 13:22:54
8578,403013208,SANT'ABBONDIO,CO,2026-09-19 13:22:54
8579,403013210,SANTA MARIA REZZONICO,CO,2026-09-19 13:22:54
8580,403013225,TREMEZZO,CO,2026-09-19 13:22:54
8581,403013254,CENTRO VALLE INTELVI,CO,2026-09-19 13:22:54
8582,403013255,SOLBIATE CON CAGNO,CO,2026-09-19 13:22:54
8583,403013256,UGGIATE CON RONAGO,CO,2026-09-19 13:22:54
8584,403013501,ABBADIA SOPRA ADDA,CO,2026-09-19 13:22:54
8585,403013502,ACQUATE,CO,2026-09-19 13:22:54
8586,403013503,AIZURRO,CO,2026-09-19 13:22:54
8587,403013504,ALBATE,CO,2026-09-19 13:22:54
8588,403013505,ALBESE,CO,2026-09-19 13:22:54
8589,403013506,ALBOGASIO,CO,2026-09-19 13:22:54
8590,403013507,ARCELLASCO,CO,2026-09-19 13:22:54
8591,403013508,ASNAGO,CO,2026-09-19 13:22:54
8592,403013509,BAGAGGERA,CO,2026-09-19 13:22:54
8593,403013510,BAIEDO,CO,2026-09-19 13:22:54
8594,403013511,BALLABIO INFERIORE,CO,2026-09-19 13:22:54
8595,403013512,BALLABIO SUPERIORE,CO,2026-09-19 13:22:54
8596,403013513,BARCONE,CO,2026-09-19 13:22:54
8597,403013514,BARTESATE,CO,2026-09-19 13:22:54
8598,403013515,BELLEDO,CO,2026-09-19 13:22:54
8599,403013516,BERNAGA,CO,2026-09-19 13:22:54
8600,403013517,BERNATE ROSALES,CO,2026-09-19 13:22:54
8601,403013518,BIGLIO,CO,2026-09-19 13:22:54
8602,403013519,BINDO,CO,2026-09-19 13:22:54
8603,403013520,BRECCIA,CO,2026-09-19 13:22:54
8604,403013521,BREGLIA,CO,2026-09-19 13:22:54
8605,403013522,BRENNO DELLA TORRE,CO,2026-09-19 13:22:54
8606,403013523,BRIANZOLA,CO,2026-09-19 13:22:54
8607,403013524,BUCCINIGO,CO,2026-09-19 13:22:54
8608,403013525,BUGGIOLO,CO,2026-09-19 13:22:54
8609,403013526,BUGIALLO,CO,2026-09-19 13:22:54
8610,403013527,BULGORELLO,CO,2026-09-19 13:22:54
8611,403013528,CAGLIANO,CO,2026-09-19 13:22:54
8612,403013529,CAMERLATA,CO,2026-09-19 13:22:54
8613,403013530,CAMNAGO VOLTA,CO,2026-09-19 13:22:54
8614,403013531,CAMNAGO FALOPPIA,CO,2026-09-19 13:22:54
8615,403013532,CAPIAGO,CO,2026-09-19 13:22:54
8616,403013533,CAPIATE,CO,2026-09-19 13:22:54
8617,403013534,CARATE LARIO,CO,2026-09-19 13:22:54
8618,403013535,CARCANO,CO,2026-09-19 13:22:54
8619,403013536,CARELLA CON MARIAGA,CO,2026-09-19 13:22:54
8620,403013537,CARENO,CO,2026-09-19 13:22:54
8621,403013538,CARLAZZO VALSOLDA,CO,2026-09-19 13:22:54
8622,403013539,CARUGO AROSIO,CO,2026-09-19 13:22:54
8623,403013540,CASANOVA LANZA,CO,2026-09-19 13:22:54
8624,403013541,CASIRAGO,CO,2026-09-19 13:22:54
8625,403013542,CASLETTO,CO,2026-09-19 13:22:54
8626,403013543,CASLINO AL PIANO,CO,2026-09-19 13:22:54
8627,403013544,CASNATE,CO,2026-09-19 13:22:54
8628,403013545,CASSAGO,CO,2026-09-19 13:22:54
8629,403013546,CASSANO ALBESE,CO,2026-09-19 13:22:54
8630,403013547,CASSINA DE' BRACCHI,CO,2026-09-19 13:22:54
8631,403013548,CASSINA MARIAGA,CO,2026-09-19 13:22:54
8632,403013549,CASTELLO VALSOLDA,CO,2026-09-19 13:22:54
8633,403013550,CASTELLO SOPRA LECCO,CO,2026-09-19 13:22:54
8634,403013551,CAVERSACCIO,CO,2026-09-19 13:22:54
8635,403013552,CENTEMERO,CO,2026-09-19 13:22:54
8636,403013553,CEREDA,CO,2026-09-19 13:22:54
8637,403013554,CERNUSCO MONTEVECCHIA,CO,2026-09-19 13:22:54
8638,403013555,CESELLO BRIANZA,CO,2026-09-19 13:22:54
8639,403013556,CHIUSO,CO,2026-09-19 13:22:54
8640,403013557,CIMA,CO,2026-09-19 13:22:54
8641,403013558,CIVELLO,CO,2026-09-19 13:22:54
8642,403013559,CIVIGLIO,CO,2026-09-19 13:22:54
8643,403013560,COLCIAGO,CO,2026-09-19 13:22:54
8644,403013561,COLOGNA,CO,2026-09-19 13:22:54
8645,403013562,CONCENEDO,CO,2026-09-19 13:22:54
8646,403013563,CONSONNO,CO,2026-09-19 13:22:54
8647,403013564,CONTRA,CO,2026-09-19 13:22:54
8648,403013565,CORENNO PLINIO,CO,2026-09-19 13:22:54
8649,403013566,CORTABBIO,CO,2026-09-19 13:22:54
8650,403013567,CREMNAGO,CO,2026-09-19 13:22:54
8651,403013568,CRESSOGNO,CO,2026-09-19 13:22:54
8652,403013569,CREVENNA,CO,2026-09-19 13:22:54
8653,403013570,CROCE,CO,2026-09-19 13:22:54
8654,403013571,DASIO,CO,2026-09-19 13:22:54
8655,403013572,DOZIO,CO,2026-09-19 13:22:54
8656,403013573,DRANO,CO,2026-09-19 13:22:54
8657,403013574,ERBA INCINO,CO,2026-09-19 13:22:54
8658,403013575,ESINO INFERIORE,CO,2026-09-19 13:22:54
8659,403013576,ESINO SUPERIORE,CO,2026-09-19 13:22:54
8660,403013577,FABBRICA DURINI,CO,2026-09-19 13:22:54
8661,403013578,MIRABELLO COMASCO,CO,2026-09-19 13:22:54
8662,403013579,GAGGINO,CO,2026-09-19 13:22:54
8663,403013580,GERMANEDO,CO,2026-09-19 13:22:54
8664,403013581,GOTTRO,CO,2026-09-19 13:22:54
8665,403013582,GRANDOLA,CO,2026-09-19 13:22:54
8666,403013583,GRONA,CO,2026-09-19 13:22:54
8667,403013584,IMBERIDO,CO,2026-09-19 13:22:54
8668,403013585,INCINO,CO,2026-09-19 13:22:54
8669,403013586,INDOVERO,CO,2026-09-19 13:22:54
8670,403013587,INTIMIANO,CO,2026-09-19 13:22:54
8671,403013588,ISOLA COMACINA,CO,2026-09-19 13:22:54
8672,403013589,LAORCA,CO,2026-09-19 13:22:54
8673,403013590,LEMNA,CO,2026-09-19 13:22:54
8674,403013591,LEZZA,CO,2026-09-19 13:22:54
8675,403013592,LIETO COLLE,CO,2026-09-19 13:22:54
8676,403013593,LIMONTA,CO,2026-09-19 13:22:54
8677,403013594,LINZANICO,CO,2026-09-19 13:22:54
8678,403013595,LOMANIGA,CO,2026-09-19 13:22:54
8679,403013596,LOVENO SOPRA MENAGGIO,CO,2026-09-19 13:22:54
8680,403013597,LUCINO,CO,2026-09-19 13:22:54
8681,403013598,MACCIO,CO,2026-09-19 13:22:54
8682,403013599,MAGGIANICO,CO,2026-09-19 13:22:54
8683,403013600,MINOPRIO,CO,2026-09-19 13:22:54
8684,403013601,MOIANA,CO,2026-09-19 13:22:54
8685,403013602,MOLINA,CO,2026-09-19 13:22:54
8686,403013603,MONDONICO,CO,2026-09-19 13:22:54
8687,403013604,MONTANO COMASCO,CO,2026-09-19 13:22:54
8688,403013605,MONTE OLIMPINO,CO,2026-09-19 13:22:54
8689,403013606,NAVA,CO,2026-09-19 13:22:54
8690,403013607,NOVATE BRIANZA,CO,2026-09-19 13:22:54
8691,403013608,OLATE,CO,2026-09-19 13:22:54
8692,403013609,OLCIO,CO,2026-09-19 13:22:54
8693,403013610,OLGIATE CALCO,CO,2026-09-19 13:22:54
8694,403013611,ONNO,CO,2026-09-19 13:22:54
8695,403013612,ORIANO DI BRIANZA,CO,2026-09-19 13:22:54
8696,403013613,PAGNANO VALSASSINA,CO,2026-09-19 13:22:54
8697,403013614,PALANZO,CO,2026-09-19 13:22:54
8698,403013615,PARRAVICINO,CO,2026-09-19 13:22:54
8699,403013616,PENZANO,CO,2026-09-19 13:22:54
8700,403013617,PESSINA VALSASSINA,CO,2026-09-19 13:22:54
8701,403013618,PIANO PORLEZZA,CO,2026-09-19 13:22:54
8702,403013619,PIAZZA SANTO STEFANO,CO,2026-09-19 13:22:54
8703,403013620,PONTE,CO,2026-09-19 13:22:54
8704,403013621,PONZATE,CO,2026-09-19 13:22:54
8705,403013622,PURIA,CO,2026-09-19 13:22:54
8706,403013623,RAMPONIO,CO,2026-09-19 13:22:54
8707,403013624,RANCIO DI LECCO,CO,2026-09-19 13:22:54
8708,403013625,RAVELLINO,CO,2026-09-19 13:22:54
8709,403013626,REBBIO,CO,2026-09-19 13:22:54
8710,403013627,REZZONICO,CO,2026-09-19 13:22:54
8711,403013628,ROMANO BRIANZA,CO,2026-09-19 13:22:54
8712,403013629,RONGIO,CO,2026-09-19 13:22:54
8713,403013630,ROVENNA,CO,2026-09-19 13:22:54
8714,403013631,SABBIONCELLO,CO,2026-09-19 13:22:54
8715,403013632,SALA AL BARRO,CO,2026-09-19 13:22:54
8716,403013633,SAN BARTOLOMEO AL BOSCO,CO,2026-09-19 13:22:54
8717,403013634,SAN GIOVANNI ALLA CASTAGNA,CO,2026-09-19 13:22:54
8718,403013635,SAN SIRO,CO,2026-09-19 13:22:54
8719,403013636,SANTA MARIA DI ROVAGNATE,CO,2026-09-19 13:22:54
8720,403013637,SANTA VALERIA,CO,2026-09-19 13:22:54
8721,403013638,SARTIRANA BRIANTEA,CO,2026-09-19 13:22:54
8722,403013639,SCARENNA,CO,2026-09-19 13:22:54
8723,403013640,SCARIA,CO,2026-09-19 13:22:54
8724,403013641,SEGHEBBIA,CO,2026-09-19 13:22:54
8725,403013642,SEPRIO,CO,2026-09-19 13:22:54
8726,403013643,SOLZAGO,CO,2026-09-19 13:22:54
8727,403013644,SOMANA,CO,2026-09-19 13:22:54
8728,403013645,STAZZONA-GERMASINO,CO,2026-09-19 13:22:54
8729,403013646,TAVORDO,CO,2026-09-19 13:22:54
8730,403013647,TRAVERSA,CO,2026-09-19 13:22:54
8731,403013648,TREGOLO,CO,2026-09-19 13:22:54
8732,403013649,TREMEZZINA,CO,2026-09-19 13:22:54
8733,403013650,TREVANO,CO,2026-09-19 13:22:54
8734,403013651,UGGIATE,CO,2026-09-19 13:22:54
8735,403013652,URIO,CO,2026-09-19 13:22:54
8736,403013653,VASSENA,CO,2026-09-19 13:22:54
8737,403013654,VERDERIO,CO,2026-09-19 13:22:54
8738,403013655,VILLA VERGANO,CO,2026-09-19 13:22:54
8739,403013656,VERNA,CO,2026-09-19 13:22:54
8740,403013657,VERTEMATE,CO,2026-09-19 13:22:54
8741,403013658,VILL'ALBESE,CO,2026-09-19 13:22:54
8742,403013659,VILLA ROMANO,CO,2026-09-19 13:22:54
8743,403013660,VIMOGNO,CO,2026-09-19 13:22:54
8744,403013661,VISINO,CO,2026-09-19 13:22:54
8745,403013662,ZELBIO VELESO,CO,2026-09-19 13:22:54
8746,403013663,ABBADIA LARIANA,CO,2026-09-19 13:22:54
8747,403013664,AIRUNO,CO,2026-09-19 13:22:54
8748,403013665,ANNONE DI BRIANZA,CO,2026-09-19 13:22:54
8749,403013666,BALLABIO,CO,2026-09-19 13:22:54
8750,403013667,BARZAGO,CO,2026-09-19 13:22:54
8751,403013668,BARZANO',CO,2026-09-19 13:22:54
8752,403013669,BARZIO,CO,2026-09-19 13:22:54
8753,403013670,BELLANO,CO,2026-09-19 13:22:54
8754,403013671,BOSISIO PARINI,CO,2026-09-19 13:22:54
8755,403013672,BRIVIO,CO,2026-09-19 13:22:54
8756,403013673,BULCIAGO,CO,2026-09-19 13:22:54
8757,403013674,CALCO,CO,2026-09-19 13:22:54
8758,403013675,CASARGO,CO,2026-09-19 13:22:54
8759,403013676,CASATENOVO,CO,2026-09-19 13:22:54
8760,403013677,CASSAGO BRIANZA,CO,2026-09-19 13:22:54
8761,403013678,CASSINA VALSASSINA,CO,2026-09-19 13:22:54
8762,403013679,CASTELLO DI BRIANZA,CO,2026-09-19 13:22:54
8763,403013680,CERNUSCO LOMBARDONE,CO,2026-09-19 13:22:54
8764,403013681,CESANA BRIANZA,CO,2026-09-19 13:22:54
8765,403013682,CIVATE,CO,2026-09-19 13:22:54
8766,403013683,COLICO,CO,2026-09-19 13:22:54
8767,403013684,COLLE BRIANZA,CO,2026-09-19 13:22:54
8768,403013685,CORTENOVA,CO,2026-09-19 13:22:54
8769,403013686,COSTA MASNAGA,CO,2026-09-19 13:22:54
8770,403013687,CRANDOLA VALSASSINA,CO,2026-09-19 13:22:54
8771,403013688,CREMELLA,CO,2026-09-19 13:22:54
8772,403013689,CREMENO,CO,2026-09-19 13:22:54
8773,403013690,DERVIO,CO,2026-09-19 13:22:54
8774,403013691,DOLZAGO,CO,2026-09-19 13:22:54
8775,403013692,DORIO,CO,2026-09-19 13:22:54
8776,403013693,ELLO,CO,2026-09-19 13:22:54
8777,403013694,ESINO LARIO,CO,2026-09-19 13:22:54
8778,403013695,GALBIATE,CO,2026-09-19 13:22:54
8779,403013696,GARBAGNATE MONASTERO,CO,2026-09-19 13:22:54
8780,403013697,GARLATE,CO,2026-09-19 13:22:54
8781,403013698,IMBERSAGO,CO,2026-09-19 13:22:54
8782,403013699,INTROBIO,CO,2026-09-19 13:22:54
8783,403013700,INTROZZO,CO,2026-09-19 13:22:54
8784,403013701,LECCO,CO,2026-09-19 13:22:54
8785,403013702,LIERNA,CO,2026-09-19 13:22:54
8786,403013703,LOMAGNA,CO,2026-09-19 13:22:54
8787,403013704,MALGRATE,CO,2026-09-19 13:22:54
8788,403013705,MANDELLO DEL LARIO,CO,2026-09-19 13:22:54
8789,403013706,MARGNO,CO,2026-09-19 13:22:54
8790,403013707,MERATE,CO,2026-09-19 13:22:54
8791,403013708,MISSAGLIA,CO,2026-09-19 13:22:54
8792,403013709,MOGGIO,CO,2026-09-19 13:22:54
8793,403013710,MOLTENO,CO,2026-09-19 13:22:54
8794,403013711,MONTEVECCHIA,CO,2026-09-19 13:22:54
8795,403013712,MORTERONE,CO,2026-09-19 13:22:54
8796,403013713,NIBIONNO,CO,2026-09-19 13:22:54
8797,403013714,OGGIONO,CO,2026-09-19 13:22:54
8798,403013715,OLGIATE MOLGORA,CO,2026-09-19 13:22:54
8799,403013716,OLGINATE,CO,2026-09-19 13:22:54
8800,403013717,OLIVETO LARIO,CO,2026-09-19 13:22:54
8801,403013718,OSNAGO,CO,2026-09-19 13:22:54
8802,403013719,PADERNO D'ADDA,CO,2026-09-19 13:22:54
8803,403013720,PAGNONA,CO,2026-09-19 13:22:54
8804,403013721,PARLASCO,CO,2026-09-19 13:22:54
8805,403013722,PASTURO,CO,2026-09-19 13:22:54
8806,403013723,PEREGO,CO,2026-09-19 13:22:54
8807,403013724,PERLEDO,CO,2026-09-19 13:22:54
8808,403013725,PESCATE,CO,2026-09-19 13:22:54
8809,403013726,PREMANA,CO,2026-09-19 13:22:54
8810,403013727,PRIMALUNA,CO,2026-09-19 13:22:54
8811,403013728,ROBBIATE,CO,2026-09-19 13:22:54
8812,403013729,ROGENO,CO,2026-09-19 13:22:54
8813,403013730,ROVAGNATE,CO,2026-09-19 13:22:54
8814,403013731,SANTA MARIA HOE',CO,2026-09-19 13:22:54
8815,403013732,SIRONE,CO,2026-09-19 13:22:54
8816,403013733,SIRTORI,CO,2026-09-19 13:22:54
8817,403013734,SUEGLIO,CO,2026-09-19 13:22:54
8818,403013735,SUELLO,CO,2026-09-19 13:22:54
8819,403013736,TACENO,CO,2026-09-19 13:22:54
8820,403013737,TREMENICO,CO,2026-09-19 13:22:54
8821,403013738,VALGREGHENTINO,CO,2026-09-19 13:22:54
8822,403013739,VALMADRERA,CO,2026-09-19 13:22:54
8823,403013740,VARENNA,CO,2026-09-19 13:22:54
8824,403013741,VENDROGNO,CO,2026-09-19 13:22:54
8825,403013742,VERDERIO INFERIORE,CO,2026-09-19 13:22:54
8826,403013743,VERDERIO SUPERIORE,CO,2026-09-19 13:22:54
8827,403013744,VESTRENO,CO,2026-09-19 13:22:54
8828,403013745,VIGANO',CO,2026-09-19 13:22:54
8829,403014042,MENAROLA,SO,2026-09-19 13:22:54
8830,403014501,ACQUA,SO,2026-09-19 13:22:54
8831,403014502,BOFFETTO,SO,2026-09-19 13:22:54
8832,403014503,CAMPOVICO,SO,2026-09-19 13:22:54
8833,403015003,AGRATE BRIANZA,MI,2026-09-19 13:22:54
8834,403015004,AICURZIO,MI,2026-09-19 13:22:54
8835,403015006,ALBIATE,MI,2026-09-19 13:22:54
8836,403015008,ARCORE,MI,2026-09-19 13:22:54
8837,403015013,BARLASSINA,MI,2026-09-19 13:22:54
8838,403015017,BELLUSCO,MI,2026-09-19 13:22:54
8839,403015018,BERNAREGGIO,MI,2026-09-19 13:22:54
8840,403015021,BESANA IN BRIANZA,MI,2026-09-19 13:22:54
8841,403015023,BIASSONO,MI,2026-09-19 13:22:54
8842,403015030,BOVISIO-MASCIAGO,MI,2026-09-19 13:22:54
8843,403015033,BRIOSCO,MI,2026-09-19 13:22:54
8844,403015034,BRUGHERIO,MI,2026-09-19 13:22:54
8845,403015037,BURAGO DI MOLGORA,MI,2026-09-19 13:22:54
8846,403015039,BUSNAGO,MI,2026-09-19 13:22:54
8847,403015045,CAMPARADA,MI,2026-09-19 13:22:54
8848,403015047,CAPONAGO,MI,2026-09-19 13:22:54
8849,403015048,CARATE BRIANZA,MI,2026-09-19 13:22:54
8850,403015049,CARNATE,MI,2026-09-19 13:22:54
8851,403015068,CAVENAGO DI BRIANZA,MI,2026-09-19 13:22:54
8852,403015069,CERIANO LAGHETTO,MI,2026-09-19 13:22:54
8853,403015075,CESANO MADERNO,MI,2026-09-19 13:22:54
8854,403015080,COGLIATE,MI,2026-09-19 13:22:54
8855,403015084,CONCOREZZO,MI,2026-09-19 13:22:54
8856,403015088,CORNATE D'ADDA,MI,2026-09-19 13:22:54
8857,403015092,CORREZZANA,MI,2026-09-19 13:22:54
8858,403015100,DESIO,MI,2026-09-19 13:22:54
8859,403015107,GIUSSANO,MI,2026-09-19 13:22:54
8860,403015117,LAZZATE,MI,2026-09-19 13:22:54
8861,403015119,LENTATE SUL SEVESO,MI,2026-09-19 13:22:54
8862,403015120,LESMO,MI,2026-09-19 13:22:54
8863,403015121,LIMBIATE,MI,2026-09-19 13:22:54
8864,403015123,LISSONE,MI,2026-09-19 13:22:54
8865,403015129,MACHERIO,MI,2026-09-19 13:22:54
8866,403015138,MEDA,MI,2026-09-19 13:22:54
8867,403015145,MEZZAGO,MI,2026-09-19 13:22:54
8868,403015147,MISINTO,MI,2026-09-19 13:22:54
8869,403015149,MONZA,MI,2026-09-19 13:22:54
8870,403015152,MUGGIO',MI,2026-09-19 13:22:54
8871,403015156,NOVA MILANESE,MI,2026-09-19 13:22:54
8872,403015161,ORNAGO,MI,2026-09-19 13:22:54
8873,403015180,RENATE,MI,2026-09-19 13:22:54
8874,403015186,RONCELLO,MI,2026-09-19 13:22:54
8875,403015187,RONCO BRIANTINO,MI,2026-09-19 13:22:54
8876,403015208,SEREGNO,MI,2026-09-19 13:22:54
8877,403015212,SEVESO,MI,2026-09-19 13:22:54
8878,403015216,SOVICO,MI,2026-09-19 13:22:54
8879,403015217,SULBIATE,MI,2026-09-19 13:22:54
8880,403015223,TRIUGGIO,MI,2026-09-19 13:22:54
8881,403015227,USMATE VELATE,MI,2026-09-19 13:22:54
8882,403015231,VAREDO,MI,2026-09-19 13:22:54
8883,403015232,VEDANO AL LAMBRO,MI,2026-09-19 13:22:54
8884,403015233,VEDUGGIO CON COLZANO,MI,2026-09-19 13:22:54
8885,403015234,VERANO BRIANZA,MI,2026-09-19 13:22:54
8886,403015239,VILLASANTA,MI,2026-09-19 13:22:54
8887,403015241,VIMERCATE,MI,2026-09-19 13:22:54
8888,403015251,VERMEZZO CON ZELO,MI,2026-09-19 13:22:54
8889,403015501,AFFORI,MI,2026-09-19 13:22:54
8890,403015502,AGLIATE,MI,2026-09-19 13:22:54
8891,403015503,ARCAGNA,MI,2026-09-19 13:22:54
8892,403015504,ARCAGNANO,MI,2026-09-19 13:22:54
8893,403015505,BAGGIO,MI,2026-09-19 13:22:54
8894,403015506,BALSAMO,MI,2026-09-19 13:22:54
8895,403015508,BARATE,MI,2026-09-19 13:22:54
8896,403015509,BARBAIANA,MI,2026-09-19 13:22:54
8897,403015510,BARGANO,MI,2026-09-19 13:22:54
8898,403015511,BESTAZZO,MI,2026-09-19 13:22:54
8899,403015512,BIENATE,MI,2026-09-19 13:22:54
8900,403015513,BINZAGO,MI,2026-09-19 13:22:54
8901,403015514,BIRAGO,MI,2026-09-19 13:22:54
8902,403015515,BISENTRATE,MI,2026-09-19 13:22:54
8903,403015516,BOLDINASCO,MI,2026-09-19 13:22:54
8904,403015517,BOLGIANO,MI,2026-09-19 13:22:54
8905,403015518,BOLLADELLO,MI,2026-09-19 13:22:54
8906,403015519,BONIROLA,MI,2026-09-19 13:22:54
8907,403015520,BORNAGO,MI,2026-09-19 13:22:54
8908,403015521,BORSANO,MI,2026-09-19 13:22:54
8909,403015522,BOTTEDO,MI,2026-09-19 13:22:54
8910,403015523,BRIAVACCA,MI,2026-09-19 13:22:54
8911,403015524,BRUSUGLIO,MI,2026-09-19 13:22:54
8912,403015525,BRUZZANO DEI DUE BORGHI,MI,2026-09-19 13:22:54
8913,403015526,BUSTIGHERA,MI,2026-09-19 13:22:54
8914,403015527,CA' DEI BOLLI,MI,2026-09-19 13:22:54
8915,403015528,CA' DELL'ACQUA,MI,2026-09-19 13:22:54
8916,403015529,CA' DE' MAZZI,MI,2026-09-19 13:22:54
8917,403015530,CA' DE' ZECCHI,MI,2026-09-19 13:22:54
8918,403015531,CAJELLO,MI,2026-09-19 13:22:54
8919,403015532,CALO',MI,2026-09-19 13:22:54
8920,403015533,CAMPOLUNGO,MI,2026-09-19 13:22:54
8921,403015534,CANTONALE,MI,2026-09-19 13:22:54
8922,403015535,CAPRIANO DI BRIANZA,MI,2026-09-19 13:22:54
8923,403015536,CASELLE D'OZERO,MI,2026-09-19 13:22:54
8924,403015537,CASIRATE OLONA,MI,2026-09-19 13:22:54
8925,403015538,CASOLATE,MI,2026-09-19 13:22:54
8926,403015539,CASONE,MI,2026-09-19 13:22:54
8927,403015540,CASSINA ALIPRANDI,MI,2026-09-19 13:22:54
8928,403015541,CASSINA AMATA,MI,2026-09-19 13:22:54
8929,403015542,CASSINA BARAGGIA,MI,2026-09-19 13:22:54
8930,403015543,CASSINA DE' GATTI,MI,2026-09-19 13:22:54
8931,403015544,CASSINA NUOVA,MI,2026-09-19 13:22:54
8932,403015545,CASSINA POBBIA,MI,2026-09-19 13:22:54
8933,403015546,CASSINA SAVINA,MI,2026-09-19 13:22:54
8934,403015547,CASSINA TRIULZA,MI,2026-09-19 13:22:54
8935,403015548,CASSINO D'ALBERI,MI,2026-09-19 13:22:54
8936,403015549,CASTEGNATE OLONA,MI,2026-09-19 13:22:54
8937,403015550,CASTELLAZZO DE' BARZI,MI,2026-09-19 13:22:54
8938,403015551,CASTELLETTO MENDOSIO,MI,2026-09-19 13:22:54
8939,403015552,CASTIRAGA DA REGGIO,MI,2026-09-19 13:22:54
8940,403015553,CAVAIONE,MI,2026-09-19 13:22:54
8941,403015554,CAVIAGA,MI,2026-09-19 13:22:54
8942,403015555,CAZZANO BESANA,MI,2026-09-19 13:22:54
8943,403015556,CEDRATE,MI,2026-09-19 13:22:54
8944,403015557,CEPPEDA,MI,2026-09-19 13:22:54
8945,403015558,CERCHIATE,MI,2026-09-19 13:22:54
8946,403015559,CHIARAVALLE MILANESE,MI,2026-09-19 13:22:54
8947,403015560,CHIOSI D'ADDA VIGADORE,MI,2026-09-19 13:22:54
8948,403015561,CHIOSI DI PORTA D'ADDA,MI,2026-09-19 13:22:54
8949,403015562,CHIOSI PORTA CREMONESE,MI,2026-09-19 13:22:54
8950,403015563,CHIOSI PORTA REGALE,MI,2026-09-19 13:22:54
8951,403015564,CHIOSI UNITI CON BOTTEDO,MI,2026-09-19 13:22:54
8952,403015565,CINISELLO,MI,2026-09-19 13:22:54
8953,403015566,COAZZANO,MI,2026-09-19 13:22:54
8954,403015567,COLNAGO,MI,2026-09-19 13:22:54
8955,403015568,COLZANO,MI,2026-09-19 13:22:54
8956,403015569,CONCESA,MI,2026-09-19 13:22:54
8957,403015570,COPRENO,MI,2026-09-19 13:22:54
8958,403015571,CORNELIANO BERTARIO,MI,2026-09-19 13:22:54
8959,403015572,CORPI SANTI DI MILANO,MI,2026-09-19 13:22:54
8960,403015573,CORTE SANT'ANDREA,MI,2026-09-19 13:22:54
8961,403015574,COSTA AL LAMBRO,MI,2026-09-19 13:22:54
8962,403015575,CRESCENZAGO,MI,2026-09-19 13:22:54
8963,403015576,CUVIRONE,MI,2026-09-19 13:22:54
8964,403015577,DERGANO,MI,2026-09-19 13:22:54
8965,403015578,DUGNANO,MI,2026-09-19 13:22:54
8966,403015579,FAGNANO SUL NAVIGLIO,MI,2026-09-19 13:22:54
8967,403015580,FIGINO DI MILANO,MI,2026-09-19 13:22:54
8968,403015581,FURATO,MI,2026-09-19 13:22:54
8969,403015582,GARBATOLA,MI,2026-09-19 13:22:54
8970,403015583,GAREGNANO,MI,2026-09-19 13:22:54
8971,403015584,GATTERA MAIOCCA,MI,2026-09-19 13:22:54
8972,403015585,GORLA PRECOTTO,MI,2026-09-19 13:22:54
8973,403015586,GRANCINO,MI,2026-09-19 13:22:54
8974,403015587,GRAZZANELLO,MI,2026-09-19 13:22:54
8975,403015588,GRECO MILANESE,MI,2026-09-19 13:22:54
8976,403015589,GROPPELLO D'ADDA,MI,2026-09-19 13:22:54
8977,403015590,GUAZZINA,MI,2026-09-19 13:22:54
8978,403015591,GUGNANO,MI,2026-09-19 13:22:54
8979,403015592,INCIRANO,MI,2026-09-19 13:22:54
8980,403015593,INDUNO TICINO,MI,2026-09-19 13:22:54
8981,403015594,ISOLA BALBA,MI,2026-09-19 13:22:54
8982,403015595,LAMBRATE,MI,2026-09-19 13:22:54
8983,403015596,LARDERA,MI,2026-09-19 13:22:54
8984,403015597,LIMITO,MI,2026-09-19 13:22:54
8985,403015598,LINATE AL LAMBRO,MI,2026-09-19 13:22:54
8986,403015599,LUCERNATE,MI,2026-09-19 13:22:54
8987,403015600,MARCALLO,MI,2026-09-19 13:22:54
8988,403015601,MASCIAGO MILANESE,MI,2026-09-19 13:22:54
8989,403015602,MAZZO MILANESE,MI,2026-09-19 13:22:54
8990,403015603,MELEGNANELLO,MI,2026-09-19 13:22:54
8991,403015604,MERCUGNANO,MI,2026-09-19 13:22:54
8992,403015605,METTONE,MI,2026-09-19 13:22:54
8993,403015606,MEZZANA CASATI,MI,2026-09-19 13:22:54
8994,403015607,MEZZANO PASSONE,MI,2026-09-19 13:22:54
8995,403015608,MIGNETE,MI,2026-09-19 13:22:54
8996,403015609,MIRABELLO SAN BERNARDINO,MI,2026-09-19 13:22:54
8997,403015610,MONCUCCO VECCHIO,MI,2026-09-19 13:22:54
8998,403015611,MONCUCCO DI MONZA,MI,2026-09-19 13:22:54
8999,403015612,MONGIARDINO SILLARO,MI,2026-09-19 13:22:54
9000,403015613,MONTESIRO,MI,2026-09-19 13:22:54
9001,403015614,MORSENCHIO,MI,2026-09-19 13:22:54
9002,403015615,MOTTA VIGANA,MI,2026-09-19 13:22:54
9003,403015616,MUGGIANO,MI,2026-09-19 13:22:54
9004,403015617,MUSOCCO,MI,2026-09-19 13:22:54
9005,403015618,NIGUARDA,MI,2026-09-19 13:22:54
9006,403015619,NOSEDO,MI,2026-09-19 13:22:54
9007,403015620,NOVEGRO,MI,2026-09-19 13:22:54
9008,403015621,OMATE,MI,2026-09-19 13:22:54
9009,403015622,ORENO,MI,2026-09-19 13:22:54
9010,403015623,PAINA,MI,2026-09-19 13:22:54
9011,403015624,PALAZZOLO MILANESE,MI,2026-09-19 13:22:54
9012,403015625,PASSIRANA MILANESE,MI,2026-09-19 13:22:54
9013,403015626,PASTURAGO,MI,2026-09-19 13:22:54
9014,403015627,PEDRIANO,MI,2026-09-19 13:22:54
9015,403015628,PESSANO,MI,2026-09-19 13:22:54
9016,403015629,PEZZOLO DE' CODAZZI,MI,2026-09-19 13:22:54
9017,403015630,PEZZOLO DI TAVAZZANO,MI,2026-09-19 13:22:54
9018,403015631,PINZANO,MI,2026-09-19 13:22:54
9019,403015632,PIZZOLANO,MI,2026-09-19 13:22:54
9020,403015633,PONTESESTO,MI,2026-09-19 13:22:54
9021,403015634,PORTO D'ADDA,MI,2026-09-19 13:22:54
9022,403015635,PRECOTTO,MI,2026-09-19 13:22:54
9023,403015636,PREMENUGO,MI,2026-09-19 13:22:54
9024,403015637,PROSPIANO,MI,2026-09-19 13:22:54
9025,403015638,QUARTIANO,MI,2026-09-19 13:22:54
9026,403015639,QUARTO CAGNINO,MI,2026-09-19 13:22:54
9027,403015640,QUINTO ROMANO,MI,2026-09-19 13:22:54
9028,403015641,QUINTOSOLE,MI,2026-09-19 13:22:54
9029,403015642,REGINA FITTAREZZA,MI,2026-09-19 13:22:54
9030,403015643,RENATE VEDUGGIO,MI,2026-09-19 13:22:54
9031,403015644,RESCALDA,MI,2026-09-19 13:22:54
9032,403015645,RIOZZO,MI,2026-09-19 13:22:54
9033,403015646,ROBBIANO,MI,2026-09-19 13:22:54
9034,403015647,ROBECCHETTO,MI,2026-09-19 13:22:54
9035,403015648,ROBECCO LODIGIANO,MI,2026-09-19 13:22:54
9036,403015649,RONCHETTO,MI,2026-09-19 13:22:54
9037,403015650,ROSERIO,MI,2026-09-19 13:22:54
9038,403015651,ROVAGNASCO,MI,2026-09-19 13:22:54
9039,403015652,RUGINELLO,MI,2026-09-19 13:22:54
9040,403015653,SAN DAMIANO DI MONZA,MI,2026-09-19 13:22:54
9041,403015654,SAN GIULIANO,MI,2026-09-19 13:22:54
9042,403015655,SAN NOVO,MI,2026-09-19 13:22:54
9043,403015656,SAN PEDRINO,MI,2026-09-19 13:22:54
9044,403015657,SAN PIETRO BESTAZZO,MI,2026-09-19 13:22:54
9045,403015658,SAN PIETRO CUSICO,MI,2026-09-19 13:22:54
9046,403015659,SANT'AGATA MARTESANA,MI,2026-09-19 13:22:54
9047,403015660,SANTA MARIA IN PRATO,MI,2026-09-19 13:22:54
9048,403015661,SANT'ANTONINO TICINO,MI,2026-09-19 13:22:54
9049,403015662,SAN VITO E MARTA,MI,2026-09-19 13:22:54
9050,403015663,SELLANUOVA,MI,2026-09-19 13:22:54
9051,403015664,SESTO PERGOLA,MI,2026-09-19 13:22:54
9052,403015665,SESTO ULTERIANO,MI,2026-09-19 13:22:54
9053,403015666,SOLTARICO,MI,2026-09-19 13:22:54
9054,403015667,SULBIATE INFERIORE,MI,2026-09-19 13:22:54
9055,403015668,SULBIATE SUPERIORE,MI,2026-09-19 13:22:54
9056,403015669,TAINATE,MI,2026-09-19 13:22:54
9057,403015670,TAVAZZANO,MI,2026-09-19 13:22:54
9058,403015671,TERRAZZANO,MI,2026-09-19 13:22:54
9059,403015672,TORMO,MI,2026-09-19 13:22:54
9060,403015673,TRECELLA,MI,2026-09-19 13:22:54
9061,403015674,TREGASIO,MI,2026-09-19 13:22:54
9062,403015675,TRENNO,MI,2026-09-19 13:22:54
9063,403015676,TRIVULZA,MI,2026-09-19 13:22:54
9064,403015677,TRIVULZINA,MI,2026-09-19 13:22:54
9065,403015678,TURRO MILANESE,MI,2026-09-19 13:22:54
9066,403015679,USMATE,MI,2026-09-19 13:22:54
9067,403015680,VAIANO VALLE,MI,2026-09-19 13:22:54
9068,403015681,VALLE GUIDINO,MI,2026-09-19 13:22:54
9069,403015682,VEDUGGIO,MI,2026-09-19 13:22:54
9070,403015683,VERGO,MI,2026-09-19 13:22:54
9071,403015684,VIDARDO,MI,2026-09-19 13:22:54
9072,403015685,VIGADORE,MI,2026-09-19 13:22:54
9073,403015686,VIGANO CERTOSINO,MI,2026-09-19 13:22:54
9074,403015687,VIGENTINO,MI,2026-09-19 13:22:54
9075,403015688,VIGONZINO,MI,2026-09-19 13:22:54
9076,403015689,VILLANOVA VIMERCATE,MI,2026-09-19 13:22:54
9077,403015690,VILLA PIZZONE,MI,2026-09-19 13:22:54
9078,403015691,VILLA POMPEIANA,MI,2026-09-19 13:22:54
9079,403015692,VILLA RAVERIO,MI,2026-09-19 13:22:54
9080,403015693,VILLA ROSSA,MI,2026-09-19 13:22:54
9081,403015694,VITTADONE,MI,2026-09-19 13:22:54
9082,403015695,ZELO FORAMAGNO,MI,2026-09-19 13:22:54
9083,403015696,ZIVIDO,MI,2026-09-19 13:22:54
9084,403015697,ZORLESCO,MI,2026-09-19 13:22:54
9085,403015698,ZUNICO,MI,2026-09-19 13:22:54
9086,403015699,ABBADIA CERRETO,MI,2026-09-19 13:22:54
9087,403015700,BERTONICO,MI,2026-09-19 13:22:54
9088,403015701,BOFFALORA D'ADDA,MI,2026-09-19 13:22:54
9089,403015702,BORGHETTO LODIGIANO,MI,2026-09-19 13:22:54
9090,403015703,BORGO SAN GIOVANNI,MI,2026-09-19 13:22:54
9091,403015704,BREMBIO,MI,2026-09-19 13:22:54
9092,403015705,CAMAIRAGO,MI,2026-09-19 13:22:54
9093,403015706,CASALETTO LODIGIANO,MI,2026-09-19 13:22:54
9094,403015707,CASALMAIOCCO,MI,2026-09-19 13:22:54
9095,403015708,CASALPUSTERLENGO,MI,2026-09-19 13:22:54
9096,403015709,CASELLE LANDI,MI,2026-09-19 13:22:54
9097,403015710,CASELLE LURANI,MI,2026-09-19 13:22:54
9098,403015711,CASTELNUOVO BOCCA D'ADDA,MI,2026-09-19 13:22:54
9099,403015712,CASTIGLIONE D'ADDA,MI,2026-09-19 13:22:54
9100,403015713,CASTIRAGA VIDARDO,MI,2026-09-19 13:22:54
9101,403015714,CAVACURTA,MI,2026-09-19 13:22:54
9102,403015715,CAVENAGO D'ADDA,MI,2026-09-19 13:22:54
9103,403015716,CERVIGNANO D'ADDA,MI,2026-09-19 13:22:54
9104,403015717,CODOGNO,MI,2026-09-19 13:22:54
9105,403015718,COMAZZO,MI,2026-09-19 13:22:54
9106,403015719,CORNEGLIANO LAUDENSE,MI,2026-09-19 13:22:54
9107,403015720,CORNO GIOVINE,MI,2026-09-19 13:22:54
9108,403015721,CORNOVECCHIO,MI,2026-09-19 13:22:54
9109,403015722,CORTE PALASIO,MI,2026-09-19 13:22:54
9110,403015723,CRESPIATICA,MI,2026-09-19 13:22:54
9111,403015724,FOMBIO,MI,2026-09-19 13:22:54
9112,403015725,GALGAGNANO,MI,2026-09-19 13:22:54
9113,403015726,GRAFFIGNANA,MI,2026-09-19 13:22:54
9114,403015727,GUARDAMIGLIO,MI,2026-09-19 13:22:54
9115,403015728,LIVRAGA,MI,2026-09-19 13:22:54
9116,403015729,LODI,MI,2026-09-19 13:22:54
9117,403015730,LODI VECCHIO,MI,2026-09-19 13:22:54
9118,403015731,MACCASTORNA,MI,2026-09-19 13:22:54
9119,403015732,MAIRAGO,MI,2026-09-19 13:22:54
9120,403015733,MALEO,MI,2026-09-19 13:22:54
9121,403015734,MARUDO,MI,2026-09-19 13:22:54
9122,403015735,MASSALENGO,MI,2026-09-19 13:22:54
9123,403015736,MELETI,MI,2026-09-19 13:22:54
9124,403015737,MERLINO,MI,2026-09-19 13:22:54
9125,403015738,MONTANASO LOMBARDO,MI,2026-09-19 13:22:54
9126,403015739,MULAZZANO,MI,2026-09-19 13:22:54
9127,403015740,ORIO LITTA,MI,2026-09-19 13:22:54
9128,403015741,OSPEDALETTO LODIGIANO,MI,2026-09-19 13:22:54
9129,403015742,OSSAGO LODIGIANO,MI,2026-09-19 13:22:54
9130,403015743,PIEVE FISSIRAGA,MI,2026-09-19 13:22:54
9131,403015744,SALERANO SUL LAMBRO,MI,2026-09-19 13:22:54
9132,403015745,SAN FIORANO,MI,2026-09-19 13:22:54
9133,403015746,SAN MARTINO IN STRADA,MI,2026-09-19 13:22:54
9134,403015747,SAN ROCCO AL PORTO,MI,2026-09-19 13:22:54
9135,403015748,SANT'ANGELO LODIGIANO,MI,2026-09-19 13:22:54
9136,403015749,SANTO STEFANO LODIGIANO,MI,2026-09-19 13:22:54
9137,403015750,SECUGNAGO,MI,2026-09-19 13:22:54
9138,403015751,SENNA LODIGIANA,MI,2026-09-19 13:22:54
9139,403015752,SOMAGLIA,MI,2026-09-19 13:22:54
9140,403015753,SORDIO,MI,2026-09-19 13:22:54
9141,403015754,TAVAZZANO CON VILLAVESCO,MI,2026-09-19 13:22:54
9142,403015755,TERRANOVA DEI PASSERINI,MI,2026-09-19 13:22:54
9143,403015756,TURANO LODIGIANO,MI,2026-09-19 13:22:54
9144,403015757,VALERA FRATTA,MI,2026-09-19 13:22:54
9145,403015758,VILLANOVA DEL SILLARO,MI,2026-09-19 13:22:54
9146,403015759,ZELO BUON PERSICO,MI,2026-09-19 13:22:54
9147,403016039,BREMBILLA,BG,2026-09-19 13:22:54
9148,403016112,GEROSA,BG,2026-09-19 13:22:54
9149,403016192,SANT'OMOBONO IMAGNA,BG,2026-09-19 13:22:54
9150,403016215,TORRE DE' BUSI,BG,2026-09-19 13:22:54
9151,403016228,VALSECCA,BG,2026-09-19 13:22:54
9152,403016501,ALBEGNO,BG,2026-09-19 13:22:54
9153,403016502,ALZANO MAGGIORE,BG,2026-09-19 13:22:54
9154,403016503,ALZANO SOPRA,BG,2026-09-19 13:22:54
9155,403016504,BARESI,BG,2026-09-19 13:22:54
9156,403016505,BARZIZZA,BG,2026-09-19 13:22:54
9157,403016506,BONDIONE,BG,2026-09-19 13:22:54
9158,403016507,BONDO PETELLO,BG,2026-09-19 13:22:54
9159,403016508,BORDOGNA,BG,2026-09-19 13:22:54
9160,403016509,BORGOUNITO,BG,2026-09-19 13:22:54
9161,403016510,BRACCA DI COSTA SERINA,BG,2026-09-19 13:22:54
9162,403016511,BREMBATE DI SOTTO,BG,2026-09-19 13:22:54
9163,403016512,SOMBRENO,BG,2026-09-19 13:22:54
9164,403016513,BRUNTINO,BG,2026-09-19 13:22:54
9165,403016514,CALEPIO,BG,2026-09-19 13:22:54
9166,403016515,CALOLZIO,BG,2026-09-19 13:22:54
9167,403016516,CAPRIATE D'ADDA,BG,2026-09-19 13:22:54
9168,403016517,CAROBBIO,BG,2026-09-19 13:22:54
9169,403016518,CENATE,BG,2026-09-19 13:22:54
9170,403016519,CENATE D'ARGON,BG,2026-09-19 13:22:54
9171,403016520,CENTRISOLA,BG,2026-09-19 13:22:54
9172,403016521,CEPINO,BG,2026-09-19 13:22:54
9173,403016522,COLOGNOLA DEL PIANO,BG,2026-09-19 13:22:54
9174,403016523,CORTE,BG,2026-09-19 13:22:54
9175,403016524,CURDOMO,BG,2026-09-19 13:22:54
9176,403016525,CURNASCO,BG,2026-09-19 13:22:54
9177,403016526,DESENZANO AL SERIO,BG,2026-09-19 13:22:54
9178,403016527,DEZZO DI SCALVE,BG,2026-09-19 13:22:54
9179,403016528,ENDENNA,BG,2026-09-19 13:22:54
9180,403016529,ENDINE,BG,2026-09-19 13:22:54
9181,403016530,ESMATE,BG,2026-09-19 13:22:54
9182,403016531,FIUMENERO,BG,2026-09-19 13:22:54
9183,403016532,FONDRA,BG,2026-09-19 13:22:54
9184,403016533,FREROLA,BG,2026-09-19 13:22:54
9185,403016534,FUIPIANO AL BREMBO,BG,2026-09-19 13:22:54
9186,403016535,GRIGNANO,BG,2026-09-19 13:22:54
9187,403016536,GRUMELLO DEI ZANCHI,BG,2026-09-19 13:22:54
9188,403016537,GRUMELLO DEL PIANO,BG,2026-09-19 13:22:54
9189,403016538,LIZZOLA,BG,2026-09-19 13:22:54
9190,403016539,LOCATE BERGAMASCO,BG,2026-09-19 13:22:54
9191,403016540,LORENTINO,BG,2026-09-19 13:22:54
9192,403016541,MARIANO AL BREMBO,BG,2026-09-19 13:22:54
9193,403016542,MASSARI-MELZI,BG,2026-09-19 13:22:54
9194,403016543,MAZZOLENI E FALGHERA,BG,2026-09-19 13:22:54
9195,403016544,MOLINI DI COLOGNOLA,BG,2026-09-19 13:22:54
9196,403016545,NESE,BG,2026-09-19 13:22:54
9197,403016546,OLTREPOVO,BG,2026-09-19 13:22:54
9198,403016547,OLTRESSENDA BASSA,BG,2026-09-19 13:22:54
9199,403016548,OREZZO,BG,2026-09-19 13:22:54
9200,403016549,OSSANESGA,BG,2026-09-19 13:22:54
9201,403016550,PIAN GAIANO,BG,2026-09-19 13:22:54
9202,403016551,PIAZZO ALTO,BG,2026-09-19 13:22:54
9203,403016552,PIAZZO BASSO,BG,2026-09-19 13:22:54
9204,403016553,PONTE DI NOSSA,BG,2026-09-19 13:22:54
9205,403016554,POSCANTE,BG,2026-09-19 13:22:54
9206,403016555,REDONA,BG,2026-09-19 13:22:54
9207,403016556,RIGOSA,BG,2026-09-19 13:22:54
9208,403016557,RIVIERA D'ADDA,BG,2026-09-19 13:22:54
9209,403016558,ROCCA DEL COLLE,BG,2026-09-19 13:22:54
9210,403016559,ROSCIATE,BG,2026-09-19 13:22:54
9211,403016560,ROSSINO,BG,2026-09-19 13:22:54
9212,403016561,ROTA DENTRO,BG,2026-09-19 13:22:54
9213,403016562,ROTA FUORI,BG,2026-09-19 13:22:54
9214,403016563,ROVETTA CON FINO,BG,2026-09-19 13:22:54
9215,403016564,SABBIO BERGAMASCO,BG,2026-09-19 13:22:54
9216,403016565,SAN GALLO,BG,2026-09-19 13:22:54
9217,403016566,SAN GERVASIO D'ADDA,BG,2026-09-19 13:22:54
9218,403016567,SAN MARTINO DE' CALVI,BG,2026-09-19 13:22:54
9219,403016568,SAN PIETRO D'ORZIO,BG,2026-09-19 13:22:54
9220,403016569,SANT'ANTONIO D'ADDA,BG,2026-09-19 13:22:54
9221,403016570,SANTO STEFANO DEL MONTE DEGLI ANGELI,BG,2026-09-19 13:22:54
9222,403016571,SCANO AL BREMBO,BG,2026-09-19 13:22:54
9223,403016572,SCANZO,BG,2026-09-19 13:22:54
9224,403016573,SELINO,BG,2026-09-19 13:22:54
9225,403016574,SELLERE,BG,2026-09-19 13:22:54
9226,403016575,SFORZATICA,BG,2026-09-19 13:22:54
9227,403016576,SOLTO,BG,2026-09-19 13:22:54
9228,403016577,SOMENDENNA,BG,2026-09-19 13:22:54
9229,403016578,SPINO AL BREMBO,BG,2026-09-19 13:22:54
9230,403016579,SPINONE,BG,2026-09-19 13:22:54
9231,403016580,STABELLO,BG,2026-09-19 13:22:54
9232,403016581,TAGLIUNO,BG,2026-09-19 13:22:54
9233,403016582,TRABUCHELLO,BG,2026-09-19 13:22:54
9234,403016583,VALL'ALTA,BG,2026-09-19 13:22:54
9235,403016584,VALTESSE,BG,2026-09-19 13:22:54
9236,403016585,VILLONGO SAN FILASTRO,BG,2026-09-19 13:22:54
9237,403016586,VILLONGO SANT'ALESSANDRO,BG,2026-09-19 13:22:54
9238,403016587,VILMINORE,BG,2026-09-19 13:22:54
9239,403016588,ZORZINO,BG,2026-09-19 13:22:54
9240,403016589,ALME' CON VILLA,BG,2026-09-19 13:22:54
9241,403016590,CALOLZIOCORTE,BG,2026-09-19 13:22:54
9242,403016591,CARENNO,BG,2026-09-19 13:22:54
9243,403016592,ERVE,BG,2026-09-19 13:22:54
9244,403016593,MONTE MARENZO,BG,2026-09-19 13:22:54
9245,403016594,TORRE DE' BUSI,BG,2026-09-19 13:22:54
9246,403016595,VERCURAGO,BG,2026-09-19 13:22:54
9247,403017092,LONATO,BS,2026-09-19 13:22:54
9248,403017154,PRESTINE,BS,2026-09-19 13:22:54
9249,403017193,VALLIO,BS,2026-09-19 13:22:54
9250,403017501,ACQUALUNGA,BS,2026-09-19 13:22:54
9251,403017502,ALONE,BS,2026-09-19 13:22:54
9252,403017503,ANFURRO,BS,2026-09-19 13:22:54
9253,403017504,ARMO,BS,2026-09-19 13:22:54
9254,403017505,AVENONE,BS,2026-09-19 13:22:54
9255,403017506,BARCO,BS,2026-09-19 13:22:54
9256,403017507,BEL PRATO,BS,2026-09-19 13:22:54
9257,403017508,BORGONATO,BS,2026-09-19 13:22:54
9258,403017509,BORNATO,BS,2026-09-19 13:22:54
9259,403017510,BOTTICINO MATTINA,BS,2026-09-19 13:22:54
9260,403017511,BOTTICINO SERA,BS,2026-09-19 13:22:54
9261,403017512,BROZZO,BS,2026-09-19 13:22:54
9262,403017513,BURAGO RIVIERA,BS,2026-09-19 13:22:54
9263,403017514,CAMPOVERDE,BS,2026-09-19 13:22:54
9264,403017515,CADIGNANO,BS,2026-09-19 13:22:54
9265,403017516,CAJONVICO,BS,2026-09-19 13:22:54
9266,403017517,CALINO,BS,2026-09-19 13:22:54
9267,403017518,CAMIGNONE,BS,2026-09-19 13:22:54
9268,403017519,CAPRIANO-AZZANO,BS,2026-09-19 13:22:54
9269,403017520,CARCINA,BS,2026-09-19 13:22:54
9270,403017521,CARZAGO DELLA RIVIERA,BS,2026-09-19 13:22:54
9271,403017522,CASTREZZONE,BS,2026-09-19 13:22:54
9272,403017523,CETO-CERVENO,BS,2026-09-19 13:22:54
9273,403017524,CIGNANO,BS,2026-09-19 13:22:54
9274,403017525,CILIVERGHE,BS,2026-09-19 13:22:54
9275,403017526,CIMBERGO-PASPARDO,BS,2026-09-19 13:22:54
9276,403017527,CIVIDATE-MALEGNO,BS,2026-09-19 13:22:54
9277,403017528,CIZZAGO,BS,2026-09-19 13:22:54
9278,403017529,CLUSANE SUL LAGO,BS,2026-09-19 13:22:54
9279,403017530,COLOMBARO,BS,2026-09-19 13:22:54
9280,403017531,COMERO,BS,2026-09-19 13:22:54
9281,403017532,COMEZZANO,BS,2026-09-19 13:22:54
9282,403017533,CORTENEDOLO,BS,2026-09-19 13:22:54
9283,403017534,CORTICELLE PIEVE,BS,2026-09-19 13:22:54
9284,403017535,COSSIRANO,BS,2026-09-19 13:22:54
9285,403017536,CREMEZZANO,BS,2026-09-19 13:22:54
9286,403017537,DEGAGNA,BS,2026-09-19 13:22:54
9287,403017538,ERBANNO,BS,2026-09-19 13:22:54
9288,403017539,FARFENGO,BS,2026-09-19 13:22:54
9289,403017540,FAVERZANO,BS,2026-09-19 13:22:54
9290,403017541,FIUMICELLO URAGO,BS,2026-09-19 13:22:54
9291,403017542,FOLZANO,BS,2026-09-19 13:22:54
9292,403017543,FRONTIGNANO,BS,2026-09-19 13:22:54
9293,403017544,GEROLANUOVA,BS,2026-09-19 13:22:54
9294,403017545,GOGLIONE SOPRA,BS,2026-09-19 13:22:54
9295,403017546,GOGLIONE SOTTO,BS,2026-09-19 13:22:54
9296,403017547,GORZONE,BS,2026-09-19 13:22:54
9297,403017548,INZINO,BS,2026-09-19 13:22:54
9298,403017549,LEVRANGE,BS,2026-09-19 13:22:54
9299,403017550,LIVEMMO,BS,2026-09-19 13:22:54
9300,403017551,LOVENO GRUMELLO,BS,2026-09-19 13:22:54
9301,403017552,LUDRIANO,BS,2026-09-19 13:22:54
9302,403017553,LUMEZZANE PIEVE,BS,2026-09-19 13:22:54
9303,403017554,LUMEZZANE SAN SEBASTIANO,BS,2026-09-19 13:22:54
9304,403017555,LUMEZZANE SANT'APOLLONIO,BS,2026-09-19 13:22:54
9305,403017556,MADERNO,BS,2026-09-19 13:22:54
9306,403017557,MAGNO SOPRA INZINO,BS,2026-09-19 13:22:54
9307,403017558,MAZZUNNO,BS,2026-09-19 13:22:54
9308,403017559,MILZANELLO,BS,2026-09-19 13:22:54
9309,403017560,MOMPIANO,BS,2026-09-19 13:22:54
9310,403017561,MU,BS,2026-09-19 13:22:54
9311,403017562,NAVONO,BS,2026-09-19 13:22:54
9312,403017563,NIGOLINE,BS,2026-09-19 13:22:54
9313,403017564,NOZZA,BS,2026-09-19 13:22:54
9314,403017565,ONO DEGNO,BS,2026-09-19 13:22:54
9315,403017566,ORIANO,BS,2026-09-19 13:22:54
9316,403017567,PADERNELLO,BS,2026-09-19 13:22:54
9317,403017568,PAISCO,BS,2026-09-19 13:22:54
9318,403017569,PESCHIERA MARAGLIO,BS,2026-09-19 13:22:54
9319,403017570,PEZZORO,BS,2026-09-19 13:22:54
9320,403017571,PIAN D'ARTOGNE,BS,2026-09-19 13:22:54
9321,403017572,PILZONE,BS,2026-09-19 13:22:54
9322,403017573,PONCARALE FLERO,BS,2026-09-19 13:22:54
9323,403017574,PONTAGNA,BS,2026-09-19 13:22:54
9324,403017575,PORTESE,BS,2026-09-19 13:22:54
9325,403017576,PORZANO,BS,2026-09-19 13:22:54
9326,403017577,PRANDAGLIO,BS,2026-09-19 13:22:54
9327,403017578,PRESEGNO,BS,2026-09-19 13:22:54
9328,403017579,PROVAGLIO SOPRA,BS,2026-09-19 13:22:54
9329,403017580,PROVAGLIO SOTTO,BS,2026-09-19 13:22:54
9330,403017581,PROVEZZE,BS,2026-09-19 13:22:54
9331,403017582,QUINZANELLO,BS,2026-09-19 13:22:54
9332,403017583,RAFFA,BS,2026-09-19 13:22:54
9333,403017584,REMEDELLO SOPRA,BS,2026-09-19 13:22:54
9334,403017585,REMEDELLO SOTTO,BS,2026-09-19 13:22:54
9335,403017586,RIVOLTELLA SUL GARDA,BS,2026-09-19 13:22:54
9336,403017587,RODENGO,BS,2026-09-19 13:22:54
9337,403017588,SAIANO,BS,2026-09-19 13:22:54
9338,403017589,SAN BARTOLOMEO,BS,2026-09-19 13:22:54
9339,403017590,SAN FELICE DI SCOVOLO,BS,2026-09-19 13:22:54
9340,403017591,SAN NAZZARO MELLA,BS,2026-09-19 13:22:54
9341,403017592,SANT'EUFEMIA DELLA FONTE,BS,2026-09-19 13:22:54
9342,403017593,SANT'ALESSANDRO,BS,2026-09-19 13:22:54
9343,403017594,SANTICOLO,BS,2026-09-19 13:22:54
9344,403017595,SAN VIGILIO,BS,2026-09-19 13:22:54
9345,403017596,SCARPIZZOLO,BS,2026-09-19 13:22:54
9346,403017597,SIVIANO,BS,2026-09-19 13:22:54
9347,403017598,SOPRAPONTE,BS,2026-09-19 13:22:54
9348,403017599,SOPRAZOCCO,BS,2026-09-19 13:22:54
9349,403017600,TERZANO,BS,2026-09-19 13:22:54
9350,403017601,TIMOLINE,BS,2026-09-19 13:22:54
9351,403017602,TORBIATO,BS,2026-09-19 13:22:54
9352,403017603,TOSCOLANO,BS,2026-09-19 13:22:54
9353,403017604,URAGO MELLA,BS,2026-09-19 13:22:54
9354,403017605,VALSAVIORE,BS,2026-09-19 13:22:54
9355,403017606,VELLO,BS,2026-09-19 13:22:54
9356,403017607,VILLA COGOZZO,BS,2026-09-19 13:22:54
9357,403017608,VILLA D'ALLEGNO,BS,2026-09-19 13:22:54
9358,403017609,VIRLE TRE PONTI,BS,2026-09-19 13:22:54
9359,403017989,TREMOSINE SUL GARDA,BS,2026-09-19 13:22:54
9360,403018010,BASTIDA DE' DOSSI,PV,2026-09-19 13:22:54
9361,403018055,CORNALE,PV,2026-09-19 13:22:54
9362,403018056,CORTEOLONA,PV,2026-09-19 13:22:54
9363,403018070,GENZONE,PV,2026-09-19 13:22:54
9364,403018073,GODIASCO,PV,2026-09-19 13:22:54
9365,403018122,RIVANAZZANO,PV,2026-09-19 13:22:54
9366,403018193,COLLI VERDI,PV,2026-09-19 13:22:54
9367,403018501,ARGINE PO,PV,2026-09-19 13:22:54
9368,403018502,BARONA,PV,2026-09-19 13:22:54
9369,403018503,BASELICA BOLOGNA,PV,2026-09-19 13:22:54
9370,403018504,BELVEDERE AL PO,PV,2026-09-19 13:22:54
9371,403018505,BOTTARONE,PV,2026-09-19 13:22:54
9372,403018506,BRANDUZZO,PV,2026-09-19 13:22:54
9373,403018507,BUTTIRAGO,PV,2026-09-19 13:22:54
9374,403018508,CA' DELLA TERRA,PV,2026-09-19 13:22:54
9375,403018509,CA' DE' TEDIOLI,PV,2026-09-19 13:22:54
9376,403018510,CAIRO LOMELLINO,PV,2026-09-19 13:22:54
9377,403018511,CALIGNANO,PV,2026-09-19 13:22:54
9378,403018512,CAMBIO',PV,2026-09-19 13:22:54
9379,403018513,CAMPOMORTO,PV,2026-09-19 13:22:54
9380,403018514,CAMPO RINALDO,PV,2026-09-19 13:22:54
9381,403018515,CAMPOSPINOSO ALBAREDO,PV,2026-09-19 13:22:54
9382,403018516,CARPIGNAGO,PV,2026-09-19 13:22:54
9383,403018517,CASATICO,PV,2026-09-19 13:22:54
9384,403018518,CASSINE CALDERARI,PV,2026-09-19 13:22:54
9385,403018519,CASSINE SIRIGARI,PV,2026-09-19 13:22:54
9386,403018520,CASSINE TOLENTINE,PV,2026-09-19 13:22:54
9387,403018521,CASSINO PO,PV,2026-09-19 13:22:54
9388,403018522,CASTEL LAMBRO,PV,2026-09-19 13:22:54
9389,403018523,CASTELLARO DE' GIORGI,PV,2026-09-19 13:22:54
9390,403018524,CASTELLETTO PO,PV,2026-09-19 13:22:54
9391,403018525,CAVAGNERA,PV,2026-09-19 13:22:54
9392,403018526,CELLA DI BOBBIO,PV,2026-09-19 13:22:54
9393,403018527,CELPENCHIO,PV,2026-09-19 13:22:54
9394,403018528,COMAIRANO,PV,2026-09-19 13:22:54
9395,403018529,CORBESATE,PV,2026-09-19 13:22:54
9396,403018530,CORPI SANTI DI PAVIA,PV,2026-09-19 13:22:54
9397,403018531,DONELASCO,PV,2026-09-19 13:22:54
9398,403018532,FOPPA,PV,2026-09-19 13:22:54
9399,403018533,FOSSARMATO,PV,2026-09-19 13:22:54
9400,403018534,GERRE CHIOZZO,PV,2026-09-19 13:22:54
9401,403018535,GIOVENZANO,PV,2026-09-19 13:22:54
9402,403018536,GOIDO,PV,2026-09-19 13:22:54
9403,403018537,GUALDRASCO,PV,2026-09-19 13:22:54
9404,403018538,GUINZANO,PV,2026-09-19 13:22:54
9405,403018539,LICONASCO,PV,2026-09-19 13:22:54
9406,403018540,MANDRINO,PV,2026-09-19 13:22:54
9407,403018541,MANGIALUPO,PV,2026-09-19 13:22:54
9408,403018542,MEZZANO PARPANESE,PV,2026-09-19 13:22:54
9409,403018543,MEZZANO SICCOMARIO,PV,2026-09-19 13:22:54
9410,403018544,MIRABELLO ED UNITI DI PAVIA,PV,2026-09-19 13:22:54
9411,403018545,MISANO OLONA,PV,2026-09-19 13:22:54
9412,403018546,MONTE BOLOGNOLA,PV,2026-09-19 13:22:54
9413,403018547,MONTELEONE SUI COLLI PAVESI,PV,2026-09-19 13:22:54
9414,403018548,MONTESANO AL PIANO,PV,2026-09-19 13:22:54
9415,403018549,MONTU' BERCHIELLI,PV,2026-09-19 13:22:54
9416,403018550,MOTTA SAN DAMIANO,PV,2026-09-19 13:22:54
9417,403018551,ORIGIOSO,PV,2026-09-19 13:22:54
9418,403018552,PAIRANA,PV,2026-09-19 13:22:54
9419,403018553,PAPIAGO,PV,2026-09-19 13:22:54
9420,403018554,PIETRA GAVINA,PV,2026-09-19 13:22:54
9421,403018555,PISSARELLO,PV,2026-09-19 13:22:54
9422,403018556,PIZZOCORNO,PV,2026-09-19 13:22:54
9423,403018557,POMETO,PV,2026-09-19 13:22:54
9424,403018558,PONTE CARATE,PV,2026-09-19 13:22:54
9425,403018559,PRADO,PV,2026-09-19 13:22:54
9426,403018560,SAGLIANO DI CRENNA,PV,2026-09-19 13:22:54
9427,403018561,SAN PERONE,PV,2026-09-19 13:22:54
9428,403018562,SAN PONZO SEMOLA,PV,2026-09-19 13:22:54
9429,403018563,SANT'ALBANO DI BOBBIO,PV,2026-09-19 13:22:54
9430,403018564,SANTA MARGHERITA DI BOBBIO,PV,2026-09-19 13:22:54
9431,403018565,SANTA MARGHERITA PO,PV,2026-09-19 13:22:54
9432,403018566,SAN VARESE,PV,2026-09-19 13:22:54
9433,403018567,SAN ZENO E FOPPA,PV,2026-09-19 13:22:54
9434,403018568,SPIRAGO,PV,2026-09-19 13:22:54
9435,403018569,STAGHIGLIONE,PV,2026-09-19 13:22:54
9436,403018570,TERRASA,PV,2026-09-19 13:22:54
9437,403018571,TORRADELLO,PV,2026-09-19 13:22:54
9438,403018572,TORRE BERETTI,PV,2026-09-19 13:22:54
9439,403018573,TORRE DEL MANGANO,PV,2026-09-19 13:22:54
9440,403018574,TORRE DEL MONTE,PV,2026-09-19 13:22:54
9441,403018575,TORRE DE' TORTI,PV,2026-09-19 13:22:54
9442,403018576,TORRIANO,PV,2026-09-19 13:22:54
9443,403018577,TORRINO,PV,2026-09-19 13:22:54
9444,403018578,TREBBIANO NIZZA,PV,2026-09-19 13:22:54
9445,403018579,TROGNANO,PV,2026-09-19 13:22:54
9446,403018580,TURAGO BORDONE,PV,2026-09-19 13:22:54
9447,403018581,VACCARIZZA,PV,2026-09-19 13:22:54
9448,403018582,VAIRANO PAVESE,PV,2026-09-19 13:22:54
9449,403018583,VERRUA SICCOMARIO,PV,2026-09-19 13:22:54
9450,403018584,VIGALFO,PV,2026-09-19 13:22:54
9451,403018585,VIGONZONE,PV,2026-09-19 13:22:54
9452,403018586,VILLALUNGA,PV,2026-09-19 13:22:54
9453,403018587,VILLAREGGIO,PV,2026-09-19 13:22:54
9454,403018588,VIMANONE,PV,2026-09-19 13:22:54
9455,403018589,VIVENTE,PV,2026-09-19 13:22:54
9456,403018590,ZAVATTARELLO VALVERDE,PV,2026-09-19 13:22:54
9457,403018591,ZELATA,PV,2026-09-19 13:22:54
9458,403018592,ZIBIDO AL LAMBRO,PV,2026-09-19 13:22:54
9459,403018926,CAMPOSPINOSO ALBAREDO,PV,2026-09-19 13:22:54
9460,403019116,PIADENA DRIZZONA,CR,2026-09-19 13:22:54
9461,403019501,ACQUALUNGA BADONA,CR,2026-09-19 13:22:54
9462,403019502,TRIBURGO,CR,2026-09-19 13:22:54
9463,403019503,ALFIANO ED UNITI,CR,2026-09-19 13:22:54
9464,403019504,ARDOLE SAN MARINO,CR,2026-09-19 13:22:54
9465,403019505,BAGNAROLO,CR,2026-09-19 13:22:54
9466,403019506,BARBISELLE,CR,2026-09-19 13:22:54
9467,403019507,BARZANIGA,CR,2026-09-19 13:22:54
9468,403019508,BETTENESCO,CR,2026-09-19 13:22:54
9469,403019509,BINANUOVA,CR,2026-09-19 13:22:54
9470,403019510,BOTTAIANO,CR,2026-09-19 13:22:54
9471,403019511,BRANCERE,CR,2026-09-19 13:22:54
9472,403019512,BREDA GUAZZONE,CR,2026-09-19 13:22:54
9473,403019513,BROLPASINO,CR,2026-09-19 13:22:54
9474,403019514,CA' DE' BONAVOGLI,CR,2026-09-19 13:22:54
9475,403019515,CA' DE' CAGGI,CR,2026-09-19 13:22:54
9476,403019516,CA' DE' CORTI,CR,2026-09-19 13:22:54
9477,403019517,CA' DE' QUINZANI,CR,2026-09-19 13:22:54
9478,403019518,CA' DE' SFONDRATI,CR,2026-09-19 13:22:54
9479,403019519,CA' DE' SORESINI,CR,2026-09-19 13:22:54
9480,403019520,CA' DE' STAOLI,CR,2026-09-19 13:22:54
9481,403019521,CA' DE' STEFANI,CR,2026-09-19 13:22:54
9482,403019522,CANOVA DEL MORBASCO,CR,2026-09-19 13:22:54
9483,403019523,CANOVA OLZANO,CR,2026-09-19 13:22:54
9484,403019524,CANSERO,CR,2026-09-19 13:22:54
9485,403019525,CARPANETA CON DOSIMO,CR,2026-09-19 13:22:54
9486,403019526,CARUBERTO,CR,2026-09-19 13:22:54
9487,403019527,CASALE CREMASCO,CR,2026-09-19 13:22:54
9488,403019528,CASALORZO GEROLDI,CR,2026-09-19 13:22:54
9489,403019529,CASALSIGONE,CR,2026-09-19 13:22:54
9490,403019530,CASANUOVA OFFREDI,CR,2026-09-19 13:22:54
9491,403019531,CASCINE,CR,2026-09-19 13:22:54
9492,403019532,CASCINE GANDINI,CR,2026-09-19 13:22:54
9493,403019533,CASTELFRANCO D'OGLIO,CR,2026-09-19 13:22:54
9494,403019534,CASTELNUOVO CREMASCO,CR,2026-09-19 13:22:54
9495,403019535,CASTELNUOVO DEL VESCOVO,CR,2026-09-19 13:22:54
9496,403019536,CASTELNUOVO DEL ZAPPA,CR,2026-09-19 13:22:54
9497,403019537,CASTELNUOVO GHERARDI,CR,2026-09-19 13:22:54
9498,403019538,CASTELPONZONE,CR,2026-09-19 13:22:54
9499,403019539,CAVALLARA,CR,2026-09-19 13:22:54
9500,403019540,CAVA TIGOZZI,CR,2026-09-19 13:22:54
9501,403019541,CELLA,CR,2026-09-19 13:22:54
9502,403019542,CIGNONE,CR,2026-09-19 13:22:54
9503,403019543,COLOMBAROLO,CR,2026-09-19 13:22:54
9504,403019544,CORPI SANTI DI CREMONA,CR,2026-09-19 13:22:54
9505,403019545,CORTE DE' CORTESI,CR,2026-09-19 13:22:54
9506,403019546,CORTE MADAMA,CR,2026-09-19 13:22:54
9507,403019547,CORTETANO,CR,2026-09-19 13:22:54
9508,403019548,COSTA SANT'ABRAMO,CR,2026-09-19 13:22:54
9509,403019549,CREDERA,CR,2026-09-19 13:22:54
9510,403019550,DOSSO BAROARDO,CR,2026-09-19 13:22:54
9511,403019551,DOSSO DE' FRATI,CR,2026-09-19 13:22:54
9512,403019552,DUEMIGLIA,CR,2026-09-19 13:22:54
9513,403019553,FARINATE,CR,2026-09-19 13:22:54
9514,403019554,FENGO,CR,2026-09-19 13:22:54
9515,403019555,FORCELLO,CR,2026-09-19 13:22:54
9516,403019556,FOSSA GUAZZONA,CR,2026-09-19 13:22:54
9517,403019557,FRACCHIA,CR,2026-09-19 13:22:54
9518,403019558,GABBIONETA,CR,2026-09-19 13:22:54
9519,403019559,GADESCO,CR,2026-09-19 13:22:54
9520,403019560,GAMBINA BARCHETTI,CR,2026-09-19 13:22:54
9521,403019561,GANDINI,CR,2026-09-19 13:22:54
9522,403019562,GAZZO,CR,2026-09-19 13:22:54
9523,403019563,GERE DEL PESCE,CR,2026-09-19 13:22:54
9524,403019564,GRADELLA,CR,2026-09-19 13:22:54
9525,403019565,GRONTORTO,CR,2026-09-19 13:22:54
9526,403019566,ISOLA PESCAROLI,CR,2026-09-19 13:22:54
9527,403019567,ISOLELLO,CR,2026-09-19 13:22:54
9528,403019568,LEVATA,CR,2026-09-19 13:22:54
9529,403019569,LICENGO,CR,2026-09-19 13:22:54
9530,403019570,LONGARDORE,CR,2026-09-19 13:22:54
9531,403019571,LUIGNANO,CR,2026-09-19 13:22:54
9532,403019572,MARZALENGO,CR,2026-09-19 13:22:54
9533,403019573,MIRABELLO CIRIA,CR,2026-09-19 13:22:54
9534,403019574,MONTANARA,CR,2026-09-19 13:22:54
9535,403019575,MONTICELLI RIPA D'OGLIO,CR,2026-09-19 13:22:54
9536,403019576,NOSADELLO,CR,2026-09-19 13:22:54
9537,403019577,OMBRIANO,CR,2026-09-19 13:22:54
9538,403019578,OSSALENGO,CR,2026-09-19 13:22:54
9539,403019579,OSSOLARO,CR,2026-09-19 13:22:54
9540,403019580,PADERNO CREMONESE,CR,2026-09-19 13:22:54
9541,403019581,PALVARETO,CR,2026-09-19 13:22:54
9542,403019582,PASSARERA,CR,2026-09-19 13:22:54
9543,403019583,PERSICO,CR,2026-09-19 13:22:54
9544,403019584,PIEVE DELMONA,CR,2026-09-19 13:22:54
9545,403019585,PIEVE SAN MAURIZIO,CR,2026-09-19 13:22:54
9546,403019586,PIEVE TERZAGNI,CR,2026-09-19 13:22:54
9547,403019587,POLENGO,CR,2026-09-19 13:22:54
9548,403019588,PONTIROLO CAPREDONI,CR,2026-09-19 13:22:54
9549,403019589,PORTA OMBRIANO,CR,2026-09-19 13:22:54
9550,403019590,POZZAGLIO,CR,2026-09-19 13:22:54
9551,403019591,POZZO BARONZIO,CR,2026-09-19 13:22:54
9552,403019592,PRATO MUZIO,CR,2026-09-19 13:22:54
9553,403019593,QUISTRO,CR,2026-09-19 13:22:54
9554,403019594,RECORFANO,CR,2026-09-19 13:22:54
9555,403019595,RIPALTA NUOVA,CR,2026-09-19 13:22:54
9556,403019596,RIPALTA VECCHIA,CR,2026-09-19 13:22:54
9557,403019597,ROMPREZZAGNO,CR,2026-09-19 13:22:54
9558,403019598,RONCA DE' GOLFERANI,CR,2026-09-19 13:22:54
9559,403019599,RONCADELLO D'ADDA,CR,2026-09-19 13:22:54
9560,403019600,RUBBIANO,CR,2026-09-19 13:22:54
9561,403019601,SAN BERNARDINO,CR,2026-09-19 13:22:54
9562,403019602,SAN LORENZO AROLDO,CR,2026-09-19 13:22:54
9563,403019603,SAN LORENZO DE' PICENARDI,CR,2026-09-19 13:22:54
9564,403019604,SAN LORENZO GUAZZONE,CR,2026-09-19 13:22:54
9565,403019605,SAN LORENZO MONDINARI,CR,2026-09-19 13:22:54
9566,403019606,SAN MARTINO IN BELISETO,CR,2026-09-19 13:22:54
9567,403019607,SAN MICHELE CREMASCO,CR,2026-09-19 13:22:54
9568,403019608,SAN PAOLO RIPA D'OGLIO,CR,2026-09-19 13:22:54
9569,403019609,SAN SALVATORE,CR,2026-09-19 13:22:54
9570,403019610,SAN SAVINO,CR,2026-09-19 13:22:54
9571,403019611,SAN SILLO,CR,2026-09-19 13:22:54
9572,403019612,SANTA MARIA DELLA CROCE,CR,2026-09-19 13:22:54
9573,403019613,SAN VITO E MODESTO,CR,2026-09-19 13:22:54
9574,403019614,SCANNABUE,CR,2026-09-19 13:22:54
9575,403019615,SILVELLA,CR,2026-09-19 13:22:54
9576,403019616,SOLAROLO DEL PERSICO,CR,2026-09-19 13:22:54
9577,403019617,SOLAROLO MONASTEROLO,CR,2026-09-19 13:22:54
9578,403019618,STILO DE' MARIANI,CR,2026-09-19 13:22:54
9579,403019619,STRACONDOLO,CR,2026-09-19 13:22:54
9580,403019620,TORRE D'ANGIOLINI,CR,2026-09-19 13:22:54
9581,403019621,TREDOSSI,CR,2026-09-19 13:22:54
9582,403019622,TREZZOLASCO,CR,2026-09-19 13:22:54
9583,403019623,VAIRANO CREMASCO,CR,2026-09-19 13:22:54
9584,403019624,VHO,CR,2026-09-19 13:22:54
9585,403019625,VIDICETO CON GURATA,CR,2026-09-19 13:22:54
9586,403019626,VIDOLASCO,CR,2026-09-19 13:22:54
9587,403019627,VIGHIZZOLO,CR,2026-09-19 13:22:54
9588,403019628,VILLAROCCA,CR,2026-09-19 13:22:54
9589,403019629,ZANENGO,CR,2026-09-19 13:22:54
9590,403019630,ZAPPELLO CON BOLZONE,CR,2026-09-19 13:22:54
9591,403019631,CASANOVA DEL MORBASCO,CR,2026-09-19 13:22:54
9592,403019632,CREDERA CON ROVERETO,CR,2026-09-19 13:22:54
9593,403019633,ROVERETO,CR,2026-09-19 13:22:54
9594,403020005,BORGOFORTE,MN,2026-09-19 13:22:54
9595,403020069,VIRGILIO,MN,2026-09-19 13:22:54
9596,403020072,BORGO MANTOVANO,MN,2026-09-19 13:22:54
9597,403020073,BORGOCARBONARA,MN,2026-09-19 13:22:54
9598,403020501,CASALPOGLIO,MN,2026-09-19 13:22:54
9599,403020957,SAN GIORGIO BIGARELLO,MN,2026-09-19 13:22:54
9600,403020961,SERMIDE E FELONICA,MN,2026-09-19 13:22:54
9601,403097066,PEREGO,LC,2026-09-19 13:22:54
9602,403097073,ROVAGNATE,LC,2026-09-19 13:22:54
9603,403097087,VERDERIO INFERIORE,LC,2026-09-19 13:22:54
9604,403097088,VERDERIO SUPERIORE,LC,2026-09-19 13:22:54
9605,403097093,VALVARRONE,LC,2026-09-19 13:22:54
9606,403098062,CASTELGERUNDO,LO,2026-09-19 13:22:54
9607,404021501,ACERETO,BZ,2026-09-19 13:22:54
9608,404021502,ALBES,BZ,2026-09-19 13:22:54
9609,404021503,ALLIZ,BZ,2026-09-19 13:22:54
9610,404021504,ANTERSELVA,BZ,2026-09-19 13:22:54
9611,404021505,BURGUSIO,BZ,2026-09-19 13:22:54
9612,404021506,CAMINATA IN TURES,BZ,2026-09-19 13:22:54
9613,404021507,CASTELBELLO,BZ,2026-09-19 13:22:54
9614,404021508,CASTELDARNE,BZ,2026-09-19 13:22:54
9615,404021509,COVELANO,BZ,2026-09-19 13:22:54
9616,404021510,CENGLES,BZ,2026-09-19 13:22:54
9617,404021511,CEVES,BZ,2026-09-19 13:22:54
9618,404021512,CIARDES,BZ,2026-09-19 13:22:54
9619,404021513,ISSENGO,BZ,2026-09-19 13:22:54
9620,404021514,CLUSIO,BZ,2026-09-19 13:22:54
9621,404021515,COLDRANO,BZ,2026-09-19 13:22:54
9622,404021516,COLFOSCO,BZ,2026-09-19 13:22:54
9623,404021517,COLLE IN CASIES,BZ,2026-09-19 13:22:54
9624,404021518,COLLI IN PUSTERIA,BZ,2026-09-19 13:22:54
9625,404021519,COLSANO,BZ,2026-09-19 13:22:54
9626,404021520,CURON,BZ,2026-09-19 13:22:54
9627,404021521,CORTI IN PUSTERIA,BZ,2026-09-19 13:22:54
9628,404021522,CORVARA IN PASSIRIA,BZ,2026-09-19 13:22:54
9629,404021523,CORZES,BZ,2026-09-19 13:22:54
9630,404021524,QUARAZZE,BZ,2026-09-19 13:22:54
9631,404021525,ELLE,BZ,2026-09-19 13:22:54
9632,404021526,EORES,BZ,2026-09-19 13:22:54
9633,404021527,FAOGNA DI SOTTO,BZ,2026-09-19 13:22:54
9634,404021528,FLERES,BZ,2026-09-19 13:22:54
9635,404021529,FOIANA,BZ,2026-09-19 13:22:54
9636,404021530,FUNDRES,BZ,2026-09-19 13:22:54
9637,404021531,GRIES,BZ,2026-09-19 13:22:54
9638,404021532,GRIMALDO,BZ,2026-09-19 13:22:54
9639,404021533,GUDON,BZ,2026-09-19 13:22:54
9640,404021534,LACINIGO,BZ,2026-09-19 13:22:54
9641,404021535,LAPPAGO,BZ,2026-09-19 13:22:54
9642,404021536,LAUDES,BZ,2026-09-19 13:22:54
9643,404021537,LAZFONS,BZ,2026-09-19 13:22:54
9644,404021538,LONGIARU',BZ,2026-09-19 13:22:54
9645,404021539,LUTAGO,BZ,2026-09-19 13:22:54
9646,404021540,MAIA ALTA,BZ,2026-09-19 13:22:54
9647,404021541,MAIA BASSA,BZ,2026-09-19 13:22:54
9648,404021542,MALLES,BZ,2026-09-19 13:22:54
9649,404021543,MANTANA,BZ,2026-09-19 13:22:54
9650,404021544,MARANZA,BZ,2026-09-19 13:22:54
9651,404021545,MARETA,BZ,2026-09-19 13:22:54
9652,404021546,MAZIA,BZ,2026-09-19 13:22:54
9653,404021547,MILLAN-SARNESS,BZ,2026-09-19 13:22:54
9654,404021548,MOLINI DI TURES,BZ,2026-09-19 13:22:54
9655,404021549,MONGHEZZO DI FUORI,BZ,2026-09-19 13:22:54
9656,404021550,MONTASSILONE,BZ,2026-09-19 13:22:54
9657,404021551,MONTE DI MEZZODI',BZ,2026-09-19 13:22:54
9658,404021552,MONTE DI TRAMONTANA,BZ,2026-09-19 13:22:54
9659,404021553,MONTECHIARO,BZ,2026-09-19 13:22:54
9660,404021554,MONTEFONTANA,BZ,2026-09-19 13:22:54
9661,404021555,MONTEPONENTE,BZ,2026-09-19 13:22:54
9662,404021556,MONTE SAN CANDIDO,BZ,2026-09-19 13:22:54
9663,404021557,MORTER,BZ,2026-09-19 13:22:54
9664,404021558,MULES,BZ,2026-09-19 13:22:54
9665,404021559,NAZ,BZ,2026-09-19 13:22:54
9666,404021560,NOVACELLA,BZ,2026-09-19 13:22:54
9667,404021561,ONIES,BZ,2026-09-19 13:22:54
9668,404021562,ORIS,BZ,2026-09-19 13:22:54
9669,404021563,PLANOL,BZ,2026-09-19 13:22:54
9670,404021564,PLATA,BZ,2026-09-19 13:22:54
9671,404021565,PRATI,BZ,2026-09-19 13:22:54
9672,404021566,PRATO ALLA DRAVA,BZ,2026-09-19 13:22:54
9673,404021567,RISCONE,BZ,2026-09-19 13:22:54
9674,404021568,RASUN DI SOPRA,BZ,2026-09-19 13:22:54
9675,404021569,RASUN DI SOTTO,BZ,2026-09-19 13:22:54
9676,404021570,RESIA,BZ,2026-09-19 13:22:54
9677,404021571,RIDANNA,BZ,2026-09-19 13:22:54
9678,404021572,RINA,BZ,2026-09-19 13:22:54
9679,404021573,RIOMOLINO,BZ,2026-09-19 13:22:54
9680,404021574,RIVA DI TURES,BZ,2026-09-19 13:22:54
9681,404021575,SAN FELICE,BZ,2026-09-19 13:22:54
9682,404021576,SAN GIACOMO,BZ,2026-09-19 13:22:54
9683,404021577,SAN GIORGIO,BZ,2026-09-19 13:22:54
9684,404021578,SAN GIOVANNI,BZ,2026-09-19 13:22:54
9685,404021579,SAN LEONARDO,BZ,2026-09-19 13:22:54
9686,404021580,SAN MARTINO AL MONTE,BZ,2026-09-19 13:22:54
9687,404021581,SAN MARTINO IN CASIES,BZ,2026-09-19 13:22:54
9688,404021582,SAN PIETRO,BZ,2026-09-19 13:22:54
9689,404021583,SAN SIGISMONDO,BZ,2026-09-19 13:22:54
9690,404021584,SANTA MADDALENA IN CASIES,BZ,2026-09-19 13:22:54
9691,404021585,SANT'ANDREA IN MONTE,BZ,2026-09-19 13:22:54
9692,404021586,SAN VALENTINO AL BRENNERO,BZ,2026-09-19 13:22:54
9693,404021587,SAN VALENTINO ALLA MUTTA,BZ,2026-09-19 13:22:54
9694,404021588,SCALERES,BZ,2026-09-19 13:22:54
9695,404021589,SCIAVES,BZ,2026-09-19 13:22:54
9696,404021590,SLINGIA,BZ,2026-09-19 13:22:54
9697,404021591,SPINGA,BZ,2026-09-19 13:22:54
9698,404021592,STAVA,BZ,2026-09-19 13:22:54
9699,404021593,STILVES,BZ,2026-09-19 13:22:54
9700,404021594,TABLA,BZ,2026-09-19 13:22:54
9701,404021595,TANAS,BZ,2026-09-19 13:22:54
9702,404021596,TARCES,BZ,2026-09-19 13:22:54
9703,404021597,TARRES,BZ,2026-09-19 13:22:54
9704,404021598,TELVES,BZ,2026-09-19 13:22:54
9705,404021599,TEODONE,BZ,2026-09-19 13:22:54
9706,404021600,TESIDO,BZ,2026-09-19 13:22:54
9707,404021601,TISO,BZ,2026-09-19 13:22:54
9708,404021602,TRENS,BZ,2026-09-19 13:22:54
9709,404021603,TUNES,BZ,2026-09-19 13:22:54
9710,404021604,VALAS,BZ,2026-09-19 13:22:54
9711,404021605,VALGIOVO,BZ,2026-09-19 13:22:54
9712,404021606,VALLARGA,BZ,2026-09-19 13:22:54
9713,404021607,VALLELUNGA,BZ,2026-09-19 13:22:54
9714,404021608,VALLES,BZ,2026-09-19 13:22:54
9715,404021609,VALLE SAN SILVESTRO,BZ,2026-09-19 13:22:54
9716,404021610,VANDOIES DI SOPRA,BZ,2026-09-19 13:22:54
9717,404021611,VANDOIES DI SOTTO,BZ,2026-09-19 13:22:54
9718,404021612,VANGA,BZ,2026-09-19 13:22:54
9719,404021613,VERSCIAGO,BZ,2026-09-19 13:22:54
9720,404021614,VEZZANO,BZ,2026-09-19 13:22:54
9721,404021615,VILLA OTTONE,BZ,2026-09-19 13:22:54
9722,404021616,VILLA SANTA CATERINA,BZ,2026-09-19 13:22:54
9723,404021617,VIZZE,BZ,2026-09-19 13:22:54
9724,404021872,RASUN VALDAORA,BZ,2026-09-19 13:22:54
9725,404021902,TRODENA NEL PARCO NATURALE,BZ,2026-09-19 13:22:54
9726,404021952,MONGUELFO-TESIDO,BZ,2026-09-19 13:22:54
9727,404021953,MONTAGNA SULLA STRADA DEL VINO,BZ,2026-09-19 13:22:54
9728,404021976,SALORNO SULLA STRADA DEL VINO,BZ,2026-09-19 13:22:54
9729,404022004,AMBLAR,TN,2026-09-19 13:22:54
9730,404022012,BERSONE,TN,2026-09-19 13:22:54
9731,404022014,BEZZECCA,TN,2026-09-19 13:22:54
9732,404022016,BLEGGIO INFERIORE,TN,2026-09-19 13:22:54
9733,404022019,BOLBENO,TN,2026-09-19 13:22:54
9734,404022020,BONDO,TN,2026-09-19 13:22:54
9735,404022023,BOSENTINO,TN,2026-09-19 13:22:54
9736,404022024,BREGUZZO,TN,2026-09-19 13:22:54
9737,404022028,BRIONE,TN,2026-09-19 13:22:54
9738,404022029,CADERZONE,TN,2026-09-19 13:22:54
9739,404022031,CALAVINO,TN,2026-09-19 13:22:54
9740,404022055,CEMBRA,TN,2026-09-19 13:22:54
9741,404022056,CENTA SAN NICOLO',TN,2026-09-19 13:22:54
9742,404022057,CIMEGO,TN,2026-09-19 13:22:54
9743,404022065,CONCEI,TN,2026-09-19 13:22:54
9744,404022066,CONDINO,TN,2026-09-19 13:22:54
9745,404022067,COREDO,TN,2026-09-19 13:22:54
9746,404022069,CUNEVO,TN,2026-09-19 13:22:54
9747,404022072,DAONE,TN,2026-09-19 13:22:54
9748,404022073,DARE',TN,2026-09-19 13:22:54
9749,404022075,DIMARO,TN,2026-09-19 13:22:54
9750,404022076,DON,TN,2026-09-19 13:22:54
9751,404022077,DORSINO,TN,2026-09-19 13:22:54
9752,404022082,FAVER,TN,2026-09-19 13:22:54
9753,404022084,FIERA DI PRIMIERO,TN,2026-09-19 13:22:54
9754,404022086,FLAVON,TN,2026-09-19 13:22:54
9755,404022091,GARNIGA,TN,2026-09-19 13:22:54
9756,404022094,GRAUNO,TN,2026-09-19 13:22:54
9757,404022096,GRUMES,TN,2026-09-19 13:22:54
9758,404022099,IVANO-FRACENA,TN,2026-09-19 13:22:54
9759,404022100,LARDARO,TN,2026-09-19 13:22:54
9760,404022101,LASINO,TN,2026-09-19 13:22:54
9761,404022105,LISIGNAGO,TN,2026-09-19 13:22:54
9762,404022107,LOMASO,TN,2026-09-19 13:22:54
9763,404022119,MOLINA DI LEDRO,TN,2026-09-19 13:22:54
9764,404022121,MONCLASSICO,TN,2026-09-19 13:22:54
9765,404022122,MONTAGNE,TN,2026-09-19 13:22:54
9766,404022125,NANNO,TN,2026-09-19 13:22:54
9767,404022132,PADERGNONE,TN,2026-09-19 13:22:54
9768,404022140,PIEVE DI BONO,TN,2026-09-19 13:22:54
9769,404022141,PIEVE DI LEDRO,TN,2026-09-19 13:22:54
9770,404022146,PRASO,TN,2026-09-19 13:22:54
9771,404022148,PREORE,TN,2026-09-19 13:22:54
9772,404022149,PREZZO,TN,2026-09-19 13:22:54
9773,404022151,RAGOLI,TN,2026-09-19 13:22:54
9774,404022158,RONCONE,TN,2026-09-19 13:22:54
9775,404022162,RUFFRE',TN,2026-09-19 13:22:54
9776,404022166,SAN LORENZO IN BANALE,TN,2026-09-19 13:22:54
9777,404022174,SIROR,TN,2026-09-19 13:22:54
9778,404022175,SMARANO,TN,2026-09-19 13:22:54
9779,404022178,SPERA,TN,2026-09-19 13:22:54
9780,404022185,STRIGNO,TN,2026-09-19 13:22:54
9781,404022186,TAIO,TN,2026-09-19 13:22:54
9782,404022187,TASSULLO,TN,2026-09-19 13:22:54
9783,404022192,TERLAGO,TN,2026-09-19 13:22:54
9784,404022194,TERRES,TN,2026-09-19 13:22:54
9785,404022197,TIARNO DI SOPRA,TN,2026-09-19 13:22:54
9786,404022198,TIARNO DI SOTTO,TN,2026-09-19 13:22:54
9787,404022201,TONADICO,TN,2026-09-19 13:22:54
9788,404022204,TRANSACQUA,TN,2026-09-19 13:22:54
9789,404022206,TRES,TN,2026-09-19 13:22:54
9790,404022207,TUENNO,TN,2026-09-19 13:22:54
9791,404022208,VALDA,TN,2026-09-19 13:22:54
9792,404022212,VATTARO,TN,2026-09-19 13:22:54
9793,404022214,VERVO',TN,2026-09-19 13:22:54
9794,404022215,VEZZANO,TN,2026-09-19 13:22:54
9795,404022219,VIGOLO VATTARO,TN,2026-09-19 13:22:54
9796,404022220,VIGO RENDENA,TN,2026-09-19 13:22:54
9797,404022221,VILLA AGNEDO,TN,2026-09-19 13:22:54
9798,404022223,VILLA RENDENA,TN,2026-09-19 13:22:54
9799,404022227,ZUCLO,TN,2026-09-19 13:22:54
9800,404022250,SEN JAN DI FASSA,TN,2026-09-19 13:22:54
9801,404022251,TERRE D'ADIGE,TN,2026-09-19 13:22:54
9802,404022252,BORGO D'ANAUNIA,TN,2026-09-19 13:22:54
9803,404022253,NOVELLA,TN,2026-09-19 13:22:54
9804,404022254,VILLE DI FIEMME,TN,2026-09-19 13:22:54
9805,404022501,AGRONE,TN,2026-09-19 13:22:54
9806,404022502,ALMAZZAGO,TN,2026-09-19 13:22:54
9807,404022503,ANDOGNO,TN,2026-09-19 13:22:54
9808,404022504,ARNAGO,TN,2026-09-19 13:22:54
9809,404022505,BONDO BREGUZZO,TN,2026-09-19 13:22:54
9810,404022506,BANCO,TN,2026-09-19 13:22:54
9811,404022507,BASELGA DI VEZZANO,TN,2026-09-19 13:22:54
9812,404022508,BESENO,TN,2026-09-19 13:22:54
9813,404022509,BIACESA,TN,2026-09-19 13:22:54
9814,404022510,BLEGGIO,TN,2026-09-19 13:22:54
9815,404022511,BOLENTINA,TN,2026-09-19 13:22:54
9816,404022512,BOLLONE,TN,2026-09-19 13:22:54
9817,404022513,BORGHETTO,TN,2026-09-19 13:22:54
9818,404022514,BORZAGO,TN,2026-09-19 13:22:54
9819,404022515,BOZZANA,TN,2026-09-19 13:22:54
9820,404022516,CADINE,TN,2026-09-19 13:22:54
9821,404022517,CAMPO,TN,2026-09-19 13:22:54
9822,404022518,CANEZZA,TN,2026-09-19 13:22:54
9823,404022519,CARCIATO,TN,2026-09-19 13:22:54
9824,404022520,CASEZ,TN,2026-09-19 13:22:54
9825,404022521,CASTAGNE',TN,2026-09-19 13:22:54
9826,404022522,CASTELLANO,TN,2026-09-19 13:22:54
9827,404022523,CASTELLO,TN,2026-09-19 13:22:54
9828,404022524,CAURIA,TN,2026-09-19 13:22:54
9829,404022525,CELENTINO,TN,2026-09-19 13:22:54
9830,404022526,CELLEDIZZO,TN,2026-09-19 13:22:54
9831,404022527,CHIENIS,TN,2026-09-19 13:22:54
9832,404022528,CHIZZOLA,TN,2026-09-19 13:22:54
9833,404022529,CIAGO,TN,2026-09-19 13:22:54
9834,404022530,COGNOCA,TN,2026-09-19 13:22:54
9835,404022531,COGOLO,TN,2026-09-19 13:22:54
9836,404022532,COLOGNA-CAVAZZO,TN,2026-09-19 13:22:54
9837,404022533,COLOGNA IN GIUDICARIE,TN,2026-09-19 13:22:54
9838,404022534,COMANO,TN,2026-09-19 13:22:54
9839,404022535,COMASINE,TN,2026-09-19 13:22:54
9840,404022536,COSTASAVINA,TN,2026-09-19 13:22:54
9841,404022537,COVELO,TN,2026-09-19 13:22:54
9842,404022538,CRETO,TN,2026-09-19 13:22:54
9843,404022539,DARDINE,TN,2026-09-19 13:22:54
9844,404022540,DARZO,TN,2026-09-19 13:22:54
9845,404022541,DEGGIANO,TN,2026-09-19 13:22:54
9846,404022542,DERCOLO,TN,2026-09-19 13:22:54
9847,404022543,DERMULO,TN,2026-09-19 13:22:54
9848,404022544,ENGUISO,TN,2026-09-19 13:22:54
9849,404022545,FALESINA,TN,2026-09-19 13:22:54
9850,404022546,FISTO,TN,2026-09-19 13:22:54
9851,404022547,FORNO,TN,2026-09-19 13:22:54
9852,404022548,FRAVEGGIO,TN,2026-09-19 13:22:54
9853,404022549,GARDOLO,TN,2026-09-19 13:22:54
9854,404022550,GRUMO,TN,2026-09-19 13:22:54
9855,404022551,IAVRE',TN,2026-09-19 13:22:54
9856,404022552,ISCHIA,TN,2026-09-19 13:22:54
9857,404022553,LEGOS,TN,2026-09-19 13:22:54
9858,404022554,LENZIMA,TN,2026-09-19 13:22:54
9859,404022555,LENZUMO,TN,2026-09-19 13:22:54
9860,404022556,LIZZANA,TN,2026-09-19 13:22:54
9861,404022557,LOCCA,TN,2026-09-19 13:22:54
9862,404022558,LODRONE,TN,2026-09-19 13:22:54
9863,404022559,LON,TN,2026-09-19 13:22:54
9864,404022560,LOVER,TN,2026-09-19 13:22:54
9865,404022561,LUNDO,TN,2026-09-19 13:22:54
9866,404022562,MADRANO,TN,2026-09-19 13:22:54
9867,404022563,MADRUZZO,TN,2026-09-19 13:22:54
9868,404022564,MAGRAS,TN,2026-09-19 13:22:54
9869,404022565,MAGRE',TN,2026-09-19 13:22:54
9870,404022566,MALGOLO,TN,2026-09-19 13:22:54
9871,404022567,MANZANO,TN,2026-09-19 13:22:54
9872,404022568,MARANO,TN,2026-09-19 13:22:54
9873,404022569,MARCO,TN,2026-09-19 13:22:54
9874,404022570,MARGONE,TN,2026-09-19 13:22:54
9875,404022571,MASI DI VIGO,TN,2026-09-19 13:22:54
9876,404022572,MASTELLINA,TN,2026-09-19 13:22:54
9877,404022573,MATTARELLO,TN,2026-09-19 13:22:54
9878,404022574,MEANO,TN,2026-09-19 13:22:54
9879,404022575,MECHEL,TN,2026-09-19 13:22:54
9880,404022576,MESTRIAGO,TN,2026-09-19 13:22:54
9881,404022577,MEZZANO IMER,TN,2026-09-19 13:22:54
9882,404022578,MEZZOLAGO,TN,2026-09-19 13:22:54
9883,404022579,MIOLA,TN,2026-09-19 13:22:54
9884,404022580,MOERNA,TN,2026-09-19 13:22:54
9885,404022581,MOLLARO,TN,2026-09-19 13:22:54
9886,404022582,MONTES,TN,2026-09-19 13:22:54
9887,404022583,MORTASO,TN,2026-09-19 13:22:54
9888,404022584,NOARNA,TN,2026-09-19 13:22:54
9889,404022585,NOGARE',TN,2026-09-19 13:22:54
9890,404022586,NOMESINO,TN,2026-09-19 13:22:54
9891,404022587,NORIGLIO,TN,2026-09-19 13:22:54
9892,404022588,OLTRESARCA,TN,2026-09-19 13:22:54
9893,404022589,PATONE,TN,2026-09-19 13:22:54
9894,404022590,PEDERZANO,TN,2026-09-19 13:22:54
9895,404022591,PERRA,TN,2026-09-19 13:22:54
9896,404022592,PERSONE,TN,2026-09-19 13:22:54
9897,404022593,PIANO,TN,2026-09-19 13:22:54
9898,404022594,PILCANTE,TN,2026-09-19 13:22:54
9899,404022595,POR,TN,2026-09-19 13:22:54
9900,404022596,POVO,TN,2026-09-19 13:22:54
9901,404022597,PRE,TN,2026-09-19 13:22:54
9902,404022598,PREGASINA,TN,2026-09-19 13:22:54
9903,404022599,PREGHENA,TN,2026-09-19 13:22:54
9904,404022600,PREMIONE,TN,2026-09-19 13:22:54
9905,404022601,PRESSON,TN,2026-09-19 13:22:54
9906,404022602,PRIMIERO,TN,2026-09-19 13:22:54
9907,404022603,PRIO',TN,2026-09-19 13:22:54
9908,404022604,QUETTA,TN,2026-09-19 13:22:54
9909,404022605,RANZO,TN,2026-09-19 13:22:54
9910,404022606,RAVINA,TN,2026-09-19 13:22:54
9911,404022607,FOLAS-REVIAN,TN,2026-09-19 13:22:54
9912,404022608,ROMAGNANO,TN,2026-09-19 13:22:54
9913,404022609,ROMARZOLLO,TN,2026-09-19 13:22:54
9914,404022610,RONCOGNO,TN,2026-09-19 13:22:54
9915,404022611,RONZO,TN,2026-09-19 13:22:54
9916,404022612,ROVER CARBONARE,TN,2026-09-19 13:22:54
9917,404022613,SAMOCLEVO,TN,2026-09-19 13:22:54
9918,404022614,SAN GIACOMO,TN,2026-09-19 13:22:54
9919,404022615,SAN LUGANO,TN,2026-09-19 13:22:54
9920,404022616,SANTA MARGHERITA,TN,2026-09-19 13:22:54
9921,404022617,SAONE,TN,2026-09-19 13:22:54
9922,404022618,SARDAGNA,TN,2026-09-19 13:22:54
9923,404022619,SASSO,TN,2026-09-19 13:22:54
9924,404022620,SCLEMO,TN,2026-09-19 13:22:54
9925,404022621,SEGNO,TN,2026-09-19 13:22:54
9926,404022622,SEIO,TN,2026-09-19 13:22:54
9927,404022623,SEO,TN,2026-09-19 13:22:54
9928,404022624,SERRAVALLE ALL'ADIGE,TN,2026-09-19 13:22:54
9929,404022625,SERSO,TN,2026-09-19 13:22:54
9930,404022626,SEVIGNANO,TN,2026-09-19 13:22:54
9931,404022627,SOPRAMONTE,TN,2026-09-19 13:22:54
9932,404022628,STRADA,TN,2026-09-19 13:22:54
9933,404022629,STRAMENTIZZO,TN,2026-09-19 13:22:54
9934,404022630,STUMIAGA,TN,2026-09-19 13:22:54
9935,404022631,SUSA',TN,2026-09-19 13:22:54
9936,404022632,TAVODO,TN,2026-09-19 13:22:54
9937,404022633,TAVON,TN,2026-09-19 13:22:54
9938,404022634,TERMENAGO,TN,2026-09-19 13:22:54
9939,404022635,TERMON,TN,2026-09-19 13:22:54
9940,404022636,TIARNO,TN,2026-09-19 13:22:54
9941,404022637,TORRA,TN,2026-09-19 13:22:54
9942,404022638,TOSS,TN,2026-09-19 13:22:54
9943,404022639,TUENETTO,TN,2026-09-19 13:22:54
9944,404022640,VALLE SAN FELICE,TN,2026-09-19 13:22:54
9945,404022641,VASIO,TN,2026-09-19 13:22:54
9946,404022642,VERDESINA,TN,2026-09-19 13:22:54
9947,404022643,VIARAGO,TN,2026-09-19 13:22:54
9948,404022644,VIGALZANO,TN,2026-09-19 13:22:54
9949,404022645,VIGNOLA,TN,2026-09-19 13:22:54
9950,404022646,VIGO D'ANAUNIA,TN,2026-09-19 13:22:54
9951,404022647,VIGOLO BASELGA,TN,2026-09-19 13:22:54
9952,404022648,VILLA BANALE,TN,2026-09-19 13:22:54
9953,404022649,VILLAZZANO,TN,2026-09-19 13:22:54
9954,404022650,VILLE DEL MONTE,TN,2026-09-19 13:22:54
9955,404022651,VION,TN,2026-09-19 13:22:54
9956,404022652,BALBIDO,TN,2026-09-19 13:22:54
9957,404022653,BALLINO,TN,2026-09-19 13:22:54
9958,404022654,BARCESINO,TN,2026-09-19 13:22:54
9959,404022655,BONDONE-STORO,TN,2026-09-19 13:22:54
9960,404022656,BONO,TN,2026-09-19 13:22:54
9961,404022657,BRANCOLINO,TN,2026-09-19 13:22:54
9962,404022658,BRUSINO,TN,2026-09-19 13:22:54
9963,404022659,CANALE,TN,2026-09-19 13:22:54
9964,404022660,CARES,TN,2026-09-19 13:22:54
9965,404022661,CASTELPIETRA,TN,2026-09-19 13:22:54
9966,404022662,CAVRASTO,TN,2026-09-19 13:22:54
9967,404022663,COMIGHELLO,TN,2026-09-19 13:22:54
9968,404022664,DASINDO,TN,2026-09-19 13:22:54
9969,404022665,DUVREDO,TN,2026-09-19 13:22:54
9970,404022666,FAVRIO,TN,2026-09-19 13:22:54
9971,404022667,GODENZO,TN,2026-09-19 13:22:54
9972,404022668,LAGUNA'-MUSTE',TN,2026-09-19 13:22:54
9973,404022669,LARIDO,TN,2026-09-19 13:22:54
9974,404022670,LASES,TN,2026-09-19 13:22:54
9975,404022671,LONA,TN,2026-09-19 13:22:54
9976,404022672,MADICE,TN,2026-09-19 13:22:54
9977,404022673,MALA,TN,2026-09-19 13:22:54
9978,404022674,MENAS,TN,2026-09-19 13:22:54
9979,404022675,MONTEVACCINO,TN,2026-09-19 13:22:54
9980,404022676,ORTISE',TN,2026-09-19 13:22:54
9981,404022677,POIA,TN,2026-09-19 13:22:54
9982,404022678,RANGO,TN,2026-09-19 13:22:54
9983,404022679,RONCHI DI ALA,TN,2026-09-19 13:22:54
9984,404022680,SACCO,TN,2026-09-19 13:22:54
9985,404022681,SAVIGNANO,TN,2026-09-19 13:22:54
9986,404022682,STRAVINO,TN,2026-09-19 13:22:54
9987,404022683,TIGNERONE,TN,2026-09-19 13:22:54
9988,404022684,VARANO,TN,2026-09-19 13:22:54
9989,404022685,VIGO-CAVEDINE,TN,2026-09-19 13:22:54
9990,404022686,VIGO-LOMASO,TN,2026-09-19 13:22:54
9991,404022687,VILLAMONTAGNA,TN,2026-09-19 13:22:54
9992,404022688,PANNONE,TN,2026-09-19 13:22:54
9993,404022950,SAN GIOVANNI DI FASSA-SEN JAN,TN,2026-09-19 13:22:54
9994,404022976,SORAGA DI FASSA,TN,2026-09-19 13:22:54
9995,405023014,BRENZONE,VR,2026-09-19 13:22:54
9996,405023022,CASTELNUOVO DI VERONA,VR,2026-09-19 13:22:54
9997,405023501,AVESA,VR,2026-09-19 13:22:54
9998,405023502,BELLUNO VERONESE,VR,2026-09-19 13:22:54
9999,405023503,BEVILACQUA BOSCHI,VR,2026-09-19 13:22:54
10000,405023504,BRENTINO,VR,2026-09-19 13:22:54
10001,405023505,BREONIO,VR,2026-09-19 13:22:54
10002,405023506,CA' DI DAVID,VR,2026-09-19 13:22:54
10003,405023507,CASTIONE VERONESE,VR,2026-09-19 13:22:54
10004,405023508,CORREZZO,VR,2026-09-19 13:22:54
10005,405023509,MARCELLISE,VR,2026-09-19 13:22:54
10006,405023510,MIZZOLE,VR,2026-09-19 13:22:54
10007,405023511,MONTORIO VERONESE,VR,2026-09-19 13:22:54
10008,405023512,NEGARINE,VR,2026-09-19 13:22:54
10009,405023513,PARONA DI VALPOLICELLA,VR,2026-09-19 13:22:54
10010,405023514,PRUN,VR,2026-09-19 13:22:54
10011,405023515,QUINTO DI VALPANTENA,VR,2026-09-19 13:22:54
10012,405023516,QUINZANO VERONESE,VR,2026-09-19 13:22:54
10013,405023517,SAN MASSIMO ALL'ADIGE,VR,2026-09-19 13:22:54
10014,405023518,SAN MICHELE EXTRA,VR,2026-09-19 13:22:54
10015,405023519,SANTA MARIA IN STELLE,VR,2026-09-19 13:22:54
10016,405023930,COSTERMANO SUL GARDA,VR,2026-09-19 13:22:54
10017,405023952,NEGRAR DI VALPOLICELLA,VR,2026-09-19 13:22:54
10018,405024045,GRANCONA,VI,2026-09-19 13:22:54
10019,405024092,SAN GERMANO DEI BERICI,VI,2026-09-19 13:22:54
10020,405024124,BARBARANO MOSSANO,VI,2026-09-19 13:22:54
10021,405024125,VALBRENTA,VI,2026-09-19 13:22:54
10022,405024126,COLCERESA,VI,2026-09-19 13:22:54
10023,405024127,LUSIANA CONCO,VI,2026-09-19 13:22:54
10024,405024128,SOVIZZO,VI,2026-09-19 13:22:54
10025,405024501,CASOTTO,VI,2026-09-19 13:22:54
10026,405024502,CROSARA,VI,2026-09-19 13:22:54
10027,405024503,FORNI IN VAL D'ASTICO,VI,2026-09-19 13:22:54
10028,405024504,MAGRE VICENTINO,VI,2026-09-19 13:22:54
10029,405024505,NOVALE,VI,2026-09-19 13:22:54
10030,405024506,TRESCHE-CONCA,VI,2026-09-19 13:22:54
10031,405024507,TRETTO,VI,2026-09-19 13:22:54
10032,405024508,VALLONARA,VI,2026-09-19 13:22:54
10033,405024509,VALROVINA,VI,2026-09-19 13:22:54
10034,405025009,CASTELLAVAZZO,BL,2026-09-19 13:22:54
10035,405025020,FARRA D'ALPAGO,BL,2026-09-19 13:22:54
10036,405025024,FORNO DI ZOLDO,BL,2026-09-19 13:22:54
10037,405025031,LONGARONE,BL,2026-09-19 13:22:54
10038,405025038,PIEVE D'ALPAGO,BL,2026-09-19 13:22:54
10039,405025041,PUOS D'ALPAGO,BL,2026-09-19 13:22:54
10040,405025042,QUERO,BL,2026-09-19 13:22:54
10041,405025064,VAS,BL,2026-09-19 13:22:54
10042,405025068,ZOLDO ALTO,BL,2026-09-19 13:22:54
10043,405025074,BORGO VALBELLUNA,BL,2026-09-19 13:22:54
10044,405025075,SETTEVILLE,BL,2026-09-19 13:22:54
10045,405026096,PIEVE DEL GRAPPA,TV,2026-09-19 13:22:54
10046,405026501,SANT'ANDREA DI CAVASAGRA,TV,2026-09-19 13:22:54
10047,405026502,CENEDA,TV,2026-09-19 13:22:54
10048,405026503,SAN GIORGIO DI LAGO,TV,2026-09-19 13:22:54
10049,405026504,PIAVON,TV,2026-09-19 13:22:54
10050,405026505,REVINE,TV,2026-09-19 13:22:54
10051,405026506,SAN PIETRO DI BARBOZZA,TV,2026-09-19 13:22:54
10052,405026507,SERRAVALLE,TV,2026-09-19 13:22:54
10053,405026508,SPERCENIGO,TV,2026-09-19 13:22:54
10054,405027036,SANTO STINO DI LIVENZA,VE,2026-09-19 13:22:54
10055,405027501,BURANO,VE,2026-09-19 13:22:54
10056,405027502,CHIRIGNAGO,VE,2026-09-19 13:22:54
10057,405027503,FAVARO VENETO,VE,2026-09-19 13:22:54
10058,405027504,GAMBARARE,VE,2026-09-19 13:22:54
10059,405027505,MALAMOCCO,VE,2026-09-19 13:22:54
10060,405027506,MESTRE,VE,2026-09-19 13:22:54
10061,405027507,MURANO,VE,2026-09-19 13:22:54
10062,405027508,PELLESTRINA,VE,2026-09-19 13:22:54
10063,405027509,ZELARINO,VE,2026-09-19 13:22:54
10064,405028107,BORGO VENETO,PD,2026-09-19 13:22:54
10065,405028108,SANTA CATERINA D'ESTE,PD,2026-09-19 13:22:54
10066,405028501,CARRARA SAN GIORGIO,PD,2026-09-19 13:22:54
10067,405028502,CARRARA SANTO STEFANO,PD,2026-09-19 13:22:54
10068,405028503,SAN MICHELE DELLE BADESSE,PD,2026-09-19 13:22:54
10069,405029016,CONTARINA,RO,2026-09-19 13:22:54
10070,405029020,DONADA,RO,2026-09-19 13:22:54
10071,405029501,BELLOMBRA,RO,2026-09-19 13:22:54
10072,405029502,BOARA POLESINE,RO,2026-09-19 13:22:54
10073,405029503,BORSEA,RO,2026-09-19 13:22:54
10074,405029504,BOTTRIGHE,RO,2026-09-19 13:22:54
10075,405029505,BUSO SARZANO,RO,2026-09-19 13:22:54
10076,405029506,CA' EMO,RO,2026-09-19 13:22:54
10077,405029507,CONCADIRAME,RO,2026-09-19 13:22:54
10078,405029508,CROCETTA,RO,2026-09-19 13:22:54
10079,405029509,GRIGNANO DI POLESINE,RO,2026-09-19 13:22:54
10080,405029510,MASSA SUPERIORE,RO,2026-09-19 13:22:54
10081,405029511,RAMO DI PALO,RO,2026-09-19 13:22:54
10082,405029512,SAGUEDO,RO,2026-09-19 13:22:54
10083,405029513,SALVATERRA,RO,2026-09-19 13:22:54
10084,405029514,SANT'APOLLINARE CON SELVA,RO,2026-09-19 13:22:54
10085,405029515,VILLA D'ADIGE,RO,2026-09-19 13:22:54
10086,405030189,SAPPADA,UD,2026-09-19 13:22:54
10087,406030017,CAMPOLONGO AL TORRE,UD,2026-09-19 13:22:54
10088,406030096,RIVIGNANO,UD,2026-09-19 13:22:54
10089,406030115,TAPOGLIANO,UD,2026-09-19 13:22:54
10090,406030119,TEOR,UD,2026-09-19 13:22:54
10091,406030190,FIUMICELLO VILLA VICENTINA,UD,2026-09-19 13:22:54
10092,406030191,TREPPO LIGOSULLO,UD,2026-09-19 13:22:54
10093,406030501,CAMPOROSSO IN VALCANALE,UD,2026-09-19 13:22:54
10094,406030502,CASTEL DEL MONTE UDINESE,UD,2026-09-19 13:22:54
10095,406030503,CESCLANS,UD,2026-09-19 13:22:54
10096,406030504,CISERIIS,UD,2026-09-19 13:22:54
10097,406030505,SEGNACCO,UD,2026-09-19 13:22:54
10098,406030506,FELETTO UMBERTO,UD,2026-09-19 13:22:54
10099,406030507,FUSINE IN VALROMANA,UD,2026-09-19 13:22:54
10100,406030508,IOANNIS,UD,2026-09-19 13:22:54
10101,406030509,IPPLIS,UD,2026-09-19 13:22:54
10102,406030510,LAGLESIE SAN LEOPOLDO,UD,2026-09-19 13:22:54
10103,406030511,MALBORGHETTO,UD,2026-09-19 13:22:54
10104,406030512,MIONE,UD,2026-09-19 13:22:54
10105,406030513,MUSCOLO-STRASSOLDO,UD,2026-09-19 13:22:54
10106,406030514,RIVOLTO,UD,2026-09-19 13:22:54
10107,406030515,PERTEOLE,UD,2026-09-19 13:22:54
10108,406030516,PONTEBBA NOVA,UD,2026-09-19 13:22:54
10109,406030517,RACCOLANA,UD,2026-09-19 13:22:54
10110,406030518,RODDA,UD,2026-09-19 13:22:54
10111,406030519,SCODAVACCA,UD,2026-09-19 13:22:54
10112,406030520,TARCETTA,UD,2026-09-19 13:22:54
10113,406030521,UGOVIZZA VALBRUNA,UD,2026-09-19 13:22:54
10114,406030522,ANDREIS,UD,2026-09-19 13:22:54
10115,406030523,ARBA,UD,2026-09-19 13:22:54
10116,406030524,ARZENE,UD,2026-09-19 13:22:54
10117,406030525,AVIANO,UD,2026-09-19 13:22:54
10118,406030526,AZZANO DECIMO,UD,2026-09-19 13:22:54
10119,406030527,BARCIS,UD,2026-09-19 13:22:54
10120,406030528,BRUGNERA,UD,2026-09-19 13:22:54
10121,406030529,BUDOIA,UD,2026-09-19 13:22:54
10122,406030530,CANEVA,UD,2026-09-19 13:22:54
10123,406030531,CASARSA DELLA DELIZIA,UD,2026-09-19 13:22:54
10124,406030532,CASTELNOVO DEL FRIULI,UD,2026-09-19 13:22:54
10125,406030533,CAVASSO NUOVO,UD,2026-09-19 13:22:54
10126,406030534,CHIONS,UD,2026-09-19 13:22:54
10127,406030535,CIMOLAIS,UD,2026-09-19 13:22:54
10128,406030536,CLAUT,UD,2026-09-19 13:22:54
10129,406030537,CLAUZETTO,UD,2026-09-19 13:22:54
10130,406030538,CORDENONS,UD,2026-09-19 13:22:54
10131,406030539,CORDOVADO,UD,2026-09-19 13:22:54
10132,406030540,ERTO E CASSO,UD,2026-09-19 13:22:54
10133,406030541,FANNA,UD,2026-09-19 13:22:54
10134,406030542,FIUME VENETO,UD,2026-09-19 13:22:54
10135,406030543,FONTANAFREDDA,UD,2026-09-19 13:22:54
10136,406030544,FRISANCO,UD,2026-09-19 13:22:54
10137,406030545,MANIAGO,UD,2026-09-19 13:22:54
10138,406030546,MEDUNO,UD,2026-09-19 13:22:54
10139,406030547,MONTEREALE VALCELLINA,UD,2026-09-19 13:22:54
10140,406030548,MORSANO AL TAGLIAMENTO,UD,2026-09-19 13:22:54
10141,406030549,PASIANO DI PORDENONE,UD,2026-09-19 13:22:54
10142,406030550,PINZANO AL TAGLIAMENTO,UD,2026-09-19 13:22:54
10143,406030551,POLCENIGO,UD,2026-09-19 13:22:54
10144,406030552,PORCIA,UD,2026-09-19 13:22:54
10145,406030553,PORDENONE,UD,2026-09-19 13:22:54
10146,406030554,PRATA DI PORDENONE,UD,2026-09-19 13:22:54
10147,406030555,PRAVISDOMINI,UD,2026-09-19 13:22:54
10148,406030556,ROVEREDO IN PIANO,UD,2026-09-19 13:22:54
10149,406030557,SACILE,UD,2026-09-19 13:22:54
10150,406030558,SAN GIORGIO DELLA RICHINVELDA,UD,2026-09-19 13:22:54
10151,406030559,SAN MARTINO AL TAGLIAMENTO,UD,2026-09-19 13:22:54
10152,406030560,SAN QUIRINO,UD,2026-09-19 13:22:54
10153,406030561,SAN VITO AL TAGLIAMENTO,UD,2026-09-19 13:22:54
10154,406030562,SEQUALS,UD,2026-09-19 13:22:54
10155,406030563,SESTO AL REGHENA,UD,2026-09-19 13:22:54
10156,406030564,SPILIMBERGO,UD,2026-09-19 13:22:54
10157,406030565,TRAMONTI DI SOPRA,UD,2026-09-19 13:22:54
10158,406030566,TRAMONTI DI SOTTO,UD,2026-09-19 13:22:54
10159,406030567,TRAVESIO,UD,2026-09-19 13:22:54
10160,406030568,VAJONT,UD,2026-09-19 13:22:54
10161,406030569,VALLENONCELLO,UD,2026-09-19 13:22:54
10162,406030570,VALVASONE,UD,2026-09-19 13:22:54
10163,406030571,VITO D'ASIO,UD,2026-09-19 13:22:54
10164,406030572,VIVARO,UD,2026-09-19 13:22:54
10165,406030573,ZOPPOLA,UD,2026-09-19 13:22:54
10166,406031501,AIBA,GO,2026-09-19 13:22:54
10167,406031502,AIDUSSINA,GO,2026-09-19 13:22:54
10168,406031503,ANICOVA CORADA,GO,2026-09-19 13:22:54
10169,406031504,AUZZA,GO,2026-09-19 13:22:54
10170,406031505,BATTAGLIA DELLA BAINSIZZA,GO,2026-09-19 13:22:54
10171,406031506,BERGOGNA,GO,2026-09-19 13:22:54
10172,406031507,BIGLIA,GO,2026-09-19 13:22:54
10173,406031508,BIGLIANA,GO,2026-09-19 13:22:54
10174,406031509,BORIANO,GO,2026-09-19 13:22:54
10175,406031510,BRAZZANO,GO,2026-09-19 13:22:54
10176,406031511,BRESTOVIZZA IN VALLE,GO,2026-09-19 13:22:54
10177,406031512,BRETTO,GO,2026-09-19 13:22:54
10178,406031513,BUDAGNE,GO,2026-09-19 13:22:54
10179,406031514,CAL DI CANALE,GO,2026-09-19 13:22:54
10180,406031515,CANALE D'ISONZO,GO,2026-09-19 13:22:54
10181,406031516,CAPORETTO,GO,2026-09-19 13:22:54
10182,406031517,CAMIGNA,GO,2026-09-19 13:22:54
10183,406031518,CA' SANTO SPIRITO DELLA BAINSIZZA,GO,2026-09-19 13:22:54
10184,406031519,CASTEL DOBRA,GO,2026-09-19 13:22:54
10185,406031520,CECONICO,GO,2026-09-19 13:22:54
10186,406031521,CERNIZZA GORIZIANA,GO,2026-09-19 13:22:54
10187,406031522,CHIAPOVANO,GO,2026-09-19 13:22:54
10188,406031523,CIRCHINA,GO,2026-09-19 13:22:54
10189,406031524,COBBIA,GO,2026-09-19 13:22:54
10190,406031525,COMENO,GO,2026-09-19 13:22:54
10191,406031526,CORONA,GO,2026-09-19 13:22:54
10192,406031527,COSBANA NEL COLLIO,GO,2026-09-19 13:22:54
10193,406031528,CREDA,GO,2026-09-19 13:22:54
10194,406031529,DESCLA,GO,2026-09-19 13:22:54
10195,406031530,DOLE,GO,2026-09-19 13:22:54
10196,406031531,DOL GRANDE,GO,2026-09-19 13:22:54
10197,406031532,DOL OTTELZA,GO,2026-09-19 13:22:54
10198,406031533,DRESENZA,GO,2026-09-19 13:22:54
10199,406031534,ERSEL IN MONTE,GO,2026-09-19 13:22:54
10200,406031535,GABRIA,GO,2026-09-19 13:22:54
10201,406031536,GABROVIZZA,GO,2026-09-19 13:22:54
10202,406031537,GARGARO,GO,2026-09-19 13:22:54
10203,406031538,GIOIACI,GO,2026-09-19 13:22:54
10204,406031539,GODOVICI,GO,2026-09-19 13:22:54
10205,406031540,GORIANO,GO,2026-09-19 13:22:54
10206,406031541,GOZZA,GO,2026-09-19 13:22:54
10207,406031542,GRACOVA SERRAVALLE,GO,2026-09-19 13:22:54
10208,406031543,IDRESCA D'ISONZO,GO,2026-09-19 13:22:54
10209,406031544,IDRIA,GO,2026-09-19 13:22:54
10210,406031545,IDRIA DI SOTTO,GO,2026-09-19 13:22:54
10211,406031546,LEDINE,GO,2026-09-19 13:22:54
10212,406031547,LIBUSSINA,GO,2026-09-19 13:22:54
10213,406031548,LOCAVIZZA DI AIDUSSINA,GO,2026-09-19 13:22:54
10214,406031549,LOCAVIZZA DI CANALE,GO,2026-09-19 13:22:54
10215,406031550,LOSE,GO,2026-09-19 13:22:54
10216,406031551,LUCINICO,GO,2026-09-19 13:22:54
10217,406031552,LUICO,GO,2026-09-19 13:22:54
10218,406031553,MEDANA,GO,2026-09-19 13:22:54
10219,406031554,MERNA,GO,2026-09-19 13:22:54
10220,406031555,MONTENERO D'IDRIA,GO,2026-09-19 13:22:54
10221,406031556,MONTE SAN VITO,GO,2026-09-19 13:22:54
10222,406031557,MONTESPINO,GO,2026-09-19 13:22:54
10223,406031558,MONTE URABICE,GO,2026-09-19 13:22:54
10224,406031559,OLTRESONZIA,GO,2026-09-19 13:22:54
10225,406031560,OPACCHIASELLA,GO,2026-09-19 13:22:54
10226,406031561,OSSECCA VITTUGLIA,GO,2026-09-19 13:22:54
10227,406031562,OSSEGLIANO SAN MICHELE,GO,2026-09-19 13:22:54
10228,406031563,PANIQUA,GO,2026-09-19 13:22:54
10229,406031564,PIEDIMONTE DEL CALVARIO,GO,2026-09-19 13:22:54
10230,406031565,PLANINA,GO,2026-09-19 13:22:54
10231,406031566,PLEZZO,GO,2026-09-19 13:22:54
10232,406031567,PLISCOVIZZA DELLA MADONNA,GO,2026-09-19 13:22:54
10233,406031568,POCRAI DEL PERO,GO,2026-09-19 13:22:54
10234,406031569,PODRAGA,GO,2026-09-19 13:22:54
10235,406031570,PREVACINA,GO,2026-09-19 13:22:54
10236,406031571,RANZIANO,GO,2026-09-19 13:22:54
10237,406031572,RIFEMBERGO,GO,2026-09-19 13:22:54
10238,406031573,ROMANS,GO,2026-09-19 13:22:54
10239,406031574,RONZINA,GO,2026-09-19 13:22:54
10240,406031575,SABLE GRANDE,GO,2026-09-19 13:22:54
10241,406031576,SAGA,GO,2026-09-19 13:22:54
10242,406031577,SALCANO,GO,2026-09-19 13:22:54
10243,406031578,SALONA D'ISONZO,GO,2026-09-19 13:22:54
10244,406031579,SAMARIA,GO,2026-09-19 13:22:54
10245,406031580,SAMBASSO,GO,2026-09-19 13:22:54
10246,406031581,SAN DANIELE DEL CARSO,GO,2026-09-19 13:22:54
10247,406031582,SAN MARTINO QUISCA,GO,2026-09-19 13:22:54
10248,406031583,SAN PIETRO DI GORIZIA,GO,2026-09-19 13:22:54
10249,406031584,SANTA CROCE DI AIDUSSINA,GO,2026-09-19 13:22:54
10250,406031585,SANTA LUCIA D'ISONZO,GO,2026-09-19 13:22:54
10251,406031586,SANT'ANDREA DI GORIZIA,GO,2026-09-19 13:22:54
10252,406031587,SANTO SPIRITO DELLA BAINSIZZA,GO,2026-09-19 13:22:54
10253,406031588,SAN VITO DI VIPACCO,GO,2026-09-19 13:22:54
10254,406031589,SCHERBINA,GO,2026-09-19 13:22:54
10255,406031590,SCRILLA,GO,2026-09-19 13:22:54
10256,406031591,SEBREGLIE,GO,2026-09-19 13:22:54
10257,406031592,SEDULA,GO,2026-09-19 13:22:54
10258,406031593,SELLA DELLE TRINCEE,GO,2026-09-19 13:22:54
10259,406031594,SERPENIZZA,GO,2026-09-19 13:22:54
10260,406031595,SLAPPE-ZORZI,GO,2026-09-19 13:22:54
10261,406031596,SONZIA,GO,2026-09-19 13:22:54
10262,406031597,STURIA DELLE FUSINE,GO,2026-09-19 13:22:54
10263,406031598,TARNOVA DELLA SELVA,GO,2026-09-19 13:22:54
10264,406031599,TEMENIZZA,GO,2026-09-19 13:22:54
10265,406031600,TERNOVA D'ISONZO,GO,2026-09-19 13:22:54
10266,406031601,TOLMINO,GO,2026-09-19 13:22:54
10267,406031602,TRENTA D'ISONZO,GO,2026-09-19 13:22:54
10268,406031603,TRIBUSSA,GO,2026-09-19 13:22:54
10269,406031604,USTIE,GO,2026-09-19 13:22:54
10270,406031605,VERPOGLIANO,GO,2026-09-19 13:22:54
10271,406031606,VERSA,GO,2026-09-19 13:22:54
10272,406031607,VERTOIBA IN CAMPI,GO,2026-09-19 13:22:54
10273,406031608,VERTOVINO,GO,2026-09-19 13:22:54
10274,406031609,VILLE MONTEVECCHIO,GO,2026-09-19 13:22:54
10275,406031610,VIPACCO,GO,2026-09-19 13:22:54
10276,406031611,VOISSIZZA DI COMENO,GO,2026-09-19 13:22:54
10277,406031612,VOLZANA,GO,2026-09-19 13:22:54
10278,406031613,VOSCHIA,GO,2026-09-19 13:22:54
10279,406031614,ZOLLA,GO,2026-09-19 13:22:54
10280,406032501,ALBARO VESCOVA,TS,2026-09-19 13:22:54
10281,406032502,ALBER DI SESANA,TS,2026-09-19 13:22:54
10282,406032503,AUREMO DI SOPRA,TS,2026-09-19 13:22:54
10283,406032504,AURISINA,TS,2026-09-19 13:22:54
10284,406032505,BUCUIE,TS,2026-09-19 13:22:54
10285,406032506,VILLA CACCIA,TS,2026-09-19 13:22:54
10286,406032507,CAPRIVA DEL CARSO,TS,2026-09-19 13:22:54
10287,406032508,CAVE AUREMIANE,TS,2026-09-19 13:22:54
10288,406032509,CORGNALE,TS,2026-09-19 13:22:54
10289,406032510,COSSANA,TS,2026-09-19 13:22:54
10290,406032511,CRENOVIZZA,TS,2026-09-19 13:22:54
10291,406032512,DIVACCIA GROTTE DEL TIMAVO,TS,2026-09-19 13:22:54
10292,406032513,DIVACCIA SAN CANZIANO,TS,2026-09-19 13:22:54
10293,406032514,DUINO,TS,2026-09-19 13:22:54
10294,406032515,DUTTOGLIANO,TS,2026-09-19 13:22:54
10295,406032516,FAMIE,TS,2026-09-19 13:22:54
10296,406032517,LASE,TS,2026-09-19 13:22:54
10297,406032518,MALCHINA,TS,2026-09-19 13:22:54
10298,406032519,NACLA SAN MAURIZIO,TS,2026-09-19 13:22:54
10299,406032520,POSTUMIA GROTTE,TS,2026-09-19 13:22:54
10300,406032521,POVERIO,TS,2026-09-19 13:22:54
10301,406032522,RUPINGRANDE,TS,2026-09-19 13:22:54
10302,406032523,RODITTI,TS,2026-09-19 13:22:54
10303,406032524,SAN GIACOMO IN COLLE,TS,2026-09-19 13:22:54
10304,406032525,SAN MICHELE DI POSTUMIA,TS,2026-09-19 13:22:54
10305,406032526,SAN PELAGIO,TS,2026-09-19 13:22:54
10306,406032527,SAN PIETRO DEL CARSO,TS,2026-09-19 13:22:54
10307,406032528,SCOPPO,TS,2026-09-19 13:22:54
10308,406032529,SENOSECCHIA,TS,2026-09-19 13:22:54
10309,406032530,SESANA,TS,2026-09-19 13:22:54
10310,406032531,SINADOLE,TS,2026-09-19 13:22:54
10311,406032532,SLIVIA,TS,2026-09-19 13:22:54
10312,406032533,STORIE,TS,2026-09-19 13:22:54
10313,406032534,TOMADIO,TS,2026-09-19 13:22:54
10314,406032535,VILLABASSA,TS,2026-09-19 13:22:54
10315,406032536,VILLA SLAVINA,TS,2026-09-19 13:22:54
10316,406093003,ARZENE,PN,2026-09-19 13:22:54
10317,406093048,VALVASONE,PN,2026-09-19 13:22:54
10318,406093501,VALLENONCELLO,PN,2026-09-19 13:22:54
10319,407008068,MONTALTO CARPASIO,IM,2026-09-19 13:22:54
10320,407008501,ARZENO D'ONEGLIA,IM,2026-09-19 13:22:54
10321,407008502,BESTAGNO,IM,2026-09-19 13:22:54
10322,407008503,BORGHETTO SAN NICOLO',IM,2026-09-19 13:22:54
10323,407008504,BORGO SANT'AGATA,IM,2026-09-19 13:22:54
10324,407008505,BOSCOMARE,IM,2026-09-19 13:22:54
10325,407008506,BUSSANA,IM,2026-09-19 13:22:54
10326,407008507,CANDEASCO,IM,2026-09-19 13:22:54
10327,407008508,CARAMAGNA LIGURE,IM,2026-09-19 13:22:54
10328,407008509,CARTARI E CALDERARA,IM,2026-09-19 13:22:54
10329,407008510,CASTELVECCHIO DI SANTA MARIA MAGGIORE,IM,2026-09-19 13:22:54
10330,407008511,CENOVA,IM,2026-09-19 13:22:54
10331,407008512,COLDIRODI,IM,2026-09-19 13:22:54
10332,407008513,CONIO,IM,2026-09-19 13:22:54
10333,407008514,COSTA DI ONEGLIA,IM,2026-09-19 13:22:54
10334,407008515,DIANO BORELLO,IM,2026-09-19 13:22:54
10335,407008516,DIANO CALDERINA,IM,2026-09-19 13:22:54
10336,407008517,GAZZELLI,IM,2026-09-19 13:22:54
10337,407008518,LAVINA,IM,2026-09-19 13:22:54
10338,407008519,LINGUEGLIETTA,IM,2026-09-19 13:22:54
10339,407008520,MARO CASTELLO,IM,2026-09-19 13:22:54
10340,407008521,MENDATICA-MONTEGROSSO,IM,2026-09-19 13:22:54
10341,407008522,MOANO,IM,2026-09-19 13:22:54
10342,407008523,MONTEGRAZIE,IM,2026-09-19 13:22:54
10343,407008524,MOLTEDO SUPERIORE,IM,2026-09-19 13:22:54
10344,407008525,OLIVASTRI,IM,2026-09-19 13:22:54
10345,407008526,ONEGLIA,IM,2026-09-19 13:22:54
10346,407008527,PANTASINA,IM,2026-09-19 13:22:54
10347,407008528,PIANAVIA,IM,2026-09-19 13:22:54
10348,407008529,PIANI,IM,2026-09-19 13:22:54
10349,407008530,POGGI,IM,2026-09-19 13:22:54
10350,407008531,PORTO MAURIZIO,IM,2026-09-19 13:22:54
10351,407008532,RIVA SANTO STEFANO,IM,2026-09-19 13:22:54
10352,407008533,SAN LAZZARO REALE,IM,2026-09-19 13:22:54
10353,407008534,SANTO STEFANO AL MARE CON CASTELLAR,IM,2026-09-19 13:22:54
10354,407008535,SAROLA,IM,2026-09-19 13:22:54
10355,407008536,SASSO DI BORDIGHERA,IM,2026-09-19 13:22:54
10356,407008537,TAVOLE,IM,2026-09-19 13:22:54
10357,407008538,TORRAZZA,IM,2026-09-19 13:22:54
10358,407008539,TORRIA,IM,2026-09-19 13:22:54
10359,407008540,UBAGA,IM,2026-09-19 13:22:54
10360,407008541,VALLECROSIA CON SAN BIAGIO DELLA CIMA,IM,2026-09-19 13:22:54
10361,407008542,VALLORIA MARITTIMA,IM,2026-09-19 13:22:54
10362,407008543,VILLA GUARDIA,IM,2026-09-19 13:22:54
10363,407008544,VILLA TALLA,IM,2026-09-19 13:22:54
10364,407008545,VILLA VIANI,IM,2026-09-19 13:22:54
10365,407008546,VILLE SAN PIETRO,IM,2026-09-19 13:22:54
10366,407008547,VILLE SAN SEBASTIANO,IM,2026-09-19 13:22:54
10367,407009501,BARDINO NUOVO,SV,2026-09-19 13:22:54
10368,407009502,BARDINO VECCHIO,SV,2026-09-19 13:22:54
10369,407009503,BIESTRO,SV,2026-09-19 13:22:54
10370,407009504,BORGIO,SV,2026-09-19 13:22:54
10371,407009505,BROVIDA,SV,2026-09-19 13:22:54
10372,407009506,CAGNA,SV,2026-09-19 13:22:54
10373,407009507,CALVISIO,SV,2026-09-19 13:22:54
10374,407009508,CAMPOCHIESA,SV,2026-09-19 13:22:54
10375,407009509,CARPE,SV,2026-09-19 13:22:54
10376,407009510,CARRETTO,SV,2026-09-19 13:22:54
10377,407009511,CENESI,SV,2026-09-19 13:22:54
10378,407009512,ELLERA,SV,2026-09-19 13:22:54
10379,407009513,FINALBORGO,SV,2026-09-19 13:22:54
10380,407009514,FINALMARINA,SV,2026-09-19 13:22:54
10381,407009515,FINALPIA,SV,2026-09-19 13:22:54
10382,407009516,GORRA,SV,2026-09-19 13:22:54
10383,407009517,LODISIO,SV,2026-09-19 13:22:54
10384,407009518,MARTINA OLBA,SV,2026-09-19 13:22:54
10385,407009519,OLBA,SV,2026-09-19 13:22:54
10386,407009520,ORCO,SV,2026-09-19 13:22:54
10387,407009521,PERTI,SV,2026-09-19 13:22:54
10388,407009522,RANZI PIETRA,SV,2026-09-19 13:22:54
10389,407009523,ROCCHETTA CAIRO,SV,2026-09-19 13:22:54
10390,407009524,ROCCHETTA CENGIO,SV,2026-09-19 13:22:54
10391,407009525,SANTA GIULIA,SV,2026-09-19 13:22:54
10392,407009526,SEGNO,SV,2026-09-19 13:22:54
10393,407009527,VARIGOTTI,SV,2026-09-19 13:22:54
10394,407009528,VELLEGO,SV,2026-09-19 13:22:54
10395,407009529,VEREZZI,SV,2026-09-19 13:22:54
10396,407009530,VERZI PIETRA,SV,2026-09-19 13:22:54
10397,407009531,VEZZI,SV,2026-09-19 13:22:54
10398,407010501,APPARIZIONE,GE,2026-09-19 13:22:54
10399,407010502,BAVARI,GE,2026-09-19 13:22:54
10400,407010503,BOGLIASCO PIEVE,GE,2026-09-19 13:22:54
10401,407010504,BOLZANETO,GE,2026-09-19 13:22:54
10402,407010505,BORZOLI,GE,2026-09-19 13:22:54
10403,407010506,CANEPA,GE,2026-09-19 13:22:54
10404,407010507,GENOVA-CORNIGLIANO,GE,2026-09-19 13:22:54
10405,407010508,FOCE,GE,2026-09-19 13:22:54
10406,407010509,PORTIO,GE,2026-09-19 13:22:54
10407,407010510,MARASSI,GE,2026-09-19 13:22:54
10408,407010511,MOLASSANA,GE,2026-09-19 13:22:54
10409,407010512,MULTEDO,GE,2026-09-19 13:22:54
10410,407010513,NERVI,GE,2026-09-19 13:22:54
10411,407010514,GENOVA-PEGLI,GE,2026-09-19 13:22:54
10412,407010515,PONTEDECIMO,GE,2026-09-19 13:22:54
10413,407010516,GENOVA-PRA,GE,2026-09-19 13:22:54
10414,407010517,QUARTO DEI MILLE,GE,2026-09-19 13:22:54
10415,407010518,QUINTO AL MARE,GE,2026-09-19 13:22:54
10416,407010519,GENOVA-RIVAROLO,GE,2026-09-19 13:22:54
10417,407010520,SAN FRANCESCO D'ALBARO,GE,2026-09-19 13:22:54
10418,407010521,SAN FRUTTUOSO,GE,2026-09-19 13:22:54
10419,407010522,SAN GIOVANNI BATTISTA,GE,2026-09-19 13:22:54
10420,407010523,SAN MARTINO D'ALBARO,GE,2026-09-19 13:22:54
10421,407010524,SAN PIER D'ARENA,GE,2026-09-19 13:22:54
10422,407010525,SAN QUIRICO IN VAL DI POLCEVERA,GE,2026-09-19 13:22:54
10423,407010526,SANT'ILARIO LIGURE,GE,2026-09-19 13:22:54
10424,407010527,GENOVA-SESTRI PONENTE,GE,2026-09-19 13:22:54
10425,407010528,STAGLIENO,GE,2026-09-19 13:22:54
10426,407010529,STRUPPA,GE,2026-09-19 13:22:54
10427,407010530,TREBIANO MAGRA,GE,2026-09-19 13:22:54
10428,407010531,GENOVA-VOLTRI,GE,2026-09-19 13:22:54
10429,407011020,ORTONOVO,SP,2026-09-19 13:22:54
10430,408033049,ALTA VAL TIDONE,PC,2026-09-19 13:22:54
10431,408033501,BORGO SAN BERNARDINO,PC,2026-09-19 13:22:54
10432,408033502,MORTIZZA,PC,2026-09-19 13:22:54
10433,408033503,SAN LAZZARO ALBERONI,PC,2026-09-19 13:22:54
10434,408033504,SANT'ANTONIO A TREBBIA,PC,2026-09-19 13:22:54
10435,408033505,TREBECCO,PC,2026-09-19 13:22:54
10436,408034029,POLESINE PARMENSE,PR,2026-09-19 13:22:54
10437,408034034,SISSA,PR,2026-09-19 13:22:54
10438,408034043,TRECASALI,PR,2026-09-19 13:22:54
10439,408034048,ZIBELLO,PR,2026-09-19 13:22:54
10440,408034051,SORBOLO MEZZANI,PR,2026-09-19 13:22:54
10441,408034501,BOCCOLO DEI TASSI,PR,2026-09-19 13:22:54
10442,408034502,CORTILE SAN MARTINO,PR,2026-09-19 13:22:54
10443,408034503,GOLESE,PR,2026-09-19 13:22:54
10444,408034504,MARORE,PR,2026-09-19 13:22:54
10445,408034505,PIONE,PR,2026-09-19 13:22:54
10446,408034506,SAN DONATO D'ENZA,PR,2026-09-19 13:22:54
10447,408034507,SAN LAZZARO PARMENSE,PR,2026-09-19 13:22:54
10448,408034508,SAN MARTINO SINZANO,PR,2026-09-19 13:22:54
10449,408034509,SAN PANCRAZIO PARMENSE,PR,2026-09-19 13:22:54
10450,408034510,VIGATTO,PR,2026-09-19 13:22:54
10451,408035007,BUSANA,RE,2026-09-19 13:22:54
10452,408035018,CIANO D'ENZA,RE,2026-09-19 13:22:54
10453,408035019,COLLAGNA,RE,2026-09-19 13:22:54
10454,408035025,LIGONCHIO,RE,2026-09-19 13:22:54
10455,408035031,RAMISETO,RE,2026-09-19 13:22:54
10456,408035501,GAZZANO,RE,2026-09-19 13:22:54
10457,408037004,BAZZANO,BO,2026-09-19 13:22:54
10458,408037018,CASTELLO DI SERRAVALLE,BO,2026-09-19 13:22:54
10459,408037023,CRESPELLANO,BO,2026-09-19 13:22:54
10460,408037029,GRANAGLIONE,BO,2026-09-19 13:22:54
10461,408037043,MONTEVEGLIO,BO,2026-09-19 13:22:54
10462,408037049,PORRETTA TERME,BO,2026-09-19 13:22:54
10463,408037058,SAVIGNO,BO,2026-09-19 13:22:54
10464,408037501,BORGO PANIGALE,BO,2026-09-19 13:22:54
10465,408037502,MUSIANO,BO,2026-09-19 13:22:54
10466,408038013,MASSAFISCAGLIA,FE,2026-09-19 13:22:54
10467,408038015,MIGLIARINO,FE,2026-09-19 13:22:54
10468,408038016,MIRABELLO,FE,2026-09-19 13:22:54
10469,408038021,SANT'AGOSTINO,FE,2026-09-19 13:22:54
10470,408038026,MIGLIARO,FE,2026-09-19 13:22:54
10471,408038029,RIVA DEL PO,FE,2026-09-19 13:22:54
10472,408038030,TRESIGNANA,FE,2026-09-19 13:22:54
10473,408040501,FIUMANA,FO,2026-09-19 13:22:54
10474,408040502,MORTANO,FO,2026-09-19 13:22:54
10475,408040503,ROVERSANO,FO,2026-09-19 13:22:54
10476,408040504,SORBANO,FO,2026-09-19 13:22:54
10477,408040505,TEODORANO,FO,2026-09-19 13:22:54
10478,408040506,BELLARIA-IGEA MARINA,FO,2026-09-19 13:22:54
10479,408040507,CATTOLICA,FO,2026-09-19 13:22:54
10480,408040508,CORIANO,FO,2026-09-19 13:22:54
10481,408040509,GEMMANO,FO,2026-09-19 13:22:54
10482,408040510,MISANO ADRIATICO,FO,2026-09-19 13:22:54
10483,408040511,MONDAINO,FO,2026-09-19 13:22:54
10484,408040512,MONTE COLOMBO,FO,2026-09-19 13:22:54
10485,408040513,MONTEFIORE CONCA,FO,2026-09-19 13:22:54
10486,408040514,MONTEGRIDOLFO,FO,2026-09-19 13:22:54
10487,408040515,MONTESCUDO,FO,2026-09-19 13:22:54
10488,408040516,MORCIANO DI ROMAGNA,FO,2026-09-19 13:22:54
10489,408040517,POGGIO BERNI,FO,2026-09-19 13:22:54
10490,408040518,RICCIONE,FO,2026-09-19 13:22:54
10491,408040519,RIMINI,FO,2026-09-19 13:22:54
10492,408040520,SALUDECIO,FO,2026-09-19 13:22:54
10493,408040521,SAN CLEMENTE,FO,2026-09-19 13:22:54
10494,408040522,SAN GIOVANNI IN MARIGNANO,FO,2026-09-19 13:22:54
10495,408040523,SANTARCANGELO DI ROMAGNA,FO,2026-09-19 13:22:54
10496,408040524,TORRIANA,FO,2026-09-19 13:22:54
10497,408040525,VERUCCHIO,FO,2026-09-19 13:22:54
10498,408099007,MONTE COLOMBO,RN,2026-09-19 13:22:54
10499,408099010,MONTESCUDO,RN,2026-09-19 13:22:54
10500,408099012,POGGIO BERNI,RN,2026-09-19 13:22:54
10501,408099019,TORRIANA,RN,2026-09-19 13:22:54
10502,408140001,BAGNO DI ROMAGNA,FC,2026-09-19 13:22:54
10503,408140003,BERTINORO,FC,2026-09-19 13:22:54
10504,408140004,BORGHI,FC,2026-09-19 13:22:54
10505,408140005,CASTROCARO TERME E TERRA DEL SOLE,FC,2026-09-19 13:22:54
10506,408140007,CESENA,FC,2026-09-19 13:22:54
10507,408140008,CESENATICO,FC,2026-09-19 13:22:54
10508,408140009,CIVITELLA DI ROMAGNA,FC,2026-09-19 13:22:54
10509,408140011,DOVADOLA,FC,2026-09-19 13:22:54
10510,408140012,FORLI',FC,2026-09-19 13:22:54
10511,408140013,FORLIMPOPOLI,FC,2026-09-19 13:22:54
10512,408140014,GALEATA,FC,2026-09-19 13:22:54
10513,408140015,GAMBETTOLA,FC,2026-09-19 13:22:54
10514,408140016,GATTEO,FC,2026-09-19 13:22:54
10515,408140018,LONGIANO,FC,2026-09-19 13:22:54
10516,408140019,MELDOLA,FC,2026-09-19 13:22:54
10517,408140020,MERCATO SARACENO,FC,2026-09-19 13:22:54
10518,408140022,MODIGLIANA,FC,2026-09-19 13:22:54
10519,408140028,MONTIANO,FC,2026-09-19 13:22:54
10520,408140031,PORTICO E SAN BENEDETTO,FC,2026-09-19 13:22:54
10521,408140032,PREDAPPIO,FC,2026-09-19 13:22:54
10522,408140033,PREMILCUORE,FC,2026-09-19 13:22:54
10523,408140036,ROCCA SAN CASCIANO,FC,2026-09-19 13:22:54
10524,408140037,RONCOFREDDO,FC,2026-09-19 13:22:54
10525,408140041,SAN MAURO PASCOLI,FC,2026-09-19 13:22:54
10526,408140043,SANTA SOFIA,FC,2026-09-19 13:22:54
10527,408140044,SARSINA,FC,2026-09-19 13:22:54
10528,408140045,SAVIGNANO SUL RUBICONE,FC,2026-09-19 13:22:54
10529,408140046,SOGLIANO AL RUBICONE,FC,2026-09-19 13:22:54
10530,408140049,TREDOZIO,FC,2026-09-19 13:22:54
10531,408140050,VERGHERETO,FC,2026-09-19 13:22:54
10532,408140510,MISANO IN VILLA VITTORIA,FO,2026-09-19 13:22:54
10533,408140513,MONTEFIORITO,FO,2026-09-19 13:22:54
10534,408140523,SANT'ARCANGELO DI ROMAGNA,FO,2026-09-19 13:22:54
10535,408140524,SCORTICATA,FO,2026-09-19 13:22:54
10536,408240005,TERRA DEL SOLE E CASTROCARO,FO,2026-09-19 13:22:54
10537,408240032,PREDAPPIO NUOVA,FO,2026-09-19 13:22:54
10538,408240041,SAN MAURO DI ROMAGNA,FO,2026-09-19 13:22:54
10539,408240045,SAVIGNANO DI ROMAGNA,FO,2026-09-19 13:22:54
10540,408340005,CASTROCARO E TERRA DEL SOLE,FO,2026-09-19 13:22:54
10541,408340032,PREDAPPIO,FO,2026-09-19 13:22:54
10542,409045501,ALBIANO MAGRA,MS,2026-09-19 13:22:54
10543,409045502,APUANIA,MS,2026-09-19 13:22:54
10544,409045503,TERRAROSSA,MS,2026-09-19 13:22:54
10545,409046012,FABBRICHE DI VALLICO,LU,2026-09-19 13:22:54
10546,409046016,GIUNCUGNANO,LU,2026-09-19 13:22:54
10547,409046029,SILLANO,LU,2026-09-19 13:22:54
10548,409046032,VERGEMOLI,LU,2026-09-19 13:22:54
10549,409047001,ABETONE,PT,2026-09-19 13:22:54
10550,409047004,CUTIGLIANO,PT,2026-09-19 13:22:54
10551,409047015,PITEGLIO,PT,2026-09-19 13:22:54
10552,409047019,SAN MARCELLO PISTOIESE,PT,2026-09-19 13:22:54
10553,409047501,MONTECATINI VAL DI NIEVOLE,PT,2026-09-19 13:22:54
10554,409047502,PORTA AL BORGO,PT,2026-09-19 13:22:54
10555,409047503,PORTA CARRATICA,PT,2026-09-19 13:22:54
10556,409047504,VELLANO,PT,2026-09-19 13:22:54
10557,409048016,FIGLINE VALDARNO,FI,2026-09-19 13:22:54
10558,409048023,INCISA IN VAL D'ARNO,FI,2026-09-19 13:22:54
10559,409048040,SAN PIERO A SIEVE,FI,2026-09-19 13:22:54
10560,409048042,SCARPERIA,FI,2026-09-19 13:22:54
10561,409048054,BARBERINO TAVARNELLE,FI,2026-09-19 13:22:54
10562,409048501,BROZZI,FI,2026-09-19 13:22:54
10563,409048502,GALLUZZO,FI,2026-09-19 13:22:54
10564,409048503,LEGNAIA,FI,2026-09-19 13:22:54
10565,409048504,MONTECALVOLI,FI,2026-09-19 13:22:54
10566,409048505,PELLEGRINO DA CAREGGI,FI,2026-09-19 13:22:54
10567,409048506,PORTA LUCCHESE,FI,2026-09-19 13:22:54
10568,409048507,PORTA SAN MARCO,FI,2026-09-19 13:22:54
10569,409048508,ROVEZZANO,FI,2026-09-19 13:22:54
10570,409048509,CANTAGALLO,FI,2026-09-19 13:22:54
10571,409048510,CARMIGNANO,FI,2026-09-19 13:22:54
10572,409048511,MONTEMURLO,FI,2026-09-19 13:22:54
10573,409048512,POGGIO A CAIANO,FI,2026-09-19 13:22:54
10574,409048513,PRATO,FI,2026-09-19 13:22:54
10575,409048514,VAIANO,FI,2026-09-19 13:22:54
10576,409048515,VERNIO,FI,2026-09-19 13:22:54
10577,409049021,RIO,LI,2026-09-19 13:22:54
10578,409050007,CASCIANA TERME,PI,2026-09-19 13:22:54
10579,409050013,CRESPINA,PI,2026-09-19 13:22:54
10580,409050017,LARI,PI,2026-09-19 13:22:54
10581,409050018,LORENZANA,PI,2026-09-19 13:22:54
10582,409050501,SANTA LUCE-ORCIANO,PI,2026-09-19 13:22:54
10583,409051009,CASTELFRANCO DI SOPRA,AR,2026-09-19 13:22:54
10584,409051029,PIAN DI SCO,AR,2026-09-19 13:22:54
10585,409051032,PRATOVECCHIO,AR,2026-09-19 13:22:54
10586,409051036,STIA,AR,2026-09-19 13:22:54
10587,409051042,LATERINA PERGINE VALDARNO,AR,2026-09-19 13:22:54
10588,409051501,CASTIGLION UBERTINI,AR,2026-09-19 13:22:54
10589,409051502,PRATOVECCHIO-STIA,AR,2026-09-19 13:22:54
10590,409051503,RAGGIOLO,AR,2026-09-19 13:22:54
10591,409052014,MONTALCINO,SI,2026-09-19 13:22:54
10592,409052029,SAN GIOVANNI D'ASSO,SI,2026-09-19 13:22:54
10593,409052501,MASSE DI CITTA',SI,2026-09-19 13:22:54
10594,409052502,MASSE DI SAN MARTINO,SI,2026-09-19 13:22:54
10595,409052503,MASSE DI SIENA,SI,2026-09-19 13:22:54
10596,410054501,BOCCHIGNANO,PG,2026-09-19 13:22:54
10597,410054502,CAPITONE,PG,2026-09-19 13:22:54
10598,410054503,CASTEL SAN FELICE,PG,2026-09-19 13:22:54
10599,410054504,CASTEL SAN GIOVANNI DI SPOLETO,PG,2026-09-19 13:22:54
10600,410054505,CESELLI,PG,2026-09-19 13:22:54
10601,410054506,COLLEMANCIO,PG,2026-09-19 13:22:54
10602,410054507,PIEDIPATERNO SUL NERA,PG,2026-09-19 13:22:54
10603,410054508,MONTE SANTA MARIA IN SABINA,PG,2026-09-19 13:22:54
10604,410054509,MONTESANTO VIGI,PG,2026-09-19 13:22:54
10605,410054510,OLIVETO IN SABINA,PG,2026-09-19 13:22:54
10606,410054511,PASCELUPO,PG,2026-09-19 13:22:54
10607,410054512,ROCCHETTE IN SABINA,PG,2026-09-19 13:22:54
10608,410054513,SCHEGGIA,PG,2026-09-19 13:22:54
10609,410055501,CARNAIOLA,TR,2026-09-19 13:22:54
10610,410055502,CASTEL DI LAGO,TR,2026-09-19 13:22:54
10611,410055503,CESI,TR,2026-09-19 13:22:54
10612,410055504,COLLESCIPOLI,TR,2026-09-19 13:22:54
10613,410055505,COLLESTATTE,TR,2026-09-19 13:22:54
10614,410055506,MONTEGIOVE,TR,2026-09-19 13:22:54
10615,410055507,MONTERUBBIAGLIO,TR,2026-09-19 13:22:54
10616,410055508,PAPIGNO,TR,2026-09-19 13:22:54
10617,410055509,PIEDILUCO,TR,2026-09-19 13:22:54
10618,410055510,PORCHIANO DEL MONTE,TR,2026-09-19 13:22:54
10619,410055511,PORTARIA,TR,2026-09-19 13:22:54
10620,410055512,SAN VITO IN MONTE,TR,2026-09-19 13:22:54
10621,410055513,TORRE ORSINA,TR,2026-09-19 13:22:54
10622,411041004,BARCHI,PS,2026-09-19 13:22:54
10623,411041011,CASTELDELCI,PS,2026-09-19 13:22:54
10624,411041012,COLBORDOLO,PS,2026-09-19 13:22:54
10625,411041024,MAIOLO,PS,2026-09-19 13:22:54
10626,411041035,MONTE GRIMANO,PS,2026-09-19 13:22:54
10627,411041037,MONTEMAGGIORE AL METAURO,PS,2026-09-19 13:22:54
10628,411041039,NOVAFELTRIA,PS,2026-09-19 13:22:54
10629,411041040,ORCIANO DI PESARO,PS,2026-09-19 13:22:54
10630,411041042,PENNABILLI,PS,2026-09-19 13:22:54
10631,411041046,PIAGGE,PS,2026-09-19 13:22:54
10632,411041050,SALTARA,PS,2026-09-19 13:22:54
10633,411041052,SAN GIORGIO DI PESARO,PS,2026-09-19 13:22:54
10634,411041053,SAN LEO,PS,2026-09-19 13:22:54
10635,411041055,SANT'AGATA FELTRIA,PS,2026-09-19 13:22:54
10636,411041056,SANT'ANGELO IN LIZZOLA,PS,2026-09-19 13:22:54
10637,411041062,SERRUNGARINA,PS,2026-09-19 13:22:54
10638,411041063,TALAMELLO,PS,2026-09-19 13:22:54
10639,411041071,SASSOCORVARO AUDITORE,PS,2026-09-19 13:22:54
10640,411041501,CANDELARA,PS,2026-09-19 13:22:54
10641,411041502,CASTELDIMEZZO,PS,2026-09-19 13:22:54
10642,411041503,FENIGLI,PS,2026-09-19 13:22:54
10643,411041504,FIORENZUOLA DI FOCARA,PS,2026-09-19 13:22:54
10644,411041505,FRONTONE-SERRA,PS,2026-09-19 13:22:54
10645,411041506,GINESTRETO,PS,2026-09-19 13:22:54
10646,411041507,ISOLA DI FANO,PS,2026-09-19 13:22:54
10647,411041508,MONTALFOGLIO,PS,2026-09-19 13:22:54
10648,411041509,MONTALTO TARUGO,PS,2026-09-19 13:22:54
10649,411041510,MONTEBELLO METAURENSE,PS,2026-09-19 13:22:54
10650,411041511,MONTEFABBRI,PS,2026-09-19 13:22:54
10651,411041512,MONTEGUIDUCCIO,PS,2026-09-19 13:22:54
10652,411041513,MONTEMAGGIORE,PS,2026-09-19 13:22:54
10653,411041514,MONTE MONTANARO,PS,2026-09-19 13:22:54
10654,411041515,MONTEROLO,PS,2026-09-19 13:22:54
10655,411041516,MONTESECCO ANTICO,PS,2026-09-19 13:22:54
10656,411041517,MONTEVECCHIO,PS,2026-09-19 13:22:54
10657,411041518,NOVILARA,PS,2026-09-19 13:22:54
10658,411041519,POZZO ALTO,PS,2026-09-19 13:22:54
10659,411041520,SANT'ANDREA DI SUASA,PS,2026-09-19 13:22:54
10660,411041521,SAN VITO SUL CESANO,PS,2026-09-19 13:22:54
10661,411041522,SCAVOLINO,PS,2026-09-19 13:22:54
10662,411041523,SORBOLONGO,PS,2026-09-19 13:22:54
10663,411041524,TORRE SAN MARCO,PS,2026-09-19 13:22:54
10664,411042009,CASTEL COLONNA,AN,2026-09-19 13:22:54
10665,411042028,MONTERADO,AN,2026-09-19 13:22:54
10666,411042039,RIPE,AN,2026-09-19 13:22:54
10667,411042501,MONTESICURO,AN,2026-09-19 13:22:54
10668,411042502,PATERNO D'ANCONA,AN,2026-09-19 13:22:54
10669,411042503,ROSORA MERGO,AN,2026-09-19 13:22:54
10670,411043001,ACQUACANINA,MC,2026-09-19 13:22:54
10671,411043018,FIORDIMONTE,MC,2026-09-19 13:22:54
10672,411043037,PIEVEBOVIGLIANA,MC,2026-09-19 13:22:54
10673,411043501,PORTO CIVITANOVA,MC,2026-09-19 13:22:54
10674,411044003,ALTIDONA,AP,2026-09-19 13:22:54
10675,411044004,AMANDOLA,AP,2026-09-19 13:22:54
10676,411044008,BELMONTE PICENO,AP,2026-09-19 13:22:54
10677,411044009,CAMPOFILONE,AP,2026-09-19 13:22:54
10678,411044018,FALERONE,AP,2026-09-19 13:22:54
10679,411044019,FERMO,AP,2026-09-19 13:22:54
10680,411044022,FRANCAVILLA D'ETE,AP,2026-09-19 13:22:54
10681,411044024,GROTTAZZOLINA,AP,2026-09-19 13:22:54
10682,411044025,LAPEDONA,AP,2026-09-19 13:22:54
10683,411044026,MAGLIANO DI TENNA,AP,2026-09-19 13:22:54
10684,411044028,MASSA FERMANA,AP,2026-09-19 13:22:54
10685,411044030,MONSAMPIETRO MORICO,AP,2026-09-19 13:22:54
10686,411044033,MONTAPPONE,AP,2026-09-19 13:22:54
10687,411044035,MONTEFALCONE APPENNINO,AP,2026-09-19 13:22:54
10688,411044037,MONTEFORTINO,AP,2026-09-19 13:22:54
10689,411044039,MONTE GIBERTO,AP,2026-09-19 13:22:54
10690,411044040,MONTEGIORGIO,AP,2026-09-19 13:22:54
10691,411044041,MONTEGRANARO,AP,2026-09-19 13:22:54
10692,411044042,MONTELEONE DI FERMO,AP,2026-09-19 13:22:54
10693,411044043,MONTELPARO,AP,2026-09-19 13:22:54
10694,411044046,MONTE RINALDO,AP,2026-09-19 13:22:54
10695,411044047,MONTERUBBIANO,AP,2026-09-19 13:22:54
10696,411044048,MONTE SAN PIETRANGELI,AP,2026-09-19 13:22:54
10697,411044049,MONTE URANO,AP,2026-09-19 13:22:54
10698,411044050,MONTE VIDON COMBATTE,AP,2026-09-19 13:22:54
10699,411044051,MONTE VIDON CORRADO,AP,2026-09-19 13:22:54
10700,411044052,MONTOTTONE,AP,2026-09-19 13:22:54
10701,411044053,MORESCO,AP,2026-09-19 13:22:54
10702,411044055,ORTEZZANO,AP,2026-09-19 13:22:54
10703,411044057,PEDASO,AP,2026-09-19 13:22:54
10704,411044058,PETRITOLI,AP,2026-09-19 13:22:54
10705,411044059,PONZANO DI FERMO,AP,2026-09-19 13:22:54
10706,411044060,PORTO SAN GIORGIO,AP,2026-09-19 13:22:54
10707,411044061,PORTO SANT'ELPIDIO,AP,2026-09-19 13:22:54
10708,411044062,RAPAGNANO,AP,2026-09-19 13:22:54
10709,411044067,SANTA VITTORIA IN MATENANO,AP,2026-09-19 13:22:54
10710,411044068,SANT'ELPIDIO A MARE,AP,2026-09-19 13:22:54
10711,411044069,SERVIGLIANO,AP,2026-09-19 13:22:54
10712,411044070,SMERILLO,AP,2026-09-19 13:22:54
10713,411044072,TORRE SAN PATRIZIO,AP,2026-09-19 13:22:54
10714,411044501,ALTETA,AP,2026-09-19 13:22:54
10715,411044502,CAPRADOSSO,AP,2026-09-19 13:22:54
10716,411044503,CASTEL DI CROCE,AP,2026-09-19 13:22:54
10717,411044504,LISCIANO DEL TRONTO,AP,2026-09-19 13:22:54
10718,411044505,MONTACUTO,AP,2026-09-19 13:22:54
10719,411044506,MONTADAMO,AP,2026-09-19 13:22:54
10720,411044507,MONTECALVO DEL CASTELLANO,AP,2026-09-19 13:22:54
10721,411044508,MOREGNANO,AP,2026-09-19 13:22:54
10722,411044509,MOZZANO,AP,2026-09-19 13:22:54
10723,411044510,OSOLI,AP,2026-09-19 13:22:54
10724,411044511,PAGLIARE,AP,2026-09-19 13:22:54
10725,411044512,PATRIGNONE,AP,2026-09-19 13:22:54
10726,411044513,PORCHIA,AP,2026-09-19 13:22:54
10727,411044514,PORCHIANO DELL'ASCENSIONE,AP,2026-09-19 13:22:54
10728,411044515,QUINTODECIMO,AP,2026-09-19 13:22:54
10729,411044516,RIPABERARDA,AP,2026-09-19 13:22:54
10730,411044517,ROCCAREONILE,AP,2026-09-19 13:22:54
10731,411044518,SANTA MARIA DEL TRONTO,AP,2026-09-19 13:22:54
10732,411044519,SANT'ELPIDIO MORICO,AP,2026-09-19 13:22:54
10733,411044520,TORRE DI PALME,AP,2026-09-19 13:22:54
10734,411099030,MONTECOPIOLO,RN,2026-09-19 13:22:54
10735,411099031,SASSOFELTRIO,RN,2026-09-19 13:22:54
10736,411141001,ACQUALAGNA,PU,2026-09-19 13:22:54
10737,411141002,APECCHIO,PU,2026-09-19 13:22:54
10738,411141003,AUDITORE,PU,2026-09-19 13:22:54
10739,411141004,BARCHI,PU,2026-09-19 13:22:54
10740,411141005,BELFORTE ALL'ISAURO,PU,2026-09-19 13:22:54
10741,411141006,BORGO PACE,PU,2026-09-19 13:22:54
10742,411141007,CAGLI,PU,2026-09-19 13:22:54
10743,411141008,CANTIANO,PU,2026-09-19 13:22:54
10744,411141009,CARPEGNA,PU,2026-09-19 13:22:54
10745,411141010,CARTOCETO,PU,2026-09-19 13:22:54
10746,411141011,CASTELDELCI,PU,2026-09-19 13:22:54
10747,411141012,COLBORDOLO,PU,2026-09-19 13:22:54
10748,411141013,FANO,PU,2026-09-19 13:22:54
10749,411141014,FERMIGNANO,PU,2026-09-19 13:22:54
10750,411141015,FOSSOMBRONE,PU,2026-09-19 13:22:54
10751,411141016,FRATTE ROSA,PU,2026-09-19 13:22:54
10752,411141017,FRONTINO,PU,2026-09-19 13:22:54
10753,411141018,FRONTONE,PU,2026-09-19 13:22:54
10754,411141019,GABICCE MARE,PU,2026-09-19 13:22:54
10755,411141020,GRADARA,PU,2026-09-19 13:22:54
10756,411141021,ISOLA DEL PIANO,PU,2026-09-19 13:22:54
10757,411141022,LUNANO,PU,2026-09-19 13:22:54
10758,411141023,MACERATA FELTRIA,PU,2026-09-19 13:22:54
10759,411141024,MAIOLO,PU,2026-09-19 13:22:54
10760,411141025,MERCATELLO SUL METAURO,PU,2026-09-19 13:22:54
10761,411141026,MERCATINO CONCA,PU,2026-09-19 13:22:54
10762,411141027,MOMBAROCCIO,PU,2026-09-19 13:22:54
10763,411141028,MONDAVIO,PU,2026-09-19 13:22:54
10764,411141029,MONDOLFO,PU,2026-09-19 13:22:54
10765,411141030,MONTECALVO IN FOGLIA,PU,2026-09-19 13:22:54
10766,411141031,MONTE CERIGNONE,PU,2026-09-19 13:22:54
10767,411141032,MONTECICCARDO,PU,2026-09-19 13:22:54
10768,411141033,MONTECOPIOLO,PU,2026-09-19 13:22:54
10769,411141034,MONTEFELCINO,PU,2026-09-19 13:22:54
10770,411141035,MONTE GRIMANO,PU,2026-09-19 13:22:54
10771,411141036,MONTELABBATE,PU,2026-09-19 13:22:54
10772,411141037,MONTEMAGGIORE AL METAURO,PU,2026-09-19 13:22:54
10773,411141038,MONTE PORZIO,PU,2026-09-19 13:22:54
10774,411141039,NOVAFELTRIA,PU,2026-09-19 13:22:54
10775,411141040,ORCIANO DI PESARO,PU,2026-09-19 13:22:54
10776,411141041,PEGLIO,PU,2026-09-19 13:22:54
10777,411141042,PENNABILLI,PU,2026-09-19 13:22:54
10778,411141043,PERGOLA,PU,2026-09-19 13:22:54
10779,411141044,PESARO,PU,2026-09-19 13:22:54
10780,411141045,PETRIANO,PU,2026-09-19 13:22:54
10781,411141046,PIAGGE,PU,2026-09-19 13:22:54
10782,411141047,PIANDIMELETO,PU,2026-09-19 13:22:54
10783,411141048,PIETRARUBBIA,PU,2026-09-19 13:22:54
10784,411141049,PIOBBICO,PU,2026-09-19 13:22:54
10785,411141050,SALTARA,PU,2026-09-19 13:22:54
10786,411141051,SAN COSTANZO,PU,2026-09-19 13:22:54
10787,411141052,SAN GIORGIO DI PESARO,PU,2026-09-19 13:22:54
10788,411141053,SAN LEO,PU,2026-09-19 13:22:54
10789,411141054,SAN LORENZO IN CAMPO,PU,2026-09-19 13:22:54
10790,411141055,SANT'AGATA FELTRIA,PU,2026-09-19 13:22:54
10791,411141056,SANT'ANGELO IN LIZZOLA,PU,2026-09-19 13:22:54
10792,411141057,SANT'ANGELO IN VADO,PU,2026-09-19 13:22:54
10793,411141058,SANT'IPPOLITO,PU,2026-09-19 13:22:54
10794,411141059,SASSOCORVARO,PU,2026-09-19 13:22:54
10795,411141060,SASSOFELTRIO,PU,2026-09-19 13:22:54
10796,411141061,SERRA SANT'ABBONDIO,PU,2026-09-19 13:22:54
10797,411141062,SERRUNGARINA,PU,2026-09-19 13:22:54
10798,411141063,TALAMELLO,PU,2026-09-19 13:22:54
10799,411141064,TAVOLETO,PU,2026-09-19 13:22:54
10800,411141065,TAVULLIA,PU,2026-09-19 13:22:54
10801,411141066,URBANIA,PU,2026-09-19 13:22:54
10802,411141067,URBINO,PU,2026-09-19 13:22:54
10803,411141068,VALLEFOGLIA,PU,2026-09-19 13:22:54
10804,411141069,COLLI AL METAURO,PU,2026-09-19 13:22:54
10805,411141070,TERRE ROVERESCHE,PU,2026-09-19 13:22:54
10806,411141071,SASSOCORVARO AUDITORE,PU,2026-09-19 13:22:54
10807,411141935,MONTE GRIMANO TERME,PU,2026-09-19 13:22:54
10808,412056501,BAGNAIA,VT,2026-09-19 13:22:54
10809,412056502,CASTEL CELLESI,VT,2026-09-19 13:22:54
10810,412056503,GROTTE DI SANTO STEFANO,VT,2026-09-19 13:22:54
10811,412056504,ROCCALVECCE,VT,2026-09-19 13:22:54
10812,412056505,SAN MARTINO AL CIMINO,VT,2026-09-19 13:22:54
10813,412056506,SAN MICHELE IN TEVERINA,VT,2026-09-19 13:22:54
10814,412057501,CASTEL SAN BENEDETTO REATINO,RI,2026-09-19 13:22:54
10815,412057502,CERCHIARA DI SABINA,RI,2026-09-19 13:22:54
10816,412057503,COLLEBACCARO,RI,2026-09-19 13:22:54
10817,412057504,VAZIA,RI,2026-09-19 13:22:54
10818,412057505,POGGIO FIDONI,RI,2026-09-19 13:22:54
10819,412057506,POSTICCIOLA,RI,2026-09-19 13:22:54
10820,412057507,SAN GIOVANNI REATINO,RI,2026-09-19 13:22:54
10821,412057508,SANT'ELIA REATINO,RI,2026-09-19 13:22:54
10822,412058121,BOVILLE,RM,2026-09-19 13:22:54
10823,412058501,MONTECELIO,RM,2026-09-19 13:22:54
10824,412058502,NETTUNIA,RM,2026-09-19 13:22:54
10825,412059501,CASTELLONORATO,LT,2026-09-19 13:22:54
10826,412059502,ELENA,LT,2026-09-19 13:22:54
10827,412059503,MARANOLA,LT,2026-09-19 13:22:54
10828,412060501,ROCCAGUGLIELMA,FR,2026-09-19 13:22:54
10829,412060502,SAN PIETRO IN CUROLIS,FR,2026-09-19 13:22:54
10830,412060503,SANT'ANDREA DI VALLEFREDDA,FR,2026-09-19 13:22:54
10831,412060504,VITICUSO E ACQUAFONDATA,FR,2026-09-19 13:22:54
10832,413066501,ARISCHIA,AQ,2026-09-19 13:22:54
10833,413066502,BAGNO,AQ,2026-09-19 13:22:54
10834,413066503,CAMARDA,AQ,2026-09-19 13:22:54
10835,413066504,GORIANO VALLI,AQ,2026-09-19 13:22:54
10836,413066505,PAGANICA,AQ,2026-09-19 13:22:54
10837,413066506,PRETURO,AQ,2026-09-19 13:22:54
10838,413066507,ROIO PIANO,AQ,2026-09-19 13:22:54
10839,413066508,SAN NICANDRO D'AQUILA,AQ,2026-09-19 13:22:54
10840,413066509,SASSA,AQ,2026-09-19 13:22:54
10841,413067501,VALLE SAN GIOVANNI,TE,2026-09-19 13:22:54
10842,413068501,CASTELLAMMARE ADRIATICO,PE,2026-09-19 13:22:54
10843,413068502,MONTESILVANO MARINA,PE,2026-09-19 13:22:54
10844,413068503,MUSELLARO,PE,2026-09-19 13:22:54
10845,413068504,ROCCACARAMANICO,PE,2026-09-19 13:22:54
10846,413068933,POPOLI TERME,PE,2026-09-19 13:22:54
10847,413069501,FALLASCOSO,CH,2026-09-19 13:22:54
10848,413069502,SAN SILVESTRO,CH,2026-09-19 13:22:54
10849,414070501,CASTELLONE AL VOLTURNO,CB,2026-09-19 13:22:54
10850,414070502,SAN VINCENZO A VOLTURNO,CB,2026-09-19 13:22:54
10851,414070503,ACQUAVIVA D'ISERNIA,CB,2026-09-19 13:22:54
10852,414070504,AGNONE,CB,2026-09-19 13:22:54
10853,414070505,BAGNOLI DEL TRIGNO,CB,2026-09-19 13:22:54
10854,414070506,BELMONTE DEL SANNIO,CB,2026-09-19 13:22:54
10855,414070507,CANTALUPO NEL SANNIO,CB,2026-09-19 13:22:54
10856,414070508,CAPRACOTTA,CB,2026-09-19 13:22:54
10857,414070509,CAROVILLI,CB,2026-09-19 13:22:54
10858,414070510,CARPINONE,CB,2026-09-19 13:22:54
10859,414070511,CASTEL DEL GIUDICE,CB,2026-09-19 13:22:54
10860,414070512,CASTEL SAN VINCENZO,CB,2026-09-19 13:22:54
10861,414070513,CASTELPETROSO,CB,2026-09-19 13:22:54
10862,414070514,CASTELPIZZUTO,CB,2026-09-19 13:22:54
10863,414070515,CASTELVERRINO,CB,2026-09-19 13:22:54
10864,414070516,CERRO AL VOLTURNO,CB,2026-09-19 13:22:54
10865,414070517,CHIAUCI,CB,2026-09-19 13:22:54
10866,414070518,CIVITANOVA DEL SANNIO,CB,2026-09-19 13:22:54
10867,414070519,COLLI A VOLTURNO,CB,2026-09-19 13:22:54
10868,414070520,CONCA CASALE,CB,2026-09-19 13:22:54
10869,414070521,FILIGNANO,CB,2026-09-19 13:22:54
10870,414070522,FORNELLI,CB,2026-09-19 13:22:54
10871,414070523,FROSOLONE,CB,2026-09-19 13:22:54
10872,414070524,ISERNIA,CB,2026-09-19 13:22:54
10873,414070525,LONGANO,CB,2026-09-19 13:22:54
10874,414070526,MACCHIA D'ISERNIA,CB,2026-09-19 13:22:54
10875,414070527,MACCHIAGODENA,CB,2026-09-19 13:22:54
10876,414070528,MIRANDA,CB,2026-09-19 13:22:54
10877,414070529,MONTAQUILA,CB,2026-09-19 13:22:54
10878,414070530,MONTERODUNI,CB,2026-09-19 13:22:54
10879,414070531,PESCHE,CB,2026-09-19 13:22:54
10880,414070532,PESCOLANCIANO,CB,2026-09-19 13:22:54
10881,414070533,PESCOPENNATARO,CB,2026-09-19 13:22:54
10882,414070534,PETTORANELLO DEL MOLISE,CB,2026-09-19 13:22:54
10883,414070535,PIETRABBONDANTE,CB,2026-09-19 13:22:54
10884,414070536,PIZZONE,CB,2026-09-19 13:22:54
10885,414070537,POGGIO SANNITA,CB,2026-09-19 13:22:54
10886,414070538,POZZILLI,CB,2026-09-19 13:22:54
10887,414070539,RIONERO SANNITICO,CB,2026-09-19 13:22:54
10888,414070540,ROCCAMANDOLFI,CB,2026-09-19 13:22:54
10889,414070541,ROCCASICURA,CB,2026-09-19 13:22:54
10890,414070542,ROCCHETTA A VOLTURNO,CB,2026-09-19 13:22:54
10891,414070543,SAN PIETRO AVELLANA,CB,2026-09-19 13:22:54
10892,414070544,SANT'AGAPITO,CB,2026-09-19 13:22:54
10893,414070545,SANT'ANGELO DEL PESCO,CB,2026-09-19 13:22:54
10894,414070546,SANT'ELENA SANNITA,CB,2026-09-19 13:22:54
10895,414070547,SANTA MARIA DEL MOLISE,CB,2026-09-19 13:22:54
10896,414070548,SCAPOLI,CB,2026-09-19 13:22:54
10897,414070549,SESSANO DEL MOLISE,CB,2026-09-19 13:22:54
10898,414070550,SESTO CAMPANO,CB,2026-09-19 13:22:54
10899,414070551,VASTOGIRARDI,CB,2026-09-19 13:22:54
10900,414070552,VENAFRO,CB,2026-09-19 13:22:54
10901,414070920,FORLI' DEL SANNIO,CB,2026-09-19 13:22:54
10902,414070929,MONTENERO VAL COCCHIARA,CB,2026-09-19 13:22:54
10903,415061501,ALBANOVA,CE,2026-09-19 13:22:54
10904,415061502,ARIENZO SANFELICE,CE,2026-09-19 13:22:54
10905,415061503,ATELLA DI NAPOLI,CE,2026-09-19 13:22:54
10906,415061504,CASALBA,CE,2026-09-19 13:22:54
10907,415061505,FERTILIA,CE,2026-09-19 13:22:54
10908,415061506,FRIGNANO MAGGIORE,CE,2026-09-19 13:22:54
10909,415061507,LUSCIANO E DUCENTA,CE,2026-09-19 13:22:54
10910,415061508,SAN LEUCIO,CE,2026-09-19 13:22:54
10911,415061509,VILLA VOLTURNO,CE,2026-09-19 13:22:54
10912,415062501,BAGNARA DI BENEVENTO,BN,2026-09-19 13:22:54
10913,415062502,CALVI SAN NAZZARO,BN,2026-09-19 13:22:54
10914,415062503,CIVITELLA LICINIO,BN,2026-09-19 13:22:54
10915,415062504,LUZZANO,BN,2026-09-19 13:22:54
10916,415062505,MONTORSO,BN,2026-09-19 13:22:54
10917,415062506,PASTENE,BN,2026-09-19 13:22:54
10918,415062507,PERRILLO,BN,2026-09-19 13:22:54
10919,415062508,SAN MARCO A MONTI,BN,2026-09-19 13:22:54
10920,415062509,VARONI,BN,2026-09-19 13:22:54
10921,415063501,BARRA,NA,2026-09-19 13:22:54
10922,415063502,CHIAIANO ED UNITI,NA,2026-09-19 13:22:54
10923,415063503,LICIGNANO DI NAPOLI,NA,2026-09-19 13:22:54
10924,415063504,PIANURA,NA,2026-09-19 13:22:54
10925,415063505,PISCINOLA,NA,2026-09-19 13:22:54
10926,415063506,PONTICELLI,NA,2026-09-19 13:22:54
10927,415063507,SAN GIOVANNI A TEDUCCIO,NA,2026-09-19 13:22:54
10928,415063508,SAN PIETRO A PATIERNO,NA,2026-09-19 13:22:54
10929,415063509,SANT'ERASMO,NA,2026-09-19 13:22:54
10930,415063510,SECONDIGLIANO,NA,2026-09-19 13:22:54
10931,415063511,SIRICO,NA,2026-09-19 13:22:54
10932,415063512,SOCCAVO,NA,2026-09-19 13:22:54
10933,415063513,TESTACCIO D'ISCHIA,NA,2026-09-19 13:22:54
10934,415063514,RESINA,NA,2026-09-19 13:22:54
10935,415063515,ATELLA DI NAPOLI,NA,2026-09-19 13:22:54
10936,415064061,MONTORO INFERIORE,AV,2026-09-19 13:22:54
10937,415064062,MONTORO SUPERIORE,AV,2026-09-19 13:22:54
10938,415064501,BELLIZZI IRPINO,AV,2026-09-19 13:22:54
10939,415064502,CHIANCHETELLE,AV,2026-09-19 13:22:54
10940,415064503,MIGLIANO,AV,2026-09-19 13:22:54
10941,415064504,QUAGLIETTA,AV,2026-09-19 13:22:54
10942,415064505,SAN BARBATO,AV,2026-09-19 13:22:54
10943,415064506,SAN PIETRO IRPINO,AV,2026-09-19 13:22:54
10944,415064507,SANT'AGATA IRPINA,AV,2026-09-19 13:22:54
10945,415064508,TAVERNOLA SAN FELICE,AV,2026-09-19 13:22:54
10946,415065501,CAPITELLO,SA,2026-09-19 13:22:54
10947,415065502,CASTEL RUGGERO,SA,2026-09-19 13:22:54
10948,415065503,FOGNA,SA,2026-09-19 13:22:54
10949,415065504,GALDO,SA,2026-09-19 13:22:54
10950,415065505,LICUSATI,SA,2026-09-19 13:22:54
10951,415065506,PIAGGINE SOPRANE,SA,2026-09-19 13:22:54
10952,415065925,CAPACCIO PAESTUM,SA,2026-09-19 13:22:54
10953,416071030,MARGHERITA DI SAVOIA,FG,2026-09-19 13:22:54
10954,416071045,SAN FERDINANDO DI PUGLIA,FG,2026-09-19 13:22:54
10955,416071057,TRINITAPOLI,FG,2026-09-19 13:22:54
10956,416072005,ANDRIA,BA,2026-09-19 13:22:54
10957,416072007,BARLETTA,BA,2026-09-19 13:22:54
10958,416072009,BISCEGLIE,BA,2026-09-19 13:22:54
10959,416072013,CANOSA DI PUGLIA,BA,2026-09-19 13:22:54
10960,416072026,MINERVINO MURGE,BA,2026-09-19 13:22:54
10961,416072042,SPINAZZOLA,BA,2026-09-19 13:22:54
10962,416072045,TRANI,BA,2026-09-19 13:22:54
10963,416072501,CANNETO DI BARI,BA,2026-09-19 13:22:54
10964,416072502,CARBONARA DI BARI,BA,2026-09-19 13:22:54
10965,416072503,CEGLIE DEL CAMPO,BA,2026-09-19 13:22:54
10966,416072504,LOSETO,BA,2026-09-19 13:22:54
10967,416072505,MONTRONE,BA,2026-09-19 13:22:54
10968,416075098,PRESICCE-ACQUARICA,LE,2026-09-19 13:22:54
10969,417076501,CASTELLUCCIO,PZ,2026-09-19 13:22:54
10970,418078028,CASOLE BRUZIO,CS,2026-09-19 13:22:54
10971,418078095,PEDACE,CS,2026-09-19 13:22:54
10972,418078141,SERRA PEDACE,CS,2026-09-19 13:22:54
10973,418078144,SPEZZANO PICCOLO,CS,2026-09-19 13:22:54
10974,418078151,TRENTA,CS,2026-09-19 13:22:54
10975,418078157,CORIGLIANO-ROSSANO,CS,2026-09-19 13:22:54
10976,418078501,AIELLO IN CALABRIA,CS,2026-09-19 13:22:54
10977,418078502,GRISOLIA CIPOLLINA,CS,2026-09-19 13:22:54
10978,418078503,GUARDIA PIEMONTESE TERME,CS,2026-09-19 13:22:54
10979,418078504,LAINO BRUZIO,CS,2026-09-19 13:22:54
10980,418078505,SPEZZANO GRANDE,CS,2026-09-19 13:22:54
10981,418078506,TERRATI,CS,2026-09-19 13:22:54
10982,418079501,CASTAGNA,CZ,2026-09-19 13:22:54
10983,418079502,NICASTRO,CZ,2026-09-19 13:22:54
10984,418079503,PISCOPIO,CZ,2026-09-19 13:22:54
10985,418079504,SAMBIASE,CZ,2026-09-19 13:22:54
10986,418079505,SANT'EUFEMIA LAMEZIA,CZ,2026-09-19 13:22:54
10987,418079506,ACQUARO,CZ,2026-09-19 13:22:54
10988,418079507,ARENA,CZ,2026-09-19 13:22:54
10989,418079508,BELVEDERE DI SPINELLO,CZ,2026-09-19 13:22:54
10990,418079509,BRIATICO,CZ,2026-09-19 13:22:54
10991,418079510,BROGNATURO,CZ,2026-09-19 13:22:54
10992,418079511,CACCURI,CZ,2026-09-19 13:22:54
10993,418079512,CAPISTRANO,CZ,2026-09-19 13:22:54
10994,418079513,CARFIZZI,CZ,2026-09-19 13:22:54
10995,418079514,CASABONA,CZ,2026-09-19 13:22:54
10996,418079515,CASTELSILANO,CZ,2026-09-19 13:22:54
10997,418079516,CERENZIA,CZ,2026-09-19 13:22:54
10998,418079517,CESSANITI,CZ,2026-09-19 13:22:54
10999,418079518,CIRO',CZ,2026-09-19 13:22:54
11000,418079519,CIRO' MARINA,CZ,2026-09-19 13:22:54
11001,418079520,COTRONEI,CZ,2026-09-19 13:22:54
11002,418079521,CROTONE,CZ,2026-09-19 13:22:54
11003,418079522,CRUCOLI,CZ,2026-09-19 13:22:54
11004,418079523,CUTRO,CZ,2026-09-19 13:22:54
11005,418079524,DASA',CZ,2026-09-19 13:22:54
11006,418079525,DINAMI,CZ,2026-09-19 13:22:54
11007,418079526,DRAPIA,CZ,2026-09-19 13:22:54
11008,418079527,FABRIZIA,CZ,2026-09-19 13:22:54
11009,418079528,FILADELFIA,CZ,2026-09-19 13:22:54
11010,418079529,FILANDARI,CZ,2026-09-19 13:22:54
11011,418079530,FILOGASO,CZ,2026-09-19 13:22:54
11012,418079531,FRANCAVILLA ANGITOLA,CZ,2026-09-19 13:22:54
11013,418079532,FRANCICA,CZ,2026-09-19 13:22:54
11014,418079533,GEROCARNE,CZ,2026-09-19 13:22:54
11015,418079534,IONADI,CZ,2026-09-19 13:22:54
11016,418079535,ISOLA DI CAPO RIZZUTO,CZ,2026-09-19 13:22:54
11017,418079536,JOPPOLO,CZ,2026-09-19 13:22:54
11018,418079537,LIMBADI,CZ,2026-09-19 13:22:54
11019,418079538,MAIERATO,CZ,2026-09-19 13:22:54
11020,418079539,MELISSA,CZ,2026-09-19 13:22:54
11021,418079540,MESORACA,CZ,2026-09-19 13:22:54
11022,418079541,MILETO,CZ,2026-09-19 13:22:54
11023,418079542,MONGIANA,CZ,2026-09-19 13:22:54
11024,418079543,MONTEROSSO CALABRO,CZ,2026-09-19 13:22:54
11025,418079544,NARDODIPACE,CZ,2026-09-19 13:22:54
11026,418079545,NICOTERA,CZ,2026-09-19 13:22:54
11027,418079546,PALLAGORIO,CZ,2026-09-19 13:22:54
11028,418079547,PARGHELIA,CZ,2026-09-19 13:22:54
11029,418079548,PETILIA POLICASTRO,CZ,2026-09-19 13:22:54
11030,418079549,PIZZO,CZ,2026-09-19 13:22:54
11031,418079550,PIZZONI,CZ,2026-09-19 13:22:54
11032,418079551,POLIA,CZ,2026-09-19 13:22:54
11033,418079552,RICADI,CZ,2026-09-19 13:22:54
11034,418079553,ROCCA DI NETO,CZ,2026-09-19 13:22:54
11035,418079554,ROCCABERNARDA,CZ,2026-09-19 13:22:54
11036,418079555,ROMBIOLO,CZ,2026-09-19 13:22:54
11037,418079556,SAN CALOGERO,CZ,2026-09-19 13:22:54
11038,418079557,SAN COSTANTINO CALABRO,CZ,2026-09-19 13:22:54
11039,418079558,SAN GREGORIO D'IPPONA,CZ,2026-09-19 13:22:54
11040,418079559,SAN MAURO MARCHESATO,CZ,2026-09-19 13:22:54
11041,418079560,SAN NICOLA DA CRISSA,CZ,2026-09-19 13:22:54
11042,418079561,SAN NICOLA DELL'ALTO,CZ,2026-09-19 13:22:54
11043,418079562,SANT'ONOFRIO,CZ,2026-09-19 13:22:54
11044,418079563,SANTA SEVERINA,CZ,2026-09-19 13:22:54
11045,418079564,SAVELLI,CZ,2026-09-19 13:22:54
11046,418079565,SCANDALE,CZ,2026-09-19 13:22:54
11047,418079566,SERRA SAN BRUNO,CZ,2026-09-19 13:22:54
11048,418079567,SIMBARIO,CZ,2026-09-19 13:22:54
11049,418079568,SORIANELLO,CZ,2026-09-19 13:22:54
11050,418079569,SORIANO CALABRO,CZ,2026-09-19 13:22:54
11051,418079570,SPADOLA,CZ,2026-09-19 13:22:54
11052,418079571,SPILINGA,CZ,2026-09-19 13:22:54
11053,418079572,STEFANACONI,CZ,2026-09-19 13:22:54
11054,418079573,STRONGOLI,CZ,2026-09-19 13:22:54
11055,418079574,TROPEA,CZ,2026-09-19 13:22:54
11056,418079575,UMBRIATICO,CZ,2026-09-19 13:22:54
11057,418079576,VALLELONGA,CZ,2026-09-19 13:22:54
11058,418079577,VAZZANO,CZ,2026-09-19 13:22:54
11059,418079578,VERZINO,CZ,2026-09-19 13:22:54
11060,418079579,VIBO VALENTIA,CZ,2026-09-19 13:22:54
11061,418079580,ZACCANOPOLI,CZ,2026-09-19 13:22:54
11062,418079581,ZAMBRONE,CZ,2026-09-19 13:22:54
11063,418079582,ZUNGRI,CZ,2026-09-19 13:22:54
11064,418080501,CANNITELLO,RC,2026-09-19 13:22:54
11065,418080502,CARIDA',RC,2026-09-19 13:22:54
11066,418080503,CATAFORIO,RC,2026-09-19 13:22:54
11067,418080504,CATONA,RC,2026-09-19 13:22:54
11068,418080505,GALLICO,RC,2026-09-19 13:22:54
11069,418080506,GALLINA,RC,2026-09-19 13:22:54
11070,418080507,IATRINOLI,RC,2026-09-19 13:22:54
11071,418080508,ORTI,RC,2026-09-19 13:22:54
11072,418080509,PARACORIO,RC,2026-09-19 13:22:54
11073,418080510,PEDAVOLI,RC,2026-09-19 13:22:54
11074,418080511,PELLARO,RC,2026-09-19 13:22:54
11075,418080512,PODARGONI,RC,2026-09-19 13:22:54
11076,418080513,RADICENA,RC,2026-09-19 13:22:54
11077,418080514,ROSALI,RC,2026-09-19 13:22:54
11078,418080515,SALICE CALABRO,RC,2026-09-19 13:22:54
11079,418080516,SAMBATELLO,RC,2026-09-19 13:22:54
11080,418080517,SAMO DI CALABRIA,RC,2026-09-19 13:22:54
11081,418080518,VILLA SAN GIUSEPPE,RC,2026-09-19 13:22:54
11082,418080519,SAN PIER FEDELE,RC,2026-09-19 13:22:54
11083,418080520,TRESILICO,RC,2026-09-19 13:22:54
11084,419081003,CALATAFIMI,TP,2026-09-19 13:22:54
11085,419081025,MISILISCEMI,TP,2026-09-19 13:22:54
11086,419081501,XITTA,TP,2026-09-19 13:22:54
11087,419083501,BAUSO,ME,2026-09-19 13:22:54
11088,419083502,CALVARUSO,ME,2026-09-19 13:22:54
11089,419083503,GUIDOMANDRI,ME,2026-09-19 13:22:54
11090,419083504,LANZA,ME,2026-09-19 13:22:54
11091,419083505,LETOIANNI GALLODORO,ME,2026-09-19 13:22:54
11092,419083506,LOCADI,ME,2026-09-19 13:22:54
11093,419083507,SALINA,ME,2026-09-19 13:22:54
11094,419083508,SANTO STEFANO DI BRIGA,ME,2026-09-19 13:22:54
11095,419083509,SPADAFORA SAN MARTINO,ME,2026-09-19 13:22:54
11096,419083510,SPADAFORA SAN PIETRO,ME,2026-09-19 13:22:54
11097,419086501,CARCACI,EN,2026-09-19 13:22:54
11098,419087501,IONIA,CT,2026-09-19 13:22:54
11099,419087502,SAN GIOVANNI DI GALERNO,CT,2026-09-19 13:22:54
11100,419088501,RAGUSA IBLA,RG,2026-09-19 13:22:54
11101,420090501,BANTINE,SS,2026-09-19 13:22:54
11102,420090502,GAROFAI,SS,2026-09-19 13:22:54
11103,420090503,NUCHIS,SS,2026-09-19 13:22:54
11104,420090504,REBECCU,SS,2026-09-19 13:22:54
11105,420091034,ISILI,NU,2026-09-19 13:22:54
11106,420091054,NURRI,NU,2026-09-19 13:22:54
11107,420091065,ORROLI,NU,2026-09-19 13:22:54
11108,420091080,SERRI,NU,2026-09-19 13:22:54
11109,420091501,IRGOLI DI GALTELLI,NU,2026-09-19 13:22:54
11110,420091502,MULARGIA,NU,2026-09-19 13:22:54
11111,420091503,CUGLIERI,NU,2026-09-19 13:22:54
11112,420091504,SCANO DI MONTIFERRO,NU,2026-09-19 13:22:54
11113,420091505,SENNARIOLO,NU,2026-09-19 13:22:54
11114,420091506,TRESNURAGHES,NU,2026-09-19 13:22:54
11115,420092501,ARIXI,CA,2026-09-19 13:22:54
11116,420092502,DONIGALA SIURGUS,CA,2026-09-19 13:22:54
11117,420092503,PIRRI,CA,2026-09-19 13:22:54
11118,420092504,SAN PANTALEO,CA,2026-09-19 13:22:54
11119,420092505,SERBARIU,CA,2026-09-19 13:22:54
11120,420092506,SEUNI,CA,2026-09-19 13:22:54
11121,420092507,SIAMANNA SIAPICCIA,CA,2026-09-19 13:22:54
11122,420092508,SICCI SAN BIAGIO,CA,2026-09-19 13:22:54
11123,420092509,SISINI,CA,2026-09-19 13:22:54
11124,420092510,SIURGUS,CA,2026-09-19 13:22:54
11125,420092511,VILLAGRECA,CA,2026-09-19 13:22:54
11126,420092512,ABBASANTA,CA,2026-09-19 13:22:54
11127,420092513,AIDOMAGGIORE,CA,2026-09-19 13:22:54
11128,420092514,ALBAGIARA,CA,2026-09-19 13:22:54
11129,420092515,ALES,CA,2026-09-19 13:22:54
11130,420092516,ALLAI,CA,2026-09-19 13:22:54
11131,420092517,ARBOREA,CA,2026-09-19 13:22:54
11132,420092518,ARDAULI,CA,2026-09-19 13:22:54
11133,420092519,ASSOLO,CA,2026-09-19 13:22:54
11134,420092520,ASUNI,CA,2026-09-19 13:22:54
11135,420092521,BARADILI,CA,2026-09-19 13:22:54
11136,420092522,BARATILI SAN PIETRO,CA,2026-09-19 13:22:54
11137,420092523,BARESSA,CA,2026-09-19 13:22:54
11138,420092524,BAULADU,CA,2026-09-19 13:22:54
11139,420092525,BIDONI',CA,2026-09-19 13:22:54
11140,420092526,BONARCADO,CA,2026-09-19 13:22:54
11141,420092527,BORONEDDU,CA,2026-09-19 13:22:54
11142,420092528,BUSACHI,CA,2026-09-19 13:22:54
11143,420092529,CABRAS,CA,2026-09-19 13:22:54
11144,420092530,CURCURIS,CA,2026-09-19 13:22:54
11145,420092531,DOMUSNOVAS CANALES,CA,2026-09-19 13:22:54
11146,420092532,DONIGALA FENUGHEDU,CA,2026-09-19 13:22:54
11147,420092533,ESCOVEDU,CA,2026-09-19 13:22:54
11148,420092534,FIGU,CA,2026-09-19 13:22:54
11149,420092535,FORDONGIANUS,CA,2026-09-19 13:22:54
11150,420092536,GHILARZA,CA,2026-09-19 13:22:54
11151,420092537,GHILARZA-ABBASANTA,CA,2026-09-19 13:22:54
11152,420092538,GONNOSCODINA,CA,2026-09-19 13:22:54
11153,420092539,GONNOSNO',CA,2026-09-19 13:22:54
11154,420092540,GONNOSTRAMATZA,CA,2026-09-19 13:22:54
11155,420092541,MARRUBIU,CA,2026-09-19 13:22:54
11156,420092542,MASSAMA,CA,2026-09-19 13:22:54
11157,420092543,MASULLAS,CA,2026-09-19 13:22:54
11158,420092544,MILIS,CA,2026-09-19 13:22:54
11159,420092545,MOGORELLA,CA,2026-09-19 13:22:54
11160,420092546,MOGORO,CA,2026-09-19 13:22:54
11161,420092547,MORGONGIORI,CA,2026-09-19 13:22:54
11162,420092548,NARBOLIA,CA,2026-09-19 13:22:54
11163,420092549,NEONELI,CA,2026-09-19 13:22:54
11164,420092550,NORBELLO,CA,2026-09-19 13:22:54
11165,420092551,NUGHEDU SANTA VITTORIA,CA,2026-09-19 13:22:54
11166,420092552,NURACHI,CA,2026-09-19 13:22:54
11167,420092553,NURAXINIEDDU,CA,2026-09-19 13:22:54
11168,420092554,NURECI,CA,2026-09-19 13:22:54
11169,420092555,ORISTANO,CA,2026-09-19 13:22:54
11170,420092556,PALMAS ARBOREA,CA,2026-09-19 13:22:54
11171,420092557,PAU,CA,2026-09-19 13:22:54
11172,420092558,PAULILATINO,CA,2026-09-19 13:22:54
11173,420092559,POMPU,CA,2026-09-19 13:22:54
11174,420092560,RIOLA SARDO,CA,2026-09-19 13:22:54
11175,420092561,RUINAS,CA,2026-09-19 13:22:54
11176,420092562,SAMUGHEO,CA,2026-09-19 13:22:54
11177,420092563,SAN NICOLO' D'ARCIDANO,CA,2026-09-19 13:22:54
11178,420092564,SAN VERO CONGIUS,CA,2026-09-19 13:22:54
11179,420092565,SAN VERO MILIS,CA,2026-09-19 13:22:54
11180,420092566,SANTA GIUSTA,CA,2026-09-19 13:22:54
11181,420092567,SANTU LUSSURGIU,CA,2026-09-19 13:22:54
11182,420092568,SEDILO,CA,2026-09-19 13:22:54
11183,420092569,SENEGHE,CA,2026-09-19 13:22:54
11184,420092570,SENIS,CA,2026-09-19 13:22:54
11185,420092571,SIAMAGGIORE,CA,2026-09-19 13:22:54
11186,420092572,SIAMANNA,CA,2026-09-19 13:22:54
11187,420092573,SIAPICCIA,CA,2026-09-19 13:22:54
11188,420092574,SILI,CA,2026-09-19 13:22:54
11189,420092575,SIMALA,CA,2026-09-19 13:22:54
11190,420092576,SIMAXIS,CA,2026-09-19 13:22:54
11191,420092577,SINI,CA,2026-09-19 13:22:54
11192,420092578,SIRIS,CA,2026-09-19 13:22:54
11193,420092579,SOLANAS,CA,2026-09-19 13:22:54
11194,420092580,SOLARUSSA,CA,2026-09-19 13:22:54
11195,420092581,SORRADILE,CA,2026-09-19 13:22:54
11196,420092582,TADASUNI,CA,2026-09-19 13:22:54
11197,420092583,TERRALBA,CA,2026-09-19 13:22:54
11198,420092584,TRAMATZA,CA,2026-09-19 13:22:54
11199,420092585,ULA' TIRSO,CA,2026-09-19 13:22:54
11200,420092586,URAS,CA,2026-09-19 13:22:54
11201,420092587,USELLUS,CA,2026-09-19 13:22:54
11202,420092588,VILLA VERDE,CA,2026-09-19 13:22:54
11203,420092589,VILLANOVA TRUSCHEDU,CA,2026-09-19 13:22:54
11204,420092590,ZEDDIANI,CA,2026-09-19 13:22:54
11205,420092591,ZEPPARA,CA,2026-09-19 13:22:54
11206,420092592,ZERFALIU,CA,2026-09-19 13:22:54
11207,420092593,ZURI,CA,2026-09-19 13:22:54
11208,420095501,DOMUSNOVAS CANALES,OR,2026-09-19 13:22:54
11209,420095502,DONIGALA FENUGHEDU,OR,2026-09-19 13:22:54
11210,420095503,ESCOVEDU,OR,2026-09-19 13:22:54
11211,420095504,FIGU,OR,2026-09-19 13:22:54
11212,420095505,GHILARZA-ABBASANTA,OR,2026-09-19 13:22:54
11213,420095506,MASSAMA,OR,2026-09-19 13:22:54
11214,420095507,NURAXINIEDDU,OR,2026-09-19 13:22:54
11215,420095508,SAN VERO CONGIUS,OR,2026-09-19 13:22:54
11216,420095509,SILI,OR,2026-09-19 13:22:54
11217,420095510,SOLANAS,OR,2026-09-19 13:22:54
11218,420095511,ZEPPARA,OR,2026-09-19 13:22:54
11219,420095512,ZURI,OR,2026-09-19 13:22:54
11220,420095972,VILLAURBANA,CA,2026-09-19 13:22:54
11221,450500501,ABBAZIA,FU,2026-09-19 13:22:54
11222,450500502,APRIANO,FU,2026-09-19 13:22:54
11223,450500503,BERDO SAN GIOVANNI,FU,2026-09-19 13:22:54
11224,450500504,BESERZIO DEL CARNARO,FU,2026-09-19 13:22:54
11225,450500505,BISTERZA,FU,2026-09-19 13:22:54
11226,450500506,CASTEL IABLANIZZA,FU,2026-09-19 13:22:54
11227,450500507,CASTELNUOVO D'ISTRIA,FU,2026-09-19 13:22:54
11228,450500508,CEGLIE,FU,2026-09-19 13:22:54
11229,450500509,CLANA,FU,2026-09-19 13:22:54
11230,450500510,ELSANE,FU,2026-09-19 13:22:54
11231,450500511,FIUME,FU,2026-09-19 13:22:54
11232,450500512,FONTANA DEL CONTE,FU,2026-09-19 13:22:54
11233,450500513,LAURANA,FU,2026-09-19 13:22:54
11234,450500514,MATTERIA,FU,2026-09-19 13:22:54
11235,450500515,MATTUGLIE,FU,2026-09-19 13:22:54
11236,450500516,MOSCHIENA,FU,2026-09-19 13:22:54
11237,450500517,PRIMANO,FU,2026-09-19 13:22:54
11238,450500518,RATECEVO IN MONTE,FU,2026-09-19 13:22:54
11239,450500519,SAGORIA,FU,2026-09-19 13:22:54
11240,450500520,SAN ROCCO LIGANI,FU,2026-09-19 13:22:54
11241,450500521,SMERIA,FU,2026-09-19 13:22:54
11242,450500522,TERRANOVA DI BISTERZA,FU,2026-09-19 13:22:54
11243,450500523,VILLA DEL NEVOSO,FU,2026-09-19 13:22:54
11244,450500524,VOLOSCA,FU,2026-09-19 13:22:54
11245,450500525,VAL SANTAMARINA,FU,2026-09-19 13:22:54
11246,450501501,ALBONA,PL,2026-09-19 13:22:54
11247,450501502,ANTIGNANA,PL,2026-09-19 13:22:54
11248,450501503,ARSIA,PL,2026-09-19 13:22:54
11249,450501504,BARBANA D'ISTRIA,PL,2026-09-19 13:22:54
11250,450501505,BOGLIUNO,PL,2026-09-19 13:22:54
11251,450501506,BRIONI MAGGIORE,PL,2026-09-19 13:22:54
11252,450501507,BUIE D'ISTRIA,PL,2026-09-19 13:22:54
11253,450501508,CANFANARO,PL,2026-09-19 13:22:54
11254,450501509,CAPODISTRIA,PL,2026-09-19 13:22:54
11255,450501510,CHERSO,PL,2026-09-19 13:22:54
11256,450501511,CITTANOVA D'ISTRIA,PL,2026-09-19 13:22:54
11257,450501512,DIGNANO D'ISTRIA,PL,2026-09-19 13:22:54
11258,450501513,DRAGUCCIO,PL,2026-09-19 13:22:54
11259,450501514,ERPELLE-COSINA,PL,2026-09-19 13:22:54
11260,450501515,FASANA,PL,2026-09-19 13:22:54
11261,450501516,FIANONA,PL,2026-09-19 13:22:54
11262,450501517,GIMINO,PL,2026-09-19 13:22:54
11263,450501518,GRISIGNANA,PL,2026-09-19 13:22:54
11264,450501519,ISOLA D'ISTRIA,PL,2026-09-19 13:22:54
11265,450501520,LANISCHIE,PL,2026-09-19 13:22:54
11266,450501521,LUSSINGRANDE,PL,2026-09-19 13:22:54
11267,450501522,LUSSINPICCOLO,PL,2026-09-19 13:22:54
11268,450501523,MARESEGO,PL,2026-09-19 13:22:54
11269,450501524,MONTE DI CAPODISTRIA,PL,2026-09-19 13:22:54
11270,450501525,MONTONA,PL,2026-09-19 13:22:54
11271,450501526,NERESINE,PL,2026-09-19 13:22:54
11272,450501527,ORSERA,PL,2026-09-19 13:22:54
11273,450501528,OSSERO,PL,2026-09-19 13:22:54
11274,450501529,PARENZO,PL,2026-09-19 13:22:54
11275,450501530,PAUGNANO,PL,2026-09-19 13:22:54
11276,450501531,PINGUENTE,PL,2026-09-19 13:22:54
11277,450501532,PIRANO,PL,2026-09-19 13:22:54
11278,450501533,PISINO,PL,2026-09-19 13:22:54
11279,450501534,POLA,PL,2026-09-19 13:22:54
11280,450501535,PORTOLE,PL,2026-09-19 13:22:54
11281,450501536,ROVIGNO D'ISTRIA,PL,2026-09-19 13:22:54
11282,450501537,ROZZO,PL,2026-09-19 13:22:54
11283,450501538,SAN MARTINO IN VALLE,PL,2026-09-19 13:22:54
11284,450501539,SANVINCENTI,PL,2026-09-19 13:22:54
11285,450501540,SILUM MONT'AQUILA,PL,2026-09-19 13:22:54
11286,450501541,UMAGO,PL,2026-09-19 13:22:54
11287,450501542,VALDARSA,PL,2026-09-19 13:22:54
11288,450501543,VALLE D'ISTRIA,PL,2026-09-19 13:22:54
11289,450501544,VERTENEGLIO,PL,2026-09-19 13:22:54
11290,450501545,VILLA DECANI,PL,2026-09-19 13:22:54
11291,450501546,VISIGNANO,PL,2026-09-19 13:22:54
11292,450501547,VISINADA,PL,2026-09-19 13:22:54
11293,450502501,LAGOSTA,ZA,2026-09-19 13:22:54
11294,450502502,ZARA,ZA,2026-09-19 13:22:54
